PATH,CLOSEST_HYDROPHONE,DISTANCE,ALL_VALID,PREDICTED,IS_NEARBY,H0 TOA,H0 VALID,H0 REASON,H0 IS_NEARBY,H0 PING_WIDTH,H1 TOA,H1 VALID,H1 REASON,H1 IS_NEARBY,H1 PING_WIDTH,H2 TOA,H2 VALID,H2 REASON,H2 IS_NEARBY,H2 PING_WIDTH,H3 TOA,H3 VALID,H3 REASON,H3 IS_NEARBY,H3 PING_WIDTH,H0 FILTERED_crest_factor,H0 FILTERED_dynamic_range,H0 FILTERED_early_late_ratio,H0 FILTERED_early_window_energy,H0 FILTERED_energy_concentration_pct,H0 FILTERED_envelope_compactness,H0 FILTERED_envelope_kurtosis,H0 FILTERED_envelope_skewness,H0 FILTERED_fall_time_ms,H0 FILTERED_fwhm_ms,H0 FILTERED_late_window_energy,H0 FILTERED_noise_std,H0 FILTERED_peak_amplitude,H0 FILTERED_peak_floor_ratio,H0 FILTERED_peak_frequency_hz,H0 FILTERED_peak_snr_db,H0 FILTERED_pulse_width_ms,H0 FILTERED_rise_time_ms,H0 FILTERED_secondary_peak_amplitude_ratio,H0 FILTERED_secondary_peak_count,H0 FILTERED_snr_db,H0 FILTERED_spectral_bandwidth_hz,H0 FILTERED_spectral_centroid_hz,H0 FILTERED_spectral_flatness,H0 FILTERED_time_to_secondary_peak_ms,H0 FILTERED_total_energy,H0 RAW_crest_factor,H0 RAW_dynamic_range,H0 RAW_early_late_ratio,H0 RAW_early_window_energy,H0 RAW_energy_concentration_pct,H0 RAW_envelope_compactness,H0 RAW_envelope_kurtosis,H0 RAW_envelope_skewness,H0 RAW_fall_time_ms,H0 RAW_fwhm_ms,H0 RAW_late_window_energy,H0 RAW_noise_std,H0 RAW_peak_amplitude,H0 RAW_peak_floor_ratio,H0 RAW_peak_frequency_hz,H0 RAW_peak_snr_db,H0 RAW_pulse_width_ms,H0 RAW_rise_time_ms,H0 RAW_secondary_peak_amplitude_ratio,H0 RAW_secondary_peak_count,H0 RAW_snr_db,H0 RAW_spectral_bandwidth_hz,H0 RAW_spectral_centroid_hz,H0 RAW_spectral_flatness,H0 RAW_time_to_secondary_peak_ms,H0 RAW_total_energy,H1 FILTERED_crest_factor,H1 FILTERED_dynamic_range,H1 FILTERED_early_late_ratio,H1 FILTERED_early_window_energy,H1 FILTERED_energy_concentration_pct,H1 FILTERED_envelope_compactness,H1 FILTERED_envelope_kurtosis,H1 FILTERED_envelope_skewness,H1 FILTERED_fall_time_ms,H1 FILTERED_fwhm_ms,H1 FILTERED_late_window_energy,H1 FILTERED_noise_std,H1 FILTERED_peak_amplitude,H1 FILTERED_peak_floor_ratio,H1 FILTERED_peak_frequency_hz,H1 FILTERED_peak_snr_db,H1 FILTERED_pulse_width_ms,H1 FILTERED_rise_time_ms,H1 FILTERED_secondary_peak_amplitude_ratio,H1 FILTERED_secondary_peak_count,H1 FILTERED_snr_db,H1 FILTERED_spectral_bandwidth_hz,H1 FILTERED_spectral_centroid_hz,H1 FILTERED_spectral_flatness,H1 FILTERED_time_to_secondary_peak_ms,H1 FILTERED_total_energy,H1 RAW_crest_factor,H1 RAW_dynamic_range,H1 RAW_early_late_ratio,H1 RAW_early_window_energy,H1 RAW_energy_concentration_pct,H1 RAW_envelope_compactness,H1 RAW_envelope_kurtosis,H1 RAW_envelope_skewness,H1 RAW_fall_time_ms,H1 RAW_fwhm_ms,H1 RAW_late_window_energy,H1 RAW_noise_std,H1 RAW_peak_amplitude,H1 RAW_peak_floor_ratio,H1 RAW_peak_frequency_hz,H1 RAW_peak_snr_db,H1 RAW_pulse_width_ms,H1 RAW_rise_time_ms,H1 RAW_secondary_peak_amplitude_ratio,H1 RAW_secondary_peak_count,H1 RAW_snr_db,H1 RAW_spectral_bandwidth_hz,H1 RAW_spectral_centroid_hz,H1 RAW_spectral_flatness,H1 RAW_time_to_secondary_peak_ms,H1 RAW_total_energy,H2 FILTERED_crest_factor,H2 FILTERED_dynamic_range,H2 FILTERED_early_late_ratio,H2 FILTERED_early_window_energy,H2 FILTERED_energy_concentration_pct,H2 FILTERED_envelope_compactness,H2 FILTERED_envelope_kurtosis,H2 FILTERED_envelope_skewness,H2 FILTERED_fall_time_ms,H2 FILTERED_fwhm_ms,H2 FILTERED_late_window_energy,H2 FILTERED_noise_std,H2 FILTERED_peak_amplitude,H2 FILTERED_peak_floor_ratio,H2 FILTERED_peak_frequency_hz,H2 FILTERED_peak_snr_db,H2 FILTERED_pulse_width_ms,H2 FILTERED_rise_time_ms,H2 FILTERED_secondary_peak_amplitude_ratio,H2 FILTERED_secondary_peak_count,H2 FILTERED_snr_db,H2 FILTERED_spectral_bandwidth_hz,H2 FILTERED_spectral_centroid_hz,H2 FILTERED_spectral_flatness,H2 FILTERED_time_to_secondary_peak_ms,H2 FILTERED_total_energy,H2 RAW_crest_factor,H2 RAW_dynamic_range,H2 RAW_early_late_ratio,H2 RAW_early_window_energy,H2 RAW_energy_concentration_pct,H2 RAW_envelope_compactness,H2 RAW_envelope_kurtosis,H2 RAW_envelope_skewness,H2 RAW_fall_time_ms,H2 RAW_fwhm_ms,H2 RAW_late_window_energy,H2 RAW_noise_std,H2 RAW_peak_amplitude,H2 RAW_peak_floor_ratio,H2 RAW_peak_frequency_hz,H2 RAW_peak_snr_db,H2 RAW_pulse_width_ms,H2 RAW_rise_time_ms,H2 RAW_secondary_peak_amplitude_ratio,H2 RAW_secondary_peak_count,H2 RAW_snr_db,H2 RAW_spectral_bandwidth_hz,H2 RAW_spectral_centroid_hz,H2 RAW_spectral_flatness,H2 RAW_time_to_secondary_peak_ms,H2 RAW_total_energy,H3 FILTERED_crest_factor,H3 FILTERED_dynamic_range,H3 FILTERED_early_late_ratio,H3 FILTERED_early_window_energy,H3 FILTERED_energy_concentration_pct,H3 FILTERED_envelope_compactness,H3 FILTERED_envelope_kurtosis,H3 FILTERED_envelope_skewness,H3 FILTERED_fall_time_ms,H3 FILTERED_fwhm_ms,H3 FILTERED_late_window_energy,H3 FILTERED_noise_std,H3 FILTERED_peak_amplitude,H3 FILTERED_peak_floor_ratio,H3 FILTERED_peak_frequency_hz,H3 FILTERED_peak_snr_db,H3 FILTERED_pulse_width_ms,H3 FILTERED_rise_time_ms,H3 FILTERED_secondary_peak_amplitude_ratio,H3 FILTERED_secondary_peak_count,H3 FILTERED_snr_db,H3 FILTERED_spectral_bandwidth_hz,H3 FILTERED_spectral_centroid_hz,H3 FILTERED_spectral_flatness,H3 FILTERED_time_to_secondary_peak_ms,H3 FILTERED_total_energy,H3 RAW_crest_factor,H3 RAW_dynamic_range,H3 RAW_early_late_ratio,H3 RAW_early_window_energy,H3 RAW_energy_concentration_pct,H3 RAW_envelope_compactness,H3 RAW_envelope_kurtosis,H3 RAW_envelope_skewness,H3 RAW_fall_time_ms,H3 RAW_fwhm_ms,H3 RAW_late_window_energy,H3 RAW_noise_std,H3 RAW_peak_amplitude,H3 RAW_peak_floor_ratio,H3 RAW_peak_frequency_hz,H3 RAW_peak_snr_db,H3 RAW_pulse_width_ms,H3 RAW_rise_time_ms,H3 RAW_secondary_peak_amplitude_ratio,H3 RAW_secondary_peak_count,H3 RAW_snr_db,H3 RAW_spectral_bandwidth_hz,H3 RAW_spectral_centroid_hz,H3 RAW_spectral_flatness,H3 RAW_time_to_secondary_peak_ms,H3 RAW_total_energy
H0_5ft_32kHz_epoch_0,H0,5FT,False,0,False,0.04178392175,False,TOO_EARLY,False,,,,,,,,,,,,,,,,,12.578520977328365,5.687031387669296,1.5083344422570144,1875.138378874046,7.5013540002523555,0.7962717881689958,50.74951777350103,6.783673441420808,2.14912,3.91808,1243.184751564785,0.36820018510641483,2.0059494038767567,28565619.639698304,31941.252385777712,14.685305256216324,5.91744,3.76832,0.31993911892276594,16,-0.030297245890894012,197.1191606945904,31967.908903097577,0.00012379201361324794,10.078719999999999,24997.332199106408,12.509502,5.660462,4.494505,6674.151,26.416767,0.7963586613745135,51.23792,6.835034370422363,3.7964800000000003,3.9206400000000006,1484.958,0.25836337,2.005588,7788.133,31941.252385777712,17.76067,5.728,1.93152,0.42186038925607394,2899,8.716955,197.1191606945904,53589.620939829234,0.153194,10.3616,25264.828,,,,,,,,,,,,,,,,,,,,,,,,,,,,,,,,,,,,,,,,,,,,,,,,,,,,,,,,,,,,,,,,,,,,,,,,,,,,,,,,,,,,,,,,,,,,,,,,,,,,,,,,,,,,,,,,,,,,,,,,,,,,,,,,,,,,,,,,,,,,,,,,,,,,,,,,,,,,
H0_5ft_32kHz_epoch_1,H0,5FT,False,0,False,0.49435480175,False,TOO_LATE,False,,,,,,,,,,,,,,,,,16.13886858619843,22.27926647044099,2.332625761325113,2005.5643684172373,14.601906385487199,0.9011282579487664,82.75699025972673,8.462817858761573,1.0752,3.9257600000000004,859.7883130972914,0.11608779439398055,2.02353819118889,82586.21006994005,31959.07292863716,24.803280233806234,4.8576,3.7824,0.2760265515044688,14,11.149176997616546,194.93782592174102,33913.930277410196,0.02081009334191588,9.975040000000046,13734.948817440361,15.630651,21.529852,1.8559223,1604.1367,11.554934,0.9003664985764857,84.0238,8.557429313659668,0.9459200000000001,3.92832,864.334,0.11899658,1.9703298,4516.43,31959.07292863716,24.339361,4.8371200000000005,3.8912,0.3051512361446932,2443,10.0081215,194.93782592174102,56748.93281825672,0.17636856,9.87391999999998,13882.7,,,,,,,,,,,,,,,,,,,,,,,,,,,,,,,,,,,,,,,,,,,,,,,,,,,,,,,,,,,,,,,,,,,,,,,,,,,,,,,,,,,,,,,,,,,,,,,,,,,,,,,,,,,,,,,,,,,,,,,,,,,,,,,,,,,,,,,,,,,,,,,,,,,,,,,,,,,,
H0_5ft_32kHz_epoch_10,H0,5FT,True,0,False,0.40443992175000004,True,VALID,False,,,,,,,,,,,,,,,,,16.584427881199662,2655.3900523838183,0.9755001229445674,1707.1268601200322,15.035103313955627,0.9941611836475287,81.78631489304333,8.52273584810287,0.9804799999999999,3.90656,1750.0016862806092,0.11018041315958765,1.834170699813238,5970718.44934415,31976.00357218265,24.38893079501376,4.7385600000000005,3.75808,0.4680466857566286,15,11.010095738773046,47.12997315476605,31973.633229550564,0.00035167780077969413,9.991680000000002,11354.274223945351,16.105795,230.19098,1.4873815,2871.6797,24.975052,0.9848127798067847,82.46389,8.580239295959473,1.5104,3.92832,1930.6948,0.10112969,1.7924894,4610.1,31976.00357218265,24.926432,4.6745600000000005,3.16416,0.4990073814429178,2361,14.076785,47.12997315476605,60009.74225425583,0.19636932,10.545919999999986,11498.193,,,,,,,,,,,,,,,,,,,,,,,,,,,,,,,,,,,,,,,,,,,,,,,,,,,,,,,,,,,,,,,,,,,,,,,,,,,,,,,,,,,,,,,,,,,,,,,,,,,,,,,,,,,,,,,,,,,,,,,,,,,,,,,,,,,,,,,,,,,,,,,,,,,,,,,,,,,,
H0_5ft_32kHz_epoch_100,H0,5FT,False,0,False,0.04291288175,False,TOO_EARLY,False,,,,,,,,,,,,,,,,,11.424403837355763,5.197147779226891,0.8279364548803907,2079.039698486741,7.24056310134173,0.7962692946563762,38.41410128385258,5.917957607394938,1.01376,3.9052800000000003,2511.1102261912242,0.3693731216395643,2.009270156996725,18812119.050260376,31974.320358855693,14.674975299345306,4.77568,3.7619200000000004,0.4230905559944096,15,1.3338115909713963,38.713906519988086,31976.192196617783,0.0002068888540061533,8.657919999999999,28713.784679280983,11.24252,5.1181073,1.7866011,5744.8516,19.810987,0.7963312426146095,38.641552,5.948784351348877,2.10944,3.9232,3215.52,0.08977661,1.9870538,9847.236,31974.320358855693,26.87077,4.0678399999999995,1.9584,0.5729239651884694,2038,18.73124,38.713906519988086,51401.2231514285,0.14172027,9.730559999999944,28998.309,,,,,,,,,,,,,,,,,,,,,,,,,,,,,,,,,,,,,,,,,,,,,,,,,,,,,,,,,,,,,,,,,,,,,,,,,,,,,,,,,,,,,,,,,,,,,,,,,,,,,,,,,,,,,,,,,,,,,,,,,,,,,,,,,,,,,,,,,,,,,,,,,,,,,,,,,,,,
H0_5ft_32kHz_epoch_101,H0,5FT,False,0,False,0.46712920175,False,TOO_LATE,False,,,,,,,,,,,,,,,,,15.253601887907868,247.56794881482034,0.6283315163746102,1904.6071068804808,13.224558475867296,0.9892998548378222,70.90581268787268,8.030621623567647,0.96896,3.88992,3031.2137100328014,0.1121712362377265,1.9584356872534696,1522136.5967671017,31966.226610322363,24.80411836192172,4.7232,3.75424,0.6160271755258303,14,11.358813561904332,92.99786190761733,32097.735600572865,0.0015890827310623078,7.851520000000001,14402.04684607105,15.461506,188.9808,1.135925,4457.5044,30.592295,0.9822277060172665,71.41676,8.077895164489746,1.67296,3.90784,3924.1184,0.08873737,1.9967171,5216.68,31966.226610322363,27.00182,4.029439999999999,2.3564800000000004,0.6231852112730293,1849,17.784504,92.99786190761733,56406.75678922073,0.17355244,8.46079999999999,14570.676,,,,,,,,,,,,,,,,,,,,,,,,,,,,,,,,,,,,,,,,,,,,,,,,,,,,,,,,,,,,,,,,,,,,,,,,,,,,,,,,,,,,,,,,,,,,,,,,,,,,,,,,,,,,,,,,,,,,,,,,,,,,,,,,,,,,,,,,,,,,,,,,,,,,,,,,,,,,
H0_5ft_32kHz_epoch_102,H0,5FT,False,0,False,0.07110232175,False,TOO_EARLY,False,,,,,,,,,,,,,,,,,16.54078843425153,2894.3770354888875,2.6343701830961,4355.470643982735,36.29231003434224,0.9942899980046171,92.72610923434,9.147130915080155,2.3552,3.89888,1653.3252129598625,0.22372484192795633,1.938613548736179,10505106.264151627,31968.015030743663,18.729268813292002,4.85248,2.49728,0.45348309424630273,16,8.84137438690492,94.78628232891788,31966.288321786666,0.00021039936734290488,7.884800000000011,12001.084086026094,16.975182,275.40262,2.5825226,4002.213,32.92812,0.983631878213192,93.11935,9.19129467010498,1.5513599999999999,3.9142400000000004,1549.73,0.22865297,2.0021932,4438.727,31968.015030743663,18.835308,4.064,2.51264,0.4620198463717968,1994,9.057021,94.78628232891788,57195.92759466016,0.17977592,7.924479999999997,12154.392,,,,,,,,,,,,,,,,,,,,,,,,,,,,,,,,,,,,,,,,,,,,,,,,,,,,,,,,,,,,,,,,,,,,,,,,,,,,,,,,,,,,,,,,,,,,,,,,,,,,,,,,,,,,,,,,,,,,,,,,,,,,,,,,,,,,,,,,,,,,,,,,,,,,,,,,,,,,
H0_5ft_32kHz_epoch_103,H0,5FT,True,0,False,0.10318552175000001,True,VALID,False,,,,,,,,,,,,,,,,,16.05314273069549,3186.112928355588,2.067909239221958,3242.3171864850947,22.067145795627365,0.9943508732752014,80.44030890639043,8.526703858693313,1.8982400000000001,3.90144,1567.9204507567247,0.24286294048669502,2.0196415737291757,7241486.493991012,31991.152492125253,18.392092485517384,5.66272,3.7644800000000003,0.4124632565140106,17,6.1620594829477415,47.12997315476605,31979.902266788813,0.00027507000693083436,9.708800000000004,14692.961276068345,15.690084,263.9321,0.93384737,2990.8218,20.11846,0.9843006589800841,80.96126,8.574960708618164,0.9241600000000001,3.9206400000000006,3202.688,0.22207701,1.985559,4975.649,31991.152492125253,18.992884,4.04224,3.11808,0.6649927029631709,1786,8.068015,47.12997315476605,56919.90433063623,0.17656283,6.964479999999995,14866.058,,,,,,,,,,,,,,,,,,,,,,,,,,,,,,,,,,,,,,,,,,,,,,,,,,,,,,,,,,,,,,,,,,,,,,,,,,,,,,,,,,,,,,,,,,,,,,,,,,,,,,,,,,,,,,,,,,,,,,,,,,,,,,,,,,,,,,,,,,,,,,,,,,,,,,,,,,,,
H0_5ft_32kHz_epoch_104,H0,5FT,False,0,False,0.07781720175000001,False,TOO_EARLY,False,,,,,,,,,,,,,,,,,11.401370775357098,810.7245779845293,1.9274447168972417,3512.9673001328815,11.939074392372703,0.7962016580121434,37.25160546775943,5.844416980102658,2.25536,3.90272,1822.603403011105,0.2718015684600282,1.9726605481201631,42523804.782390274,31984.17349334831,17.16786796809182,6.02112,3.7657599999999998,0.5117558764894092,20,5.265043257391414,34.97275431678281,31956.29774303037,0.00010493907667561176,9.221119999999999,29424.117688529812,11.371364,253.92445,0.9608861,3824.1494,12.873711,0.7962740706410238,37.480225,5.875454902648926,1.3670399999999998,3.9232,3979.8154,0.22961129,1.9768407,10224.656,31984.17349334831,18.623652,4.05888,2.69184,0.6523871337184922,1921,8.81892,34.97275431678281,52791.37751823403,0.15030669,7.731200000000007,29705.105,,,,,,,,,,,,,,,,,,,,,,,,,,,,,,,,,,,,,,,,,,,,,,,,,,,,,,,,,,,,,,,,,,,,,,,,,,,,,,,,,,,,,,,,,,,,,,,,,,,,,,,,,,,,,,,,,,,,,,,,,,,,,,,,,,,,,,,,,,,,,,,,,,,,,,,,,,,,
H0_5ft_32kHz_epoch_105,H0,5FT,False,0,False,0.04026200175,False,TOO_EARLY,False,,,,,,,,,,,,,,,,,11.859573806502585,5.008961990113556,9857185956870.123,985.7185956870123,3.942407702190158,0.7992620878307053,45.59387527326494,6.587014380628996,3.12704,3.90016,0.0,0.11332047200005473,2.0062709607266807,12574737.239699205,31984.110814535365,24.93589912246511,6.88896,3.7619200000000004,0,0,11.622173278828814,110.88206612061913,31986.888762585277,0.00020494787326028337,0,25002.959362609916,11.730597,4.9666233,59512673000000.0,5951.2676,23.485355,0.7992358328042728,45.503902,6.590639591217041,2.0633600000000003,3.9168,0.0,0.08469455,1.997796,7635.9937,31984.110814535365,27.415493,4.04096,1.9776,0,0,20.173758,110.88206612061913,51152.60892564438,0.14294508,0,25340.334,,,,,,,,,,,,,,,,,,,,,,,,,,,,,,,,,,,,,,,,,,,,,,,,,,,,,,,,,,,,,,,,,,,,,,,,,,,,,,,,,,,,,,,,,,,,,,,,,,,,,,,,,,,,,,,,,,,,,,,,,,,,,,,,,,,,,,,,,,,,,,,,,,,,,,,,,,,,
H0_5ft_32kHz_epoch_106,H0,5FT,True,0,False,0.14337624175,True,VALID,False,,,,,,,,,,,,,,,,,15.528727748737204,2596.9306017855733,1.047264662802232,4320.212185747524,28.151355598229316,0.9940667190021125,76.01831799561216,8.308727472453029,2.1235199999999996,3.89504,4125.234374076516,0.17086879582501638,1.9403600473987035,17288972.265907,31988.942505300598,21.09175604617868,4.84992,2.7264,0.6524813331360586,16,11.1455196267645,49.27979017364851,31961.666851705744,0.0001601455883687458,7.614719999999991,15346.373536694735,16.095705,260.67734,1.2519379,5735.1504,36.94377,0.9841221894582474,76.62881,8.358924865722656,2.06592,3.90656,4581.0186,0.14372723,2.0228114,5306.2524,31988.942505300598,22.943918,4.029439999999999,1.96352,0.6426400524451911,1969,14.689097,49.27979017364851,57527.14404013106,0.17959742,8.486400000000005,15523.999,,,,,,,,,,,,,,,,,,,,,,,,,,,,,,,,,,,,,,,,,,,,,,,,,,,,,,,,,,,,,,,,,,,,,,,,,,,,,,,,,,,,,,,,,,,,,,,,,,,,,,,,,,,,,,,,,,,,,,,,,,,,,,,,,,,,,,,,,,,,,,,,,,,,,,,,,,,,
H0_5ft_32kHz_epoch_107,H0,5FT,True,0,False,0.18410200175,True,VALID,False,,,,,,,,,,,,,,,,,16.392765514748046,2824.8558714433234,1.0740111558018381,1862.6947690712698,13.683352186977714,0.9941710307103504,83.2250692635064,8.614234493670143,0.95488,3.90656,1734.3346565897693,0.18235168896040635,2.046216673068449,11345226.913620489,31971.591871586264,20.95176763830581,4.73216,3.77728,0.3466288752042459,13,7.040392436585923,44.71051053250994,31987.97595208834,0.00020178658626392783,9.7536,13612.85409904132,15.920029,267.30518,0.62481153,1396.456,10.132895,0.9877414903254519,83.94272,8.67399787902832,0.36608,3.92704,2235.0037,0.1823797,1.9994735,5159.9688,31971.591871586264,20.782795,4.06656,3.7004799999999998,0.5013619968855526,2011,6.4560213,44.71051053250994,56315.246429391394,0.17299238,6.744319999999998,13781.412,,,,,,,,,,,,,,,,,,,,,,,,,,,,,,,,,,,,,,,,,,,,,,,,,,,,,,,,,,,,,,,,,,,,,,,,,,,,,,,,,,,,,,,,,,,,,,,,,,,,,,,,,,,,,,,,,,,,,,,,,,,,,,,,,,,,,,,,,,,,,,,,,,,,,,,,,,,,
H0_5ft_32kHz_epoch_108,H0,5FT,True,0,False,0.28131544175,True,VALID,False,,,,,,,,,,,,,,,,,17.46400466423233,2820.71581220815,2.2242642935298926,4246.56571360103,34.2034267589566,0.994459976240971,102.63130490666443,9.621682364075797,2.1388800000000003,3.88864,1909.2001458430718,0.11669556892071813,1.9627795255870464,30263040.51701607,31966.687116189918,24.501570328859813,4.68736,2.54848,0.4652232318559791,13,14.523260141386649,123.9943107595027,31972.44455821767,6.48972780431943e-05,8.08703999999999,12415.614796517368,17.643576,259.85684,1.9330127,3712.8965,29.499949,0.9865805918989502,103.279465,9.680126190185547,1.40032,3.90912,1920.7822,0.12162735,1.9965305,4116.5063,31966.687116189918,24.241398,4.0448,2.6444799999999997,0.46778165204531713,1997,14.21913,123.9943107595027,57833.98956915518,0.18111889,7.928319999999989,12586.111,,,,,,,,,,,,,,,,,,,,,,,,,,,,,,,,,,,,,,,,,,,,,,,,,,,,,,,,,,,,,,,,,,,,,,,,,,,,,,,,,,,,,,,,,,,,,,,,,,,,,,,,,,,,,,,,,,,,,,,,,,,,,,,,,,,,,,,,,,,,,,,,,,,,,,,,,,,,
H0_5ft_32kHz_epoch_109,H0,5FT,True,0,False,0.32947544175000004,True,VALID,False,,,,,,,,,,,,,,,,,16.046765051534315,2670.455635466611,1.234906603966268,3987.56137152482,30.56596461715208,0.9943481301321249,74.507119951536,8.212949481571611,1.68576,3.872,3229.0388266752025,0.10303695174616243,1.9608615404295129,18834811.114659213,31968.015030743663,25.58671019288131,4.19456,2.5088,0.5954064597817649,13,15.827619789333207,139.49679286142782,31969.99239680117,0.00012818365606291697,8.067839999999993,13045.75668221238,16.438545,261.48093,1.1681916,3808.656,28.823599,0.9881072096960997,74.88846,8.252741813659668,1.5334400000000001,3.90016,3260.3008,0.10569705,2.0216224,4672.2217,31968.015030743663,25.56889,4.0512,2.51776,0.594807365561705,1968,15.544443,139.49679286142782,56782.827094742934,0.17699781,7.941120000000024,13213.672,,,,,,,,,,,,,,,,,,,,,,,,,,,,,,,,,,,,,,,,,,,,,,,,,,,,,,,,,,,,,,,,,,,,,,,,,,,,,,,,,,,,,,,,,,,,,,,,,,,,,,,,,,,,,,,,,,,,,,,,,,,,,,,,,,,,,,,,,,,,,,,,,,,,,,,,,,,,
H0_5ft_32kHz_epoch_11,H0,5FT,False,0,False,0.49793752175,False,TOO_LATE,False,,,,,,,,,,,,,,,,,15.271190252018116,15.860158504785243,2.820128282205866,4492.962129120803,34.27528082399196,0.8740899189364271,72.46904053501225,7.874712978090861,2.12608,3.8873599999999997,1593.1765081289802,0.0923736597698719,1.8705682273295712,35483.50234057851,31987.687655377966,26.1224540919593,4.61312,2.48704,0.4739465394159841,12,16.868144813126158,230.7062343477446,36882.159230927566,0.04971416685499672,7.575039999999977,13108.461903471238,15.257699,15.778041,2.225227,4153.875,31.305916,0.8733078760451045,73.14559,7.937842845916748,1.5872,3.91168,1866.7195,0.0934196,1.8803012,4482.0527,31987.687655377966,26.022528,4.04992,2.46272,0.4929745941035091,1983,17.008654,230.7062343477446,58581.40931235463,0.1946714,7.406079999999982,13268.658,,,,,,,,,,,,,,,,,,,,,,,,,,,,,,,,,,,,,,,,,,,,,,,,,,,,,,,,,,,,,,,,,,,,,,,,,,,,,,,,,,,,,,,,,,,,,,,,,,,,,,,,,,,,,,,,,,,,,,,,,,,,,,,,,,,,,,,,,,,,,,,,,,,,,,,,,,,,
H0_5ft_32kHz_epoch_110,H0,5FT,True,0,False,0.23888856175,True,VALID,False,,,,,,,,,,,,,,,,,16.02724697661787,3186.6687696972963,1.3657229481639772,3878.4504987831865,31.250854145752122,0.9938471231519711,73.77170092240965,8.086026877431665,1.72288,3.8732800000000003,2839.8515994749023,0.11705915226109115,1.9102134881168382,42846578.66750668,31969.803451164964,24.248357781682707,4.166399999999999,2.44352,0.5558728739400367,10,14.617291083448285,41.13366968990886,31943.702846779226,6.59145703214137e-05,8.18944000000002,12410.702378547137,15.948046,263.2607,1.3087765,3718.0046,29.586115,0.9884681685601852,74.15326,8.127038955688477,1.61536,3.90656,2840.8247,0.119969726,1.9126846,5014.807,31969.803451164964,23.99723,4.071680000000001,2.4563200000000003,0.5855344308338404,1964,14.3186455,41.13366968990886,57567.1601572361,0.18080598,8.01536,12566.721,,,,,,,,,,,,,,,,,,,,,,,,,,,,,,,,,,,,,,,,,,,,,,,,,,,,,,,,,,,,,,,,,,,,,,,,,,,,,,,,,,,,,,,,,,,,,,,,,,,,,,,,,,,,,,,,,,,,,,,,,,,,,,,,,,,,,,,,,,,,,,,,,,,,,,,,,,,,
H0_5ft_32kHz_epoch_111,H0,5FT,True,0,False,0.35687896175,True,VALID,False,,,,,,,,,,,,,,,,,17.46818283463758,2936.2681941621368,2.92038230964427,4784.218806674586,37.281212093421615,0.994164100601159,97.09182793854995,9.298326175567757,3.17952,3.87712,1638.2166098167663,0.10632838612587721,1.9427227812542782,43044136.934505455,31982.94050405006,25.22753493472395,5.9328,2.7532799999999997,0.34669154861916435,17,14.827837881031435,45.18002613935823,31937.496141856893,5.942439487894429e-05,13.315840000000023,12832.787718076203,17.701555,262.21323,1.4239209,3699.5918,28.427216,0.9859344605869489,97.59685,9.348275184631348,1.37728,3.90272,2598.1724,0.105746634,1.9825484,4569.78,31982.94050405006,25.412104,4.0217600000000004,2.6444799999999997,0.5574035100251515,1971,15.4448805,45.18002613935823,58920.552411927194,0.18927324,7.8092800000000295,13014.26,,,,,,,,,,,,,,,,,,,,,,,,,,,,,,,,,,,,,,,,,,,,,,,,,,,,,,,,,,,,,,,,,,,,,,,,,,,,,,,,,,,,,,,,,,,,,,,,,,,,,,,,,,,,,,,,,,,,,,,,,,,,,,,,,,,,,,,,,,,,,,,,,,,,,,,,,,,,
H0_5ft_32kHz_epoch_112,H0,5FT,True,0,False,0.27643224175000003,True,VALID,False,,,,,,,,,,,,,,,,,15.56183754186474,2811.815980348988,2.625963908319592,7123.225573789527,46.50057156665809,0.993820693440203,70.46865881137035,7.960977665838578,4.02048,3.90016,2712.613662061929,0.11171973992138765,1.8909179273264995,9041265.960115924,31981.43450317875,24.567763968136557,6.51776,2.49728,0.5553648423836195,14,15.728150769698996,51.20402962460503,31961.187193931113,0.00034320605426624794,10.999040000000015,15318.576382611576,15.658661,253.79532,0.86651707,4153.4893,26.819595,0.9864982304461587,70.957085,8.0042142868042,1.51936,3.91936,4793.315,0.11565591,1.9131001,5346.102,31981.43450317875,24.275948,4.0704,2.55104,0.7281265050319826,2013,15.116902,51.20402962460503,59143.79708049897,0.18968341,7.590399999999997,15486.7705,,,,,,,,,,,,,,,,,,,,,,,,,,,,,,,,,,,,,,,,,,,,,,,,,,,,,,,,,,,,,,,,,,,,,,,,,,,,,,,,,,,,,,,,,,,,,,,,,,,,,,,,,,,,,,,,,,,,,,,,,,,,,,,,,,,,,,,,,,,,,,,,,,,,,,,,,,,,
H0_5ft_32kHz_epoch_113,H0,5FT,True,0,False,0.30257240175,True,VALID,False,,,,,,,,,,,,,,,,,14.825854826815243,2782.4038740143365,7.64655459271496,6554.48861588689,37.966159528597906,0.9941398884009769,65.98809053526905,7.758702127159727,4.1728,3.90912,857.18195514235,0.14337161279440663,1.9648725311350275,18721416.079536326,31992.121846602124,22.69740944928335,7.936,3.7632,0.379460211540603,21,12.335552494589512,46.1004488721228,31982.384173150538,0.0001514953276461089,12.156159999999971,17264.028538229424,14.912398,258.6442,1.5034226,6225.213,35.686092,0.988145733889914,66.53339,7.804205417633057,3.06432,3.9103999999999997,4140.694,0.12030365,1.9866377,5472.4927,31992.121846602124,24.291956,5.7241599999999995,2.65984,0.7216978570517772,2299,15.056025,46.1004488721228,56869.1126730167,0.17492603,9.716479999999972,17444.367,,,,,,,,,,,,,,,,,,,,,,,,,,,,,,,,,,,,,,,,,,,,,,,,,,,,,,,,,,,,,,,,,,,,,,,,,,,,,,,,,,,,,,,,,,,,,,,,,,,,,,,,,,,,,,,,,,,,,,,,,,,,,,,,,,,,,,,,,,,,,,,,,,,,,,,,,,,,
H0_5ft_32kHz_epoch_114,H0,5FT,True,0,False,0.25112408175,True,VALID,False,,,,,,,,,,,,,,,,,14.252797238751443,3234.9734777108415,0.9407023395248434,3373.4100586725435,20.160895256309672,0.9940476681608941,57.130955376422094,7.228255473435047,1.3056,3.90144,3586.054713520099,0.15383046973726353,1.9724434709858738,8134855.522954574,31996.62975748447,22.149996445614786,5.0688,3.7632,0.6580798496765655,13,10.801476433875301,48.28735137510739,31974.883045624658,0.00033905432369783984,9.712639999999995,16732.441768015047,13.894028,265.5569,0.81798244,4526.497,26.813587,0.9896877206940674,57.43053,7.259536266326904,1.5244799999999998,3.9257600000000004,5533.734,0.12628116,1.9313307,6211.3306,31996.62975748447,23.577993,4.072959999999999,2.54848,0.684804300626078,2046,14.727375,48.28735137510739,56585.94565599085,0.17388272,10.955519999999996,16881.355,,,,,,,,,,,,,,,,,,,,,,,,,,,,,,,,,,,,,,,,,,,,,,,,,,,,,,,,,,,,,,,,,,,,,,,,,,,,,,,,,,,,,,,,,,,,,,,,,,,,,,,,,,,,,,,,,,,,,,,,,,,,,,,,,,,,,,,,,,,,,,,,,,,,,,,,,,,,
H0_5ft_32kHz_epoch_115,H0,5FT,True,0,False,0.20511960175,True,VALID,False,,,,,,,,,,,,,,,,,15.821099439308965,3952.853348105632,1.0573314477187896,2558.2607150401896,16.555861715737446,0.9940875169840806,75.28497494616902,8.19441901040065,1.01248,3.91296,2419.5447137788005,0.17619436843666766,2.041233719045471,15837688.710320901,31996.202132106122,21.214786158140537,4.79104,3.7785599999999997,0.4191158347983189,15,8.647037716956332,45.446759827813366,31995.071985014412,0.00015988659739869508,9.762559999999976,15452.295742530734,15.180537,283.7634,1.7101172,6425.999,41.135082,0.9880647002699179,75.84243,8.242782592773438,2.75968,3.9296,3757.6365,0.124699175,1.9692954,5850.9775,31996.202132106122,23.917828,4.70016,1.94048,0.5894526680866728,2133,15.741262,45.446759827813366,55803.41415941721,0.16995728,8.506880000000022,15621.7,,,,,,,,,,,,,,,,,,,,,,,,,,,,,,,,,,,,,,,,,,,,,,,,,,,,,,,,,,,,,,,,,,,,,,,,,,,,,,,,,,,,,,,,,,,,,,,,,,,,,,,,,,,,,,,,,,,,,,,,,,,,,,,,,,,,,,,,,,,,,,,,,,,,,,,,,,,,
H0_5ft_32kHz_epoch_116,H0,5FT,True,0,False,0.27379416175000004,True,VALID,False,,,,,,,,,,,,,,,,,16.5192688859558,2924.1350277062393,1.4210130526236309,2578.0530921569634,17.553091817064097,0.9942136676312587,85.87816634791506,8.741989988913867,1.1008,3.9142400000000004,1814.2360391390746,0.151774346416427,2.019312361634497,6530589.438844657,31995.30118790365,22.43448259606128,4.876799999999999,3.776,0.36496303393743856,14,9.918755123550142,47.69011952288565,31983.30980297277,0.00041222662476826216,8.59008,14687.17374138448,16.173267,275.55286,1.5548437,3555.7761,23.935825,0.9877168492895713,86.61279,8.801239013671875,1.4899200000000001,3.92704,2286.9026,0.14159329,1.9883109,5326.5503,31995.30118790365,22.88122,4.7296,3.23968,0.5547957718017111,2314,12.034254,47.69011952288565,56792.753400130205,0.17557262,7.212799999999964,14855.457,,,,,,,,,,,,,,,,,,,,,,,,,,,,,,,,,,,,,,,,,,,,,,,,,,,,,,,,,,,,,,,,,,,,,,,,,,,,,,,,,,,,,,,,,,,,,,,,,,,,,,,,,,,,,,,,,,,,,,,,,,,,,,,,,,,,,,,,,,,,,,,,,,,,,,,,,,,,
H0_5ft_32kHz_epoch_117,H0,5FT,True,0,False,0.20692312175,True,VALID,False,,,,,,,,,,,,,,,,,14.40298117611568,2796.0202478031842,1.9890409357562335,4085.5091971995316,25.287584918946386,0.9941389132253265,65.2535155704322,7.694535737758034,2.32832,3.9103999999999997,2054.00961023762,0.17413259680453258,1.9586038763159617,7664236.052167113,31993.052916641867,20.987797449650643,6.09408,3.7657599999999998,0.41539933794534833,20,9.738816004370676,46.49893095380685,31999.564400266234,0.0003740845636366953,9.759999999999991,16156.18577374897,14.597489,258.0718,0.9669546,3622.5537,22.196762,0.9887129008108846,65.7743,7.7406206130981445,1.4976,3.91168,3746.3535,0.16253752,1.9951044,6244.1924,31993.052916641867,21.700916,4.7232,3.2256,0.6458666805607431,2228,10.93137,46.49893095380685,56180.24113824893,0.17071085,7.225599999999998,16320.189,,,,,,,,,,,,,,,,,,,,,,,,,,,,,,,,,,,,,,,,,,,,,,,,,,,,,,,,,,,,,,,,,,,,,,,,,,,,,,,,,,,,,,,,,,,,,,,,,,,,,,,,,,,,,,,,,,,,,,,,,,,,,,,,,,,,,,,,,,,,,,,,,,,,,,,,,,,,
H0_5ft_32kHz_epoch_118,H0,5FT,True,0,False,0.24664408175,True,VALID,False,,,,,,,,,,,,,,,,,14.713021557443776,3794.9439170906653,3.1438418773684553,6400.726422728894,42.422335764903096,0.9940673623452615,63.70821270953479,7.543484498723187,3.67616,3.88608,2035.9568554657371,0.1302783064813161,1.9334992717404933,14127233.122185268,31994.841337063168,23.4250350350297,6.46272,2.78656,0.40626158555600805,17,13.959253894259025,48.28735137510739,31968.272179019907,0.00019829241907410466,10.122240000000032,15088.104667787551,14.922269,274.34442,3.0585659,6476.189,42.46527,0.9892734001116519,64.20541,7.591382026672363,3.71584,3.90016,2117.394,0.12996858,1.9715261,6024.0127,31994.841337063168,23.61139,6.41536,2.69952,0.5209971847269016,3305,14.071221,48.28735137510739,55980.258651573415,0.16965903,9.628159999999998,15250.555,,,,,,,,,,,,,,,,,,,,,,,,,,,,,,,,,,,,,,,,,,,,,,,,,,,,,,,,,,,,,,,,,,,,,,,,,,,,,,,,,,,,,,,,,,,,,,,,,,,,,,,,,,,,,,,,,,,,,,,,,,,,,,,,,,,,,,,,,,,,,,,,,,,,,,,,,,,,
H0_5ft_32kHz_epoch_119,H0,5FT,True,0,False,0.28340952175,True,VALID,False,,,,,,,,,,,,,,,,,15.169639389687967,2643.8932397165895,5.066491454118904,3974.6815171246117,26.670577669969582,0.9951843701618636,76.93882033997023,8.38759056603495,2.4563200000000003,3.93344,784.5037444784022,0.1499592043645799,1.9812305262190493,18510073.278723046,31996.62975748447,22.41350387648791,6.21312,3.7567999999999997,0.3901525168687634,16,10.844106084587814,78.69049853721663,31979.43856239538,0.00010732100338936943,9.957119999999986,14902.869995200663,15.149948,255.28204,4.974098,11419.465,75.70423,0.9893673703521068,77.58652,8.441283226013184,5.5500799999999995,3.9142400000000004,2295.786,0.05328154,1.9906676,4942.464,31996.62975748447,31.387491,6.12864,0.57856,0.6703249848942417,2553,24.470268,78.69049853721663,55711.334673254525,0.16710864,9.48479999999996,15084.314,,,,,,,,,,,,,,,,,,,,,,,,,,,,,,,,,,,,,,,,,,,,,,,,,,,,,,,,,,,,,,,,,,,,,,,,,,,,,,,,,,,,,,,,,,,,,,,,,,,,,,,,,,,,,,,,,,,,,,,,,,,,,,,,,,,,,,,,,,,,,,,,,,,,,,,,,,,,
H0_5ft_32kHz_epoch_12,H0,5FT,True,0,False,0.49646040175,True,VALID,False,,,,,,,,,,,,,,,,,16.548315011780197,21.84188438677824,1.9961910010373207,2932.8768540051774,18.623082002457593,0.8966743125907909,79.98243135225232,8.276035144981845,1.0048,3.9168,1469.236587321007,0.11767527859904384,2.0388135660414175,67607.81263088368,31993.482510149242,24.729994844838792,4.77696,3.77216,0.37266497280393135,14,12.780233649654317,173.19010020086353,35004.69576827441,0.02967954407181094,7.733759999999923,15748.611607993362,16.092327,21.1537,1.909202,3019.905,18.99162,0.8959701583632115,80.84817,8.340338706970215,1.0432,3.9257600000000004,1581.763,0.1173156,1.9922192,5397.876,31993.482510149242,24.556522,4.71168,3.66848,0.5008345228018329,2297,12.990642,173.19010020086353,57391.31352031156,0.18538609,7.077120000000048,15901.251,,,,,,,,,,,,,,,,,,,,,,,,,,,,,,,,,,,,,,,,,,,,,,,,,,,,,,,,,,,,,,,,,,,,,,,,,,,,,,,,,,,,,,,,,,,,,,,,,,,,,,,,,,,,,,,,,,,,,,,,,,,,,,,,,,,,,,,,,,,,,,,,,,,,,,,,,,,,
H0_5ft_32kHz_epoch_120,H0,5FT,True,0,False,0.18951512175,True,VALID,False,,,,,,,,,,,,,,,,,14.881804418230015,2933.9562178396145,4.180331188258782,4292.583682065245,27.67472142609091,0.9946702726053365,71.77610665242403,8.043719156801444,2.4998400000000003,3.9296,1026.8525360194728,0.18337308141595138,1.982887825077387,11320033.946885765,31994.841337063168,20.639169947547256,6.25664,3.7567999999999997,0.3702842141548516,17,9.394735973216093,48.28735137510739,31986.046869703696,0.000240900915379053,9.932799999999991,15510.846942142283,15.023881,268.88364,4.1241717,5789.8184,36.85625,0.9885354030325563,72.52434,8.103226661682129,3.0707199999999997,3.91808,1403.8743,0.16730404,2.0145772,5579.915,31994.841337063168,21.584223,6.14656,3.07584,0.4648380679710131,3037,11.570331,48.28735137510739,55156.267548193784,0.1637368,9.237759999999984,15709.19,,,,,,,,,,,,,,,,,,,,,,,,,,,,,,,,,,,,,,,,,,,,,,,,,,,,,,,,,,,,,,,,,,,,,,,,,,,,,,,,,,,,,,,,,,,,,,,,,,,,,,,,,,,,,,,,,,,,,,,,,,,,,,,,,,,,,,,,,,,,,,,,,,,,,,,,,,,,
H0_5ft_32kHz_epoch_121,H0,5FT,True,0,False,0.32182488175,True,VALID,False,,,,,,,,,,,,,,,,,14.622923648398029,3413.398640217052,4.218270520936596,6357.412445491938,41.41868050095015,0.9944821880371948,69.03765725040425,7.90238315633319,3.2896,3.92448,1507.1134992262091,0.12086936633117654,1.9382110897899434,22522802.985147014,31994.841337063168,24.099469589155337,6.16448,2.8748799999999997,0.4474557208336983,17,14.783956377509957,44.710510532506305,32004.6694928092,0.0001203366072837678,9.501439999999972,15349.142871284992,15.100558,279.89737,3.9979253,5775.5273,37.18749,0.989437441906921,69.66195,7.95485258102417,3.03616,3.90272,1444.6311,0.1271914,2.0133314,5897.7505,31994.841337063168,23.95715,6.1043199999999995,3.0681599999999998,0.4467333801171031,3114,13.973728,44.710510532506305,55095.62574377858,0.16436501,9.17119999999999,15530.835,,,,,,,,,,,,,,,,,,,,,,,,,,,,,,,,,,,,,,,,,,,,,,,,,,,,,,,,,,,,,,,,,,,,,,,,,,,,,,,,,,,,,,,,,,,,,,,,,,,,,,,,,,,,,,,,,,,,,,,,,,,,,,,,,,,,,,,,,,,,,,,,,,,,,,,,,,,,
H0_5ft_32kHz_epoch_122,H0,5FT,True,0,False,0.42704344175000003,True,VALID,False,,,,,,,,,,,,,,,,,16.784885295101226,3262.3682974654653,189.47833423653904,5181.672610244616,33.57477170642531,0.9943445371008415,85.85165931757962,8.715568859900733,15.88096,3.9321599999999997,27.347045408141625,0.1233107712116482,2.047148876428385,11815488.152514843,31999.50651363449,24.363787442205428,19.6608,3.77984,0.04144030617576149,32,8.683567106453708,36.144020911484404,32005.853577412297,0.00022471468352353136,33.97887999999999,15433.232593664812,16.23495,280.5834,290.61707,14277.78,91.32335,0.9865137056981547,86.54594,8.771039962768555,19.098879999999998,3.93856,49.12919,0.04400786,1.992934,5699.1353,31999.50651363449,33.083084,19.6864,0.58752,0.06071643716672782,7675,22.03558,36.144020911484404,56285.218707771695,0.17342004,29.949439999999996,15634.314,,,,,,,,,,,,,,,,,,,,,,,,,,,,,,,,,,,,,,,,,,,,,,,,,,,,,,,,,,,,,,,,,,,,,,,,,,,,,,,,,,,,,,,,,,,,,,,,,,,,,,,,,,,,,,,,,,,,,,,,,,,,,,,,,,,,,,,,,,,,,,,,,,,,,,,,,,,,
H0_5ft_32kHz_epoch_123,H0,5FT,False,0,False,0.47226840175,False,TOO_LATE,False,,,,,,,,,,,,,,,,,14.467538921687709,179.19713142350088,3.897306432925765,5611.601034068954,32.314024627720165,0.9869259270906281,62.32051944501656,7.523558189972006,2.56768,3.93088,1439.8665156683235,0.11751875508106983,2.0397048300802787,1193676.284420272,31998.41817790577,24.719385632731942,6.34368,3.776,0.42927580851817837,14,14.362282528948935,39.34524926860831,32149.098369763222,0.002158241056573492,9.88159999999999,17365.837585130397,14.062267,149.9188,3.5762181,12429.124,70.83202,0.981730256013384,62.8629,7.571088790893555,5.62816,3.9360000000000004,3475.494,0.045693,1.9929007,6136.0938,31998.41817790577,32.71317,6.28608,0.65792,0.7916341536493468,2734,26.061226,39.34524926860831,54681.30834927844,0.1620577,9.434879999999978,17547.324,,,,,,,,,,,,,,,,,,,,,,,,,,,,,,,,,,,,,,,,,,,,,,,,,,,,,,,,,,,,,,,,,,,,,,,,,,,,,,,,,,,,,,,,,,,,,,,,,,,,,,,,,,,,,,,,,,,,,,,,,,,,,,,,,,,,,,,,,,,,,,,,,,,,,,,,,,,,
H0_5ft_32kHz_epoch_124,H0,5FT,True,0,False,0.46368088175000005,True,VALID,False,,,,,,,,,,,,,,,,,15.248526297615735,473.65252758501094,1.9502981370303325,4725.032813721014,27.187387539718387,0.992494573987863,68.02152663418477,7.83623729152149,2.336,3.94112,2422.72333855351,0.11804912844076358,2.027636563147118,1536822.3868015928,32001.6598705067,24.670952454813666,6.11072,3.77472,0.5214858964740986,17,13.74701584359039,38.15209561830852,32119.623086221894,0.0016162039197820056,9.22751999999999,17379.502928768452,14.651031,247.42453,2.7062054,10507.975,59.82638,0.9856999217714224,68.54974,7.879748821258545,4.8806400000000005,3.9372799999999994,3882.9185,0.06399889,1.9585059,5982.896,32001.6598705067,29.66853,6.08,1.19936,0.603718710013879,2732,22.555101,38.15209561830852,55590.31049827559,0.16949505,9.122560000000002,17564.115,,,,,,,,,,,,,,,,,,,,,,,,,,,,,,,,,,,,,,,,,,,,,,,,,,,,,,,,,,,,,,,,,,,,,,,,,,,,,,,,,,,,,,,,,,,,,,,,,,,,,,,,,,,,,,,,,,,,,,,,,,,,,,,,,,,,,,,,,,,,,,,,,,,,,,,,,,,,
H0_5ft_32kHz_epoch_125,H0,5FT,True,0,False,0.30698840175000003,True,VALID,False,,,,,,,,,,,,,,,,,15.292207481471724,224.49915103284482,2.0622819628177496,3498.368895647226,22.68948146260176,0.99115490220761,71.51793172319243,7.9874312958097615,2.51776,3.94496,1696.358188997157,0.144890446189136,2.031493772589822,5327185350.612864,31998.41817790577,22.898052217306486,6.30528,3.7875199999999998,0.3897988119249261,15,10.525760323929951,41.13366968990886,31984.92454381081,6.354010826834717e-07,11.298560000000013,15418.461199359876,39.63683,13.761481,532.10345,86279.25,72.24609,0.8292351565751406,104.14283,9.095330238342285,4.63872,,162.1475,1e-10,14.654458,3028.9084,1.7884204213003447,207.62921,,,0.005343312205894804,16461,96.44589,152.0157358105293,37992.83426223488,0.21417892,75.01568,119424.11,,,,,,,,,,,,,,,,,,,,,,,,,,,,,,,,,,,,,,,,,,,,,,,,,,,,,,,,,,,,,,,,,,,,,,,,,,,,,,,,,,,,,,,,,,,,,,,,,,,,,,,,,,,,,,,,,,,,,,,,,,,,,,,,,,,,,,,,,,,,,,,,,,,,,,,,,,,,
H0_5ft_32kHz_epoch_126,H0,5FT,True,0,False,0.43238872175000004,True,VALID,False,,,,,,,,,,,,,,,,,14.941803396801157,2845.446319900442,2.0973597722733666,4188.460811352919,25.656601988878307,0.9938149557473384,64.18930703544366,7.56021192754671,2.74176,3.9219199999999996,1997.0158990952518,0.12184430253879786,2.0424690054660513,38484934.81367379,31998.41817790577,24.481668497153137,6.528,3.7862400000000003,0.4053618065601225,15,12.655505593787693,37.55682884730777,31978.773576487307,8.153044838224775e-05,11.32544000000002,16325.08004438202,14.292201,289.98868,2.6323493,6680.0127,40.53569,0.9874193952145519,64.6542,7.602488040924072,3.7696,3.9360000000000004,2537.662,0.10302072,1.9628801,6748.7627,31998.41817790577,25.59575,6.471679999999999,2.70208,0.47279560486223837,3021,16.18409,37.55682884730777,55257.87132129531,0.16729882,10.164479999999976,16479.336,,,,,,,,,,,,,,,,,,,,,,,,,,,,,,,,,,,,,,,,,,,,,,,,,,,,,,,,,,,,,,,,,,,,,,,,,,,,,,,,,,,,,,,,,,,,,,,,,,,,,,,,,,,,,,,,,,,,,,,,,,,,,,,,,,,,,,,,,,,,,,,,,,,,,,,,,,,,
H0_5ft_32kHz_epoch_127,H0,5FT,False,0,False,0.47291224175,False,TOO_LATE,False,,,,,,,,,,,,,,,,,14.966644025766668,157.82593592385055,2.3673288533487344,3856.797416331796,24.797273019023102,0.9849756709905942,69.2423186659351,7.863678115744755,2.75712,3.904,1629.1768720158495,0.116113057366666,1.9969200554194577,2114833.0511396076,31998.41817790577,24.702423917584483,6.51776,3.76064,0.3811589385504309,14,12.728502739541632,35.76840842600723,32059.072671825423,0.0014786163722486094,11.41120000000001,15553.312710526872,14.653351,137.5611,1.3408638,3790.8633,24.117937,0.979953964704813,69.733185,7.910060882568359,1.50912,3.9142400000000004,2827.18,0.109059006,1.9654446,6361.819,31998.41817790577,25.087887,4.76544,3.25632,0.58421878017466,2188,14.543795,35.76840842600723,55959.25286636768,0.17128249,7.201279999999977,15718.024,,,,,,,,,,,,,,,,,,,,,,,,,,,,,,,,,,,,,,,,,,,,,,,,,,,,,,,,,,,,,,,,,,,,,,,,,,,,,,,,,,,,,,,,,,,,,,,,,,,,,,,,,,,,,,,,,,,,,,,,,,,,,,,,,,,,,,,,,,,,,,,,,,,,,,,,,,,,
H0_5ft_32kHz_epoch_128,H0,5FT,False,0,False,0.07047384175,False,TOO_EARLY,False,,,,,,,,,,,,,,,,,14.967816298476777,2824.6972498546597,2.9997386576921437,4542.569936784009,28.163745097944613,0.9942396725770826,66.59093797699089,7.75079919257454,2.7123199999999996,3.93856,1514.3218977210988,0.2942115489510998,2.0337091871081823,12777919.423570924,31993.052916641867,16.748088076689676,6.50496,3.79264,0.3476820522105052,18,5.37152298739095,42.92209011120576,31987.883992781408,0.00023200801272175038,11.229440000000007,16129.140215501724,14.584017,256.67477,4.1579204,11127.093,68.332405,0.9846119069132052,67.1966,7.80313777923584,5.41568,3.9424000000000006,2676.1196,0.14610982,1.991038,6379.256,31993.052916641867,22.626017,6.46784,1.05216,0.6374655378861872,2933,15.360523,42.92209011120576,56007.74561701136,0.1691175,9.7024,16283.771,,,,,,,,,,,,,,,,,,,,,,,,,,,,,,,,,,,,,,,,,,,,,,,,,,,,,,,,,,,,,,,,,,,,,,,,,,,,,,,,,,,,,,,,,,,,,,,,,,,,,,,,,,,,,,,,,,,,,,,,,,,,,,,,,,,,,,,,,,,,,,,,,,,,,,,,,,,,
H0_5ft_32kHz_epoch_129,H0,5FT,True,0,False,0.17052888175,True,VALID,False,,,,,,,,,,,,,,,,,15.832873199331166,3230.9535536862804,1.1912480215962347,3334.1790725455944,20.249423741888965,0.9939835801553737,71.76441836151015,8.031574690473905,1.29664,3.91808,2798.8957900452842,0.19179451236856984,2.049233398450841,104049897.30983637,31995.30118790365,20.574138119759972,5.08544,3.7888,0.5492916516889474,14,8.820264613592682,44.51077822135994,31979.865368234998,2.7966581816804316e-05,8.615679999999987,16465.550403038513,15.209006,269.89505,1.785674,8857.046,53.259277,0.9861455944202339,72.31662,8.078469276428223,3.968,3.9360000000000004,4960.0576,0.09439854,1.9782958,6116.733,31995.30118790365,26.338501,5.01632,1.04832,0.6685228718659213,2421,19.270777,44.51077822135994,56568.644282174326,0.17417175,9.41439999999999,16630.053,,,,,,,,,,,,,,,,,,,,,,,,,,,,,,,,,,,,,,,,,,,,,,,,,,,,,,,,,,,,,,,,,,,,,,,,,,,,,,,,,,,,,,,,,,,,,,,,,,,,,,,,,,,,,,,,,,,,,,,,,,,,,,,,,,,,,,,,,,,,,,,,,,,,,,,,,,,,
H0_5ft_32kHz_epoch_13,H0,5FT,False,0,False,0.46462424175,False,TOO_LATE,False,,,,,,,,,,,,,,,,,15.832206290476206,344.7778651518964,1.9617338226519612,2361.594835346813,17.393070383133285,0.9911546597728079,83.08676849088798,8.601156020720484,0.9087999999999999,3.90016,1203.8304116886281,0.11487971580706134,1.9736984746275261,1053075.1688925931,32075.32025602168,24.67588825363661,4.669440000000001,3.76064,0.3019654509499977,14,12.146088175085634,193.14940550043684,32113.74846479695,0.0015481686199059236,9.642239999999969,13577.79151883915,15.949976,216.7809,2.9906418,6311.5625,45.96046,0.9827769871163335,83.86477,8.661256790161133,2.64064,3.9142400000000004,2110.4375,0.0817689,1.9996831,4194.03,32075.32025602168,27.688343,4.63232,1.9916800000000001,0.5011059009721747,2184,19.390713,193.14940550043684,57132.71965742472,0.17835699,7.94239999999996,13732.592,,,,,,,,,,,,,,,,,,,,,,,,,,,,,,,,,,,,,,,,,,,,,,,,,,,,,,,,,,,,,,,,,,,,,,,,,,,,,,,,,,,,,,,,,,,,,,,,,,,,,,,,,,,,,,,,,,,,,,,,,,,,,,,,,,,,,,,,,,,,,,,,,,,,,,,,,,,,
H0_5ft_32kHz_epoch_130,H0,5FT,False,0,False,0.020855921750000003,False,TOO_EARLY,False,,,,,,,,,,,,,,,,,10.384035545897607,4.626981677756627,2.3356902489883784,4702.254896876142,14.04528131786978,0.7962738358978593,29.42765185911727,5.216193688349568,2.67264,3.94496,2013.2185331135083,0.5159624800371563,2.0327259245554026,22309032.10806298,32005.571859590968,11.833646536949253,6.466559999999999,3.79392,0.4182866897769722,17,0.6632760708991545,28.614726740805054,31995.17160366187,0.00019271427141984976,11.244800000000003,33479.25036498528,10.290636,4.589405,2.9461167,10822.078,32.028,0.7963280031385007,29.63628,5.243696212768555,5.39008,3.94496,3673.3367,0.26917276,2.023753,12003.016,32005.571859590968,17.45962,6.43072,1.04064,0.6452383210408289,2860,9.960534,28.614726740805054,50166.35738460704,0.1319424,9.65248,33789.426,,,,,,,,,,,,,,,,,,,,,,,,,,,,,,,,,,,,,,,,,,,,,,,,,,,,,,,,,,,,,,,,,,,,,,,,,,,,,,,,,,,,,,,,,,,,,,,,,,,,,,,,,,,,,,,,,,,,,,,,,,,,,,,,,,,,,,,,,,,,,,,,,,,,,,,,,,,,
H0_5ft_32kHz_epoch_131,H0,5FT,False,0,False,0.06727512175,False,TOO_EARLY,False,,,,,,,,,,,,,,,,,11.360010203442917,4053.8782384189544,2.238305419296704,3848.156093769075,12.738650071325411,0.7967728052360952,37.61216460090946,5.908217002972836,2.65984,3.9219199999999996,1719.227439023034,0.30284313904513077,2.049287662215708,29714295.9205544,31999.568558760035,16.60196087401251,6.44608,3.7862400000000003,0.3413112178220735,22,4.4430797659566625,37.030693193031766,31992.335660007142,0.00010466654795618863,9.908479999999997,30208.50774785963,10.9727,284.63577,2.3814592,9170.998,30.008003,0.7968131803751693,37.710644,5.925908088684082,4.20864,3.9360000000000004,3850.9995,0.15319486,1.9909612,10199.723,31999.568558760035,22.19877,5.24416,1.03552,0.630524831072474,2466,15.019861,37.030693193031766,51131.60209084982,0.14121915,9.423359999999992,30561.84,,,,,,,,,,,,,,,,,,,,,,,,,,,,,,,,,,,,,,,,,,,,,,,,,,,,,,,,,,,,,,,,,,,,,,,,,,,,,,,,,,,,,,,,,,,,,,,,,,,,,,,,,,,,,,,,,,,,,,,,,,,,,,,,,,,,,,,,,,,,,,,,,,,,,,,,,,,,
H0_5ft_32kHz_epoch_132,H0,5FT,False,0,False,0.045158001749999996,False,TOO_EARLY,False,,,,,,,,,,,,,,,,,10.830476440850886,4.964663653477418,1.886571662869436,4439.675680160415,12.793503968523352,0.795996131141648,31.351342873539487,5.347060551858617,1.3696,3.9475200000000004,2353.3034909511853,0.36469676701391956,2.035035530536751,23541045.105505105,32001.6598705067,14.859294451892834,5.16608,3.7964800000000003,0.48960796703088966,16,4.400815326024519,27.024401062968536,32000.179057102665,0.00020256927256837395,8.5504,34702.57789487236,10.440411,4.78942,1.8449656,9373.206,26.77565,0.796053951003807,31.62859,5.38144588470459,3.9974399999999997,3.9539199999999997,5080.4233,0.18375696,1.970313,13037.161,32001.6598705067,20.526554,5.031680000000001,1.03424,0.751148386970304,2492,13.716919,27.024401062968536,51118.23276152484,0.13805598,9.44896,35006.457,,,,,,,,,,,,,,,,,,,,,,,,,,,,,,,,,,,,,,,,,,,,,,,,,,,,,,,,,,,,,,,,,,,,,,,,,,,,,,,,,,,,,,,,,,,,,,,,,,,,,,,,,,,,,,,,,,,,,,,,,,,,,,,,,,,,,,,,,,,,,,,,,,,,,,,,,,,,
H0_5ft_32kHz_epoch_133,H0,5FT,False,0,False,0.00123864175,False,TOO_EARLY,False,,,,,,,,,,,,,,,,,12.793803607986186,8.648849209284116,2.391213053754922,4622.863648456856,21.774977043916735,0.8272259009872541,40.8989825669516,5.9715058888860675,2.67008,3.9206400000000006,1933.2713332245046,0.11764919147286564,1.9943490304586446,202811.54529435106,32005.571859590968,24.58335017783297,6.44352,3.77344,0.3780339763193311,14,13.455523850669621,25.037885898203967,32788.298314789776,0.01162562296645765,12.23295999999996,21230.16542857078,12.408124,8.401268,0.7970984,3044.808,14.209543,0.827341022537885,41.43263,6.022738456726074,1.19808,3.9296,3819.8647,0.11543776,1.9432154,8571.639,32005.571859590968,24.471497,4.7168,3.51872,0.6229724397565971,2147,13.141108,25.037885898203967,52855.03078292965,0.15741773,7.07840000000004,21427.91,,,,,,,,,,,,,,,,,,,,,,,,,,,,,,,,,,,,,,,,,,,,,,,,,,,,,,,,,,,,,,,,,,,,,,,,,,,,,,,,,,,,,,,,,,,,,,,,,,,,,,,,,,,,,,,,,,,,,,,,,,,,,,,,,,,,,,,,,,,,,,,,,,,,,,,,,,,,
H0_5ft_32kHz_epoch_134,H0,5FT,False,0,False,0.09474392175,False,TOO_EARLY,False,,,,,,,,,,,,,,,,,15.447006409703572,3621.393962895489,1.3902764049390655,3366.4519487116077,21.108033687815038,0.9941191122833775,69.50100070226429,7.871942421151948,1.4092799999999999,3.9424000000000006,2421.4263701461705,0.25452082357983496,2.024725792384749,12964050.669203024,31999.568558760035,17.989514232436488,5.205760000000001,3.7964800000000003,0.48475651327938934,18,6.289973482008917,42.08033317389709,31993.072556952375,0.00017196800672851644,8.563199999999993,15948.676217315906,14.989511,301.84308,2.058082,8973.513,55.723286,0.9858172311977658,70.00214,7.916001319885254,4.0243199999999995,3.9475200000000004,4360.1333,0.12598309,1.9742852,6034.84,31999.568558760035,23.777718,5.0572799999999996,1.03296,0.6493049393759807,2454,16.783974,42.08033317389709,55315.37464197595,0.16789581,9.425920000000005,16103.704,,,,,,,,,,,,,,,,,,,,,,,,,,,,,,,,,,,,,,,,,,,,,,,,,,,,,,,,,,,,,,,,,,,,,,,,,,,,,,,,,,,,,,,,,,,,,,,,,,,,,,,,,,,,,,,,,,,,,,,,,,,,,,,,,,,,,,,,,,,,,,,,,,,,,,,,,,,,
H0_5ft_32kHz_epoch_135,H0,5FT,False,0,False,0.037521521749999995,False,TOO_EARLY,False,,,,,,,,,,,,,,,,,11.46064183002168,4.857738820121277,212.34303455190823,5626.3544034398465,20.307146178050527,0.7984526566780343,40.9651318886275,6.222965344750046,15.836159999999998,3.9257600000000004,26.496533852836244,0.39611589731660873,2.040905200745779,20015597.375760376,32007.360280012268,14.23657207063105,19.621119999999998,3.78496,0.04443543429815937,32,-1.0787633408969812,42.9220901112094,31981.29642556987,0.00016968444706541035,32.34048,27706.278145184227,11.053794,4.720944,4.7785273,10997.61,38.771614,0.7981468948863577,40.312668,6.188953399658203,5.47584,3.9372799999999994,2301.4644,0.20389013,1.9917209,6669.236,32007.360280012268,19.722778,6.52288,1.04704,0.4985881116601705,2976,12.383365,62.59471474551174,54066.59250121159,0.1739987,9.786880000000005,28365.107,,,,,,,,,,,,,,,,,,,,,,,,,,,,,,,,,,,,,,,,,,,,,,,,,,,,,,,,,,,,,,,,,,,,,,,,,,,,,,,,,,,,,,,,,,,,,,,,,,,,,,,,,,,,,,,,,,,,,,,,,,,,,,,,,,,,,,,,,,,,,,,,,,,,,,,,,,,,
H0_5ft_32kHz_epoch_136,H0,5FT,True,0,False,0.14471896174999999,True,VALID,False,,,,,,,,,,,,,,,,,12.420538163346558,2989.341716312068,3.2264248974169565,5210.572523088042,18.40033612315236,0.8006534053692835,48.95536351070821,6.814363891598629,2.6227199999999997,3.9436799999999996,1614.9678634265595,0.20935580597942635,2.0519787391247437,17211771.719903253,32005.53051711974,19.82011554627833,6.41408,3.79136,0.3797701965523923,19,8.98191349264096,45.180026139354595,31994.44280361258,0.0002017344707629687,10.487039999999975,28317.811632428722,12.0578,272.65372,101283050000000.0,10128.305,35.341755,0.8006257937030689,49.053806,6.832046031951904,5.89696,3.9321599999999997,0.0,0.06444406,2.003988,8262.027,32005.53051711974,29.808151,6.48448,0.58752,0,0,23.559616,45.180026139354595,52283.16074821731,0.14720024,0,28658.184,,,,,,,,,,,,,,,,,,,,,,,,,,,,,,,,,,,,,,,,,,,,,,,,,,,,,,,,,,,,,,,,,,,,,,,,,,,,,,,,,,,,,,,,,,,,,,,,,,,,,,,,,,,,,,,,,,,,,,,,,,,,,,,,,,,,,,,,,,,,,,,,,,,,,,,,,,,,
H0_5ft_32kHz_epoch_137,H0,5FT,False,0,False,0.09667032175000001,False,TOO_EARLY,False,,,,,,,,,,,,,,,,,15.273340606950883,3231.476222977285,0.934900015067077,3055.0320728121355,18.240195566600473,0.9939273073058625,67.35901077385262,7.82680282426289,1.4464000000000001,3.9372799999999994,3267.763422372873,0.2546106338871453,2.0515719217147765,19361488.54835392,32004.6181987409,18.106754332892127,5.23392,3.7875199999999998,0.5676013452852033,16,5.856152930542886,102.6760129443137,32004.28298956702,0.0001386618420978076,8.620799999999997,16748.899767314837,14.858017,269.80438,1.771546,9000.141,53.131104,0.9846940945402591,67.93307,7.875538349151611,4.2048,3.94496,5080.3877,0.12828393,2.0071068,5701.47,32004.6181987409,23.83899,5.248,1.0432,0.61492043158713,2590,16.481855,102.6760129443137,54998.62166650946,0.1633757,9.067520000000009,16939.494,,,,,,,,,,,,,,,,,,,,,,,,,,,,,,,,,,,,,,,,,,,,,,,,,,,,,,,,,,,,,,,,,,,,,,,,,,,,,,,,,,,,,,,,,,,,,,,,,,,,,,,,,,,,,,,,,,,,,,,,,,,,,,,,,,,,,,,,,,,,,,,,,,,,,,,,,,,,
H0_5ft_32kHz_epoch_138,H0,5FT,True,0,False,0.13249240175,True,VALID,False,,,,,,,,,,,,,,,,,14.686700507141017,3239.8426962023173,1.1429653036745218,3559.322871142221,20.815779011088235,0.9939777660300637,61.18566866552834,7.448712927477576,1.5014399999999999,3.94112,3114.1127903876272,0.21890371704369674,2.05464310249917,21660873.599028498,32005.571859590968,19.448188177921434,5.292800000000001,3.79136,0.5331071567579373,17,7.780561235097158,41.13366968990886,31993.154582795654,0.00010267172670632144,8.599040000000002,17099.157659418877,14.301147,266.61462,1.7328072,9152.8125,52.94892,0.9873932843724267,61.70981,7.49533224105835,4.2176,3.95008,5282.0723,0.10977253,2.0116131,6092.253,32005.571859590968,25.191462,5.25824,1.04064,0.6918594501071845,2499,17.896467,41.13366968990886,54176.50744300378,0.1580187,9.418239999999994,17286.117,,,,,,,,,,,,,,,,,,,,,,,,,,,,,,,,,,,,,,,,,,,,,,,,,,,,,,,,,,,,,,,,,,,,,,,,,,,,,,,,,,,,,,,,,,,,,,,,,,,,,,,,,,,,,,,,,,,,,,,,,,,,,,,,,,,,,,,,,,,,,,,,,,,,,,,,,,,,
H0_5ft_32kHz_epoch_139,H0,5FT,False,0,False,0.02483928175,False,TOO_EARLY,False,,,,,,,,,,,,,,,,,10.820373221148706,4.899177184435604,186.67577720128855,5126.202441818964,16.408470933431254,0.7962229329059145,33.561268122685625,5.584439374514375,15.92064,3.9321599999999997,27.4604585482605,0.4782645741836769,2.0461188615786474,160165386.2860728,32005.571859590968,12.6241206270007,19.710720000000002,3.79008,0.04371094212897297,37,-3.136449554171205,42.9220901112094,31982.252296337923,2.3950637165824093e-05,34.26304,31241.19524979396,10.60404,4.804758,5.2182035,10788.082,34.19703,0.7962946675777044,33.785088,5.614479064941406,5.48096,3.94112,2067.3938,0.24859403,2.014996,10522.859,32005.571859590968,18.156284,6.525440000000001,1.04448,0.4237192164331422,3094,10.577591,42.9220901112094,50340.80736175957,0.1320383,9.791999999999998,31546.84,,,,,,,,,,,,,,,,,,,,,,,,,,,,,,,,,,,,,,,,,,,,,,,,,,,,,,,,,,,,,,,,,,,,,,,,,,,,,,,,,,,,,,,,,,,,,,,,,,,,,,,,,,,,,,,,,,,,,,,,,,,,,,,,,,,,,,,,,,,,,,,,,,,,,,,,,,,,
H0_5ft_32kHz_epoch_14,H0,5FT,False,0,False,0.46338264175000005,False,TOO_LATE,False,,,,,,,,,,,,,,,,,16.90430671981123,314.49186194234795,0.8774821907909555,1156.7192973483109,13.55250236432588,0.9899910579584567,75.62050325997004,8.138449362084444,0.4992,3.89632,1318.2253833614168,0.08848989310022619,1.6708074624562577,2264042.032349265,31939.40030400286,25.48315962772984,4.26496,3.7657599999999998,0.4533030900158211,11,11.689250949993745,196.72624634303793,31998.438322442435,0.0007331583041699026,7.814399999999999,8535.097550642147,16.278072,184.76697,1.4880716,2137.7026,24.612537,0.9799500570946148,76.367546,8.202174186706543,0.9344,3.91808,1436.5591,0.08049699,1.6230181,3513.2703,31939.40030400286,26.07389,4.09472,3.16032,0.5108910754371895,2007,15.3711405,196.72624634303793,59963.994048783046,0.19988088,8.384000000000002,8685.422,,,,,,,,,,,,,,,,,,,,,,,,,,,,,,,,,,,,,,,,,,,,,,,,,,,,,,,,,,,,,,,,,,,,,,,,,,,,,,,,,,,,,,,,,,,,,,,,,,,,,,,,,,,,,,,,,,,,,,,,,,,,,,,,,,,,,,,,,,,,,,,,,,,,,,,,,,,,
H0_5ft_32kHz_epoch_140,H0,5FT,False,0,False,0.08677592175000001,False,TOO_EARLY,False,,,,,,,,,,,,,,,,,15.4542452185425,3153.022499910159,1.8232457767021018,4091.163026411857,24.802246045486854,0.9943291564954954,68.49632332048317,7.886795999700191,2.39744,3.90016,2243.890033197716,0.2674704307427305,2.06008554146213,21772881.916623693,32009.66783872177,17.690539914539187,6.172160000000001,3.77472,0.5593363026494155,14,5.968641768198322,180.10382598428987,31989.782251806748,8.884441180321333e-05,9.864960000000005,16495.13120266897,14.84822,259.36,2.6359403,10169.235,60.978413,0.9841588014633086,68.9859,7.931457042694092,4.72832,3.92448,3857.9158,0.13395782,1.9901688,4636.773,32009.66783872177,23.305256,5.760000000000001,1.0316800000000002,0.6988570535903931,2517,16.227972,180.10382598428987,55123.03439988121,0.16359602,8.641280000000002,16676.78,,,,,,,,,,,,,,,,,,,,,,,,,,,,,,,,,,,,,,,,,,,,,,,,,,,,,,,,,,,,,,,,,,,,,,,,,,,,,,,,,,,,,,,,,,,,,,,,,,,,,,,,,,,,,,,,,,,,,,,,,,,,,,,,,,,,,,,,,,,,,,,,,,,,,,,,,,,,
H0_5ft_32kHz_epoch_141,H0,5FT,True,0,False,0.10111832175,True,VALID,False,,,,,,,,,,,,,,,,,15.271103424507963,3238.816386564858,1.2564166762822708,3556.704615182165,21.37518107764548,0.9939621880671624,66.59087556125687,7.7361569319565735,1.3760000000000001,3.9103999999999997,2830.8320657652416,0.24775804779997326,2.044555877479247,7200536.408951478,32009.66783872177,18.298071968898096,5.15712,3.7811199999999996,0.5602567673208763,16,6.796902785813344,109.40886625213898,31993.268041922198,0.0002867032246402175,8.602879999999994,16639.412794971853,14.671633,266.0904,1.7941457,8973.348,53.41503,0.9849658849557551,67.107216,7.782153129577637,3.9871999999999996,3.92832,5001.46,0.12359002,1.973711,5605.343,32009.66783872177,24.04676,5.03296,1.04576,0.6667735117071724,2511,16.975548,109.40886625213898,55822.50840562188,0.16952121,8.629760000000001,16799.293,,,,,,,,,,,,,,,,,,,,,,,,,,,,,,,,,,,,,,,,,,,,,,,,,,,,,,,,,,,,,,,,,,,,,,,,,,,,,,,,,,,,,,,,,,,,,,,,,,,,,,,,,,,,,,,,,,,,,,,,,,,,,,,,,,,,,,,,,,,,,,,,,,,,,,,,,,,,
H0_5ft_32kHz_epoch_142,H0,5FT,True,0,False,0.11059928175,True,VALID,False,,,,,,,,,,,,,,,,,15.4811909691591,2810.201160925029,3.775975896666193,4232.955781605944,27.103323264179345,0.9945145839257447,71.86940520060227,8.068477358437494,2.5791999999999997,3.92832,1121.0229878169616,0.23941666681576623,2.0698542182467636,9850399.735955274,32010.93712085487,18.67775710555697,6.3616,3.7824,0.3311523041050955,20,6.949177203534439,37.55682884730777,32010.12397672358,0.00025594641545306714,9.912320000000003,15617.847820161345,14.765277,259.53647,5.830842,11235.229,71.00317,0.9860129089037093,72.41349,8.117355346679688,5.2748800000000005,3.9436799999999996,1926.862,0.12067905,1.9870948,5348.031,32010.93712085487,24.308546,6.3193600000000005,1.04448,0.558984457277746,2673,17.169815,37.55682884730777,54291.94649058247,0.15902768,9.486079999999994,15823.56,,,,,,,,,,,,,,,,,,,,,,,,,,,,,,,,,,,,,,,,,,,,,,,,,,,,,,,,,,,,,,,,,,,,,,,,,,,,,,,,,,,,,,,,,,,,,,,,,,,,,,,,,,,,,,,,,,,,,,,,,,,,,,,,,,,,,,,,,,,,,,,,,,,,,,,,,,,,
H0_5ft_32kHz_epoch_143,H0,5FT,True,0,False,0.12510168175,True,VALID,False,,,,,,,,,,,,,,,,,15.116466057845965,742.8490844030862,18.404051766383315,6468.322737086897,37.90767552435159,0.9938827928654211,65.86785517199804,7.673698092193368,9.63328,3.968,351.461885632165,0.22576660045549746,2.0494725422665834,6729966.26618344,31999.568558760035,19.09214968580513,13.42848,3.7952,0.21566230478294393,16,6.05062542851381,37.030693193031766,32024.57617496828,0.0003514216724596751,20.702720000000006,17063.35893091535,14.66196,262.30914,32.89939,14276.4375,82.76819,0.9860553505621975,66.532555,7.726151466369629,12.3072,3.9577600000000004,433.9423,0.11282825,1.9986175,6391.1953,31999.568558760035,24.922913,13.33376,1.02656,0.23211038315972707,3532,15.548431,37.030693193031766,54962.620691257034,0.1651079,23.43808,17248.701,,,,,,,,,,,,,,,,,,,,,,,,,,,,,,,,,,,,,,,,,,,,,,,,,,,,,,,,,,,,,,,,,,,,,,,,,,,,,,,,,,,,,,,,,,,,,,,,,,,,,,,,,,,,,,,,,,,,,,,,,,,,,,,,,,,,,,,,,,,,,,,,,,,,,,,,,,,,
H0_5ft_32kHz_epoch_144,H0,5FT,True,0,False,0.20649176175,True,VALID,False,,,,,,,,,,,,,,,,,16.14733083226863,3437.58667078711,18.027330518684106,5712.64881906373,35.0253170144595,0.9942094829030328,75.71126140634432,8.221599486713034,9.536,3.93344,316.88822774626306,0.1770050328036196,2.0800416674052933,15657238.719414823,31998.480529205175,21.3969650111888,13.315840000000001,3.77984,0.18676995326438714,18,7.661588973613112,36.56242496754567,32020.603692777717,0.00013734341895130418,20.743680000000015,16310.055999508419,15.580267,275.74033,36.645107,14520.133,87.842285,0.987173487649567,76.33688,8.273857116699219,12.64896,3.9475200000000004,396.2366,0.069830656,2.0204682,5859.2803,31998.480529205175,29.182253,13.331199999999999,0.68224,0.19938316409143805,3545,19.792133,36.56242496754567,54783.38596378285,0.16287719,23.78240000000001,16529.775,,,,,,,,,,,,,,,,,,,,,,,,,,,,,,,,,,,,,,,,,,,,,,,,,,,,,,,,,,,,,,,,,,,,,,,,,,,,,,,,,,,,,,,,,,,,,,,,,,,,,,,,,,,,,,,,,,,,,,,,,,,,,,,,,,,,,,,,,,,,,,,,,,,,,,,,,,,,
H0_5ft_32kHz_epoch_145,H0,5FT,True,0,False,0.10445144175000001,True,VALID,False,,,,,,,,,,,,,,,,,15.27809884076141,3439.5859442255028,181.7167375924741,6451.8633286798,38.639043072480604,0.9942981545492398,68.26870581875237,7.84428713453046,14.96448,3.9833600000000002,35.50505811484938,0.2458431625109351,2.049077014239824,20917892.587817878,31999.568558760035,18.40179897711235,18.752000000000002,3.7875199999999998,0.05035046990642953,42,3.8591850884403103,37.030693193031766,32004.297181893337,0.00012236718569650254,28.16255999999999,16697.782387045943,14.789159,266.5818,306.66217,15302.67,90.59329,0.9852575822733127,68.92081,7.89683198928833,18.04288,3.9577600000000004,49.90074,0.0955081,1.99498,6480.432,31999.568558760035,26.375875,18.70976,0.66688,0.06181960391046247,8438,15.829306,37.030693193031766,55020.54098997579,0.16420315,31.295999999999992,16891.615,,,,,,,,,,,,,,,,,,,,,,,,,,,,,,,,,,,,,,,,,,,,,,,,,,,,,,,,,,,,,,,,,,,,,,,,,,,,,,,,,,,,,,,,,,,,,,,,,,,,,,,,,,,,,,,,,,,,,,,,,,,,,,,,,,,,,,,,,,,,,,,,,,,,,,,,,,,,
H0_5ft_32kHz_epoch_146,H0,5FT,True,0,False,0.11493976175000001,True,VALID,False,,,,,,,,,,,,,,,,,16.0713893695754,1347.6599622093672,2.308978870363893,3544.8010002232404,23.097986419557227,0.9940318643701164,76.91770213737536,8.252129220766031,2.58304,3.93344,1535.2245296486199,0.23484431807722755,2.0664355274450514,13870118.172654318,32009.66783872177,18.84874352862554,6.36416,3.7811199999999996,0.3605777111735797,21,6.345466525685789,31.981053212162806,32009.230364734838,0.00017439663640686728,11.041279999999986,15346.796624756042,15.428167,255.8193,4.9611516,11640.845,74.832115,0.9845198436589224,77.64006,8.311692237854004,5.72928,3.94496,2346.3997,0.08687223,1.9972026,5490.517,32009.66783872177,27.18594,6.34368,0.6144,0.46145227187943,2878,20.156216,31.981053212162806,54924.20336089601,0.16231692,11.644159999999987,15555.947,,,,,,,,,,,,,,,,,,,,,,,,,,,,,,,,,,,,,,,,,,,,,,,,,,,,,,,,,,,,,,,,,,,,,,,,,,,,,,,,,,,,,,,,,,,,,,,,,,,,,,,,,,,,,,,,,,,,,,,,,,,,,,,,,,,,,,,,,,,,,,,,,,,,,,,,,,,,
H0_5ft_32kHz_epoch_147,H0,5FT,True,0,False,0.13002072174999998,True,VALID,False,,,,,,,,,,,,,,,,,15.85224570408562,2933.2467190589628,3.5015444194877396,3492.366723340889,23.512971985762054,0.9943748105879454,77.82364704429521,8.352814612045742,2.67904,3.91936,997.3789576690438,0.2219008165152981,2.066910874025884,10124189.939165464,32009.14870043357,19.381867716317956,6.46272,3.7836800000000004,0.31550560146889456,19,6.713096578471125,153.80415623183217,31993.7272259614,0.00020811192812919592,10.475519999999989,14852.936181166799,15.18566,267.43878,5.4843593,10459.928,69.5684,0.9870285632032232,78.43618,8.407052993774414,5.41056,3.9372799999999994,1907.2288,0.111557595,1.9921267,4608.024,32009.14870043357,24.979988,6.4448,1.03424,0.512053913639799,2987,17.45379,153.80415623183217,54300.574946702836,0.15892497,11.203839999999992,15035.459,,,,,,,,,,,,,,,,,,,,,,,,,,,,,,,,,,,,,,,,,,,,,,,,,,,,,,,,,,,,,,,,,,,,,,,,,,,,,,,,,,,,,,,,,,,,,,,,,,,,,,,,,,,,,,,,,,,,,,,,,,,,,,,,,,,,,,,,,,,,,,,,,,,,,,,,,,,,
H0_5ft_32kHz_epoch_148,H0,5FT,False,0,False,0.03543640175,False,TOO_EARLY,False,,,,,,,,,,,,,,,,,11.107841225468825,4.798445094245909,3.4943374523225335,4863.878490933296,16.008722668943122,0.7974353244710622,35.88815476941615,5.816120868696471,2.6444799999999997,3.9436799999999996,1391.9315341739932,0.41062485047957675,2.071416725570288,121397223.24962199,32005.571859590968,14.055272839745408,6.43072,3.7862400000000003,0.38446342002382344,18,2.8269873833083143,128.76627033362456,31988.538943410724,2.3396483378982573e-05,9.90336,30382.676941297705,10.834564,4.69147,126236860000000.0,12623.686,40.937485,0.7974258000732035,35.857857,5.8219428062438965,,3.9398400000000002,0.0,0.063142225,2.0354893,9319.151,32005.571859590968,30.123985,,0.62208,0,0,22.542831,128.76627033362456,49317.80170379158,0.13233748,0,30836.494,,,,,,,,,,,,,,,,,,,,,,,,,,,,,,,,,,,,,,,,,,,,,,,,,,,,,,,,,,,,,,,,,,,,,,,,,,,,,,,,,,,,,,,,,,,,,,,,,,,,,,,,,,,,,,,,,,,,,,,,,,,,,,,,,,,,,,,,,,,,,,,,,,,,,,,,,,,,
H0_5ft_32kHz_epoch_149,H0,5FT,False,0,False,0.08180312175,False,TOO_EARLY,False,,,,,,,,,,,,,,,,,14.435733434424593,3176.2699169992848,1.3987082456730555,4316.1725425664545,24.29528185288226,0.9942776233965926,59.11760095000566,7.3780486015052125,1.472,3.9321599999999997,3085.827624108544,0.2760748923609537,2.0585057256244936,13072256.762444658,32005.571859590968,17.426478088482185,5.250559999999999,3.7785599999999997,0.5742406508792399,14,6.62183122820113,42.9220901112094,32017.94403349546,0.00018686552445336377,8.596480000000003,17765.476312242838,13.786853,323.71695,2.5735536,5135.227,28.641209,0.9881676399883457,59.395485,7.406341075897217,2.44992,3.93856,1995.3838,0.28339702,1.9750329,6357.767,32005.571859590968,16.845825,6.3616,3.91168,0.518667531558398,2892,6.31702,42.9220901112094,53178.28053172516,0.15457642,10.341120000000009,17929.506,,,,,,,,,,,,,,,,,,,,,,,,,,,,,,,,,,,,,,,,,,,,,,,,,,,,,,,,,,,,,,,,,,,,,,,,,,,,,,,,,,,,,,,,,,,,,,,,,,,,,,,,,,,,,,,,,,,,,,,,,,,,,,,,,,,,,,,,,,,,,,,,,,,,,,,,,,,,
H0_5ft_32kHz_epoch_15,H0,5FT,False,0,False,0.5014664817500001,False,TOO_LATE,False,,,,,,,,,,,,,,,,,15.427991062003773,11.834190542857526,1.0628069138386647,998.5561815893248,10.398289355502817,0.8421010321130623,61.74676968598931,7.131288489840445,0.4032,3.88224,939.5461852827206,0.092088579118049,1.6174820849125555,729422.6035912848,32064.58973349388,24.846454517775285,4.1548799999999995,3.75168,0.39737889942967375,12,10.813475949438896,194.93782592173739,32142.068907635017,0.0032219267016039103,10.046719999999954,9603.081309339352,15.055062,11.580555,1.8918011,1931.1632,19.76627,0.8421707005271382,62.730927,7.216516494750977,0.9228799999999999,3.9103999999999997,1020.8067,0.08639819,1.5920423,4136.4253,32064.58973349388,25.234556,4.09216,3.16928,0.45626726551268854,1967,14.3091345,194.93782592173739,58706.170427691344,0.19059336,10.553600000000053,9769.993,,,,,,,,,,,,,,,,,,,,,,,,,,,,,,,,,,,,,,,,,,,,,,,,,,,,,,,,,,,,,,,,,,,,,,,,,,,,,,,,,,,,,,,,,,,,,,,,,,,,,,,,,,,,,,,,,,,,,,,,,,,,,,,,,,,,,,,,,,,,,,,,,,,,,,,,,,,,
H0_5ft_32kHz_epoch_150,H0,5FT,True,0,False,0.11256664175,True,VALID,False,,,,,,,,,,,,,,,,,14.994097894042996,3131.7051104293955,3.153256491152643,4864.392109795352,28.992296159461112,0.9945007149233489,65.27205292400848,7.725245892161938,2.6035199999999996,3.97056,1542.6566546183194,0.23835135362675508,2.077868794532574,9472026.471108742,32001.99501874837,18.79728125384706,6.391039999999999,3.7875199999999998,0.4076604243811697,20,7.5793908596843025,41.13366968990886,32020.814115265697,0.0002592119657077114,11.165439999999998,16778.223025318803,14.530588,264.99356,2.2089813,10534.59,61.953705,0.9866861973401162,65.785255,7.771636962890625,4.76544,3.9654399999999996,4768.981,0.091483936,2.0271375,5777.6484,32001.99501874837,26.852604,5.40928,0.64384,0.7017942280272548,2156,19.965435,41.13366968990886,53511.322665649786,0.15357412,9.460480000000008,17003.97,,,,,,,,,,,,,,,,,,,,,,,,,,,,,,,,,,,,,,,,,,,,,,,,,,,,,,,,,,,,,,,,,,,,,,,,,,,,,,,,,,,,,,,,,,,,,,,,,,,,,,,,,,,,,,,,,,,,,,,,,,,,,,,,,,,,,,,,,,,,,,,,,,,,,,,,,,,,
H0_5ft_32kHz_epoch_151,H0,5FT,True,0,False,0.22060120175,True,VALID,False,,,,,,,,,,,,,,,,,15.18671890326214,2933.5953070990004,254.24089839712948,5732.285161260443,35.6628384694301,0.9943096447904577,68.73969217574947,7.841711711218196,16.05248,3.9641600000000006,22.54666813000744,0.17165060045425,2.0598931441065003,10471306.016872428,32003.78343916967,21.573764894222105,19.84512,3.79264,0.03630874276368104,36,6.2126768211989445,39.34524926860831,32012.70164251011,0.0002630484593198577,38.35391999999999,16073.552771673169,14.77635,261.46707,383.16837,13629.302,83.77294,0.9890384580330697,69.449615,7.898871898651123,18.737920000000003,3.96032,35.570007,0.08622705,2.0164015,6085.203,32003.78343916967,27.362127,19.78368,1.04576,0.05935722008451533,8386,15.972057,39.34524926860831,54344.12653520014,0.15956524,31.564800000000005,16269.337,,,,,,,,,,,,,,,,,,,,,,,,,,,,,,,,,,,,,,,,,,,,,,,,,,,,,,,,,,,,,,,,,,,,,,,,,,,,,,,,,,,,,,,,,,,,,,,,,,,,,,,,,,,,,,,,,,,,,,,,,,,,,,,,,,,,,,,,,,,,,,,,,,,,,,,,,,,,
H0_5ft_32kHz_epoch_152,H0,5FT,True,0,False,0.24269016175,True,VALID,False,,,,,,,,,,,,,,,,,15.090904995175947,3914.577317647139,2.782193950044644,4717.0555755368,28.39426447136624,0.9943681148903757,63.62111143279242,7.557042017991055,2.43072,3.9257600000000004,1695.4445521171626,0.16225058133476503,2.0809433976130873,15429545.099689113,31998.41817790577,22.148692662087424,6.20416,3.77344,0.41607996690872345,17,10.912880451565377,32.19156758340614,32021.340295700094,0.0001770528338696237,9.881600000000018,16612.705640935386,14.236295,308.96692,3.9606798,10039.117,59.723198,0.9906138089560615,63.950996,7.59194278717041,4.52096,3.94112,2534.6956,0.10377556,1.9746863,6023.615,31998.41817790577,25.528757,6.1337600000000005,1.6128,0.490993982505989,2790,18.116343,32.19156758340614,53136.418052778376,0.15445149,10.653439999999986,16809.41,,,,,,,,,,,,,,,,,,,,,,,,,,,,,,,,,,,,,,,,,,,,,,,,,,,,,,,,,,,,,,,,,,,,,,,,,,,,,,,,,,,,,,,,,,,,,,,,,,,,,,,,,,,,,,,,,,,,,,,,,,,,,,,,,,,,,,,,,,,,,,,,,,,,,,,,,,,,
H0_5ft_32kHz_epoch_153,H0,5FT,True,0,False,0.24212696175,True,VALID,False,,,,,,,,,,,,,,,,,15.82701883953861,3755.7314305575546,123.39501025403177,6421.726907290092,38.29213957903869,0.9941946033431531,72.30360313748356,8.04567448484025,14.81728,3.9488,52.04203066280738,0.1637122536507449,2.0673489336642583,13244509.47317324,32004.839211808227,22.02229498074269,18.59968,3.7824,0.052143781189447874,34,7.405169018318122,39.74176626907138,32008.546120153253,0.00019386234796708564,39.06304000000002,16770.352813623766,15.435306,295.54974,217.0449,14318.595,84.33645,0.9884467757695437,73.04356,8.101341247558594,17.45408,3.94624,65.97066,0.08220129,2.0286236,5947.391,32004.839211808227,27.79329,18.48448,1.0304,0.07799327397344635,6432,16.895693,39.74176626907138,54830.65890627547,0.16348675,27.75679999999997,16977.943,,,,,,,,,,,,,,,,,,,,,,,,,,,,,,,,,,,,,,,,,,,,,,,,,,,,,,,,,,,,,,,,,,,,,,,,,,,,,,,,,,,,,,,,,,,,,,,,,,,,,,,,,,,,,,,,,,,,,,,,,,,,,,,,,,,,,,,,,,,,,,,,,,,,,,,,,,,,
H0_5ft_32kHz_epoch_154,H0,5FT,True,0,False,0.19892952175,True,VALID,False,,,,,,,,,,,,,,,,,15.380926118498508,2936.1560325768414,134.89947378673799,5468.275654554725,34.61095299094666,0.9942238028410346,69.7070288603086,7.863795567333705,15.86688,3.9488,40.53593020819347,0.1802614262632817,2.0683579709768414,17627117.960552428,32007.360280012268,21.1935896192293,19.65184,3.78496,0.058931894253995754,27,5.633895669342342,37.55682884730777,32002.51091921167,0.000135333542810466,34.20160000000003,15799.263475885948,14.901818,267.53464,230.15964,13382.358,83.66135,0.9887570016779774,70.463455,7.924229145050049,18.48704,3.9488,58.14381,0.089988805,2.0163598,5736.2095,32007.360280012268,26.975677,19.5136,1.02656,0.0676170147279971,7026,15.580055,37.55682884730777,54357.09115169783,0.15907228,36.875519999999995,15995.867,,,,,,,,,,,,,,,,,,,,,,,,,,,,,,,,,,,,,,,,,,,,,,,,,,,,,,,,,,,,,,,,,,,,,,,,,,,,,,,,,,,,,,,,,,,,,,,,,,,,,,,,,,,,,,,,,,,,,,,,,,,,,,,,,,,,,,,,,,,,,,,,,,,,,,,,,,,,
H0_5ft_32kHz_epoch_155,H0,5FT,True,0,False,0.20368600174999998,True,VALID,False,,,,,,,,,,,,,,,,,15.979116004633203,3675.8264440962835,10.967793878319915,4061.879906584026,27.45285675553626,0.994496260204814,79.14437503370672,8.41085151129689,9.44384,3.9360000000000004,370.3461198894396,0.17881552822277724,2.0794444087659385,22190610.747088976,32009.14870043357,21.300563766773376,13.22752,3.7836800000000004,0.19611615332231636,29,6.132291607780596,67.95997600941337,32001.647632147346,0.00010236421468261728,20.61439999999998,14795.836887776215,15.297414,291.4881,28.740747,12899.914,86.03727,0.9895526218195411,79.64653,8.459083557128906,12.43648,3.95008,448.8371,0.07143037,2.0039787,5243.2866,32009.14870043357,28.891594,13.12768,0.6912,0.21010930192107452,4958,19.145172,67.95997600941337,53763.84215721998,0.15693605,23.616,14993.402,,,,,,,,,,,,,,,,,,,,,,,,,,,,,,,,,,,,,,,,,,,,,,,,,,,,,,,,,,,,,,,,,,,,,,,,,,,,,,,,,,,,,,,,,,,,,,,,,,,,,,,,,,,,,,,,,,,,,,,,,,,,,,,,,,,,,,,,,,,,,,,,,,,,,,,,,,,,
H0_5ft_32kHz_epoch_156,H0,5FT,True,0,False,0.18767576175,True,VALID,False,,,,,,,,,,,,,,,,,15.544484249128496,3352.2945882587774,213.4556593810087,7132.671058943754,40.747174316953206,0.9943785318629894,69.50861491544046,7.9340836410357465,15.970560000000003,3.9590399999999994,33.41523518095584,0.18592408526880513,2.074422583937242,14655712.498299992,32000.070199855938,20.926410296951875,19.756800000000002,3.7862400000000003,0.051706419075034,29,6.494393621356113,44.51077822135994,32004.689376633545,0.0001833506828993069,29.844480000000008,17504.701070709845,15.009489,279.82883,204.45926,16173.788,91.29339,0.9871626112269328,70.07325,7.981576442718506,19.098879999999998,3.95648,79.10519,0.069889165,2.015096,5671.027,32000.070199855938,29.154629,19.7312,0.63232,0.08904458155982217,5165,18.548868,44.51077822135994,54628.582739444275,0.16151597,31.951359999999983,17716.275,,,,,,,,,,,,,,,,,,,,,,,,,,,,,,,,,,,,,,,,,,,,,,,,,,,,,,,,,,,,,,,,,,,,,,,,,,,,,,,,,,,,,,,,,,,,,,,,,,,,,,,,,,,,,,,,,,,,,,,,,,,,,,,,,,,,,,,,,,,,,,,,,,,,,,,,,,,,
H0_5ft_32kHz_epoch_157,H0,5FT,False,0,False,0.03239640175,False,TOO_EARLY,False,,,,,,,,,,,,,,,,,11.023185834902721,4.958919538715638,1.4680552647764702,4017.108310114321,11.515253326506794,0.7961227617872532,33.06053440110293,5.557604729110528,1.46688,3.95136,2736.3467891829187,0.4289846996638266,2.076685434244283,60376794.346447535,32001.6598705067,13.68676307500078,5.2544,3.7875199999999998,0.5898530878622785,16,2.4970328412580756,34.97275431678281,31997.75036056611,5.634836289257153e-05,8.572159999999995,34885.10583494838,10.745433,4.8355618,1.9256563,10348.608,29.360775,0.7961801067291965,33.289852,5.587761402130127,4.59264,3.9539199999999997,5374.0684,0.16760433,2.0348141,11774.509,32001.6598705067,21.6029,5.23008,0.63744,0.6982300578033328,2331,14.780848,34.97275431678281,50411.017735461406,0.13314404,9.815039999999996,35246.375,,,,,,,,,,,,,,,,,,,,,,,,,,,,,,,,,,,,,,,,,,,,,,,,,,,,,,,,,,,,,,,,,,,,,,,,,,,,,,,,,,,,,,,,,,,,,,,,,,,,,,,,,,,,,,,,,,,,,,,,,,,,,,,,,,,,,,,,,,,,,,,,,,,,,,,,,,,,
H0_5ft_32kHz_epoch_158,H0,5FT,True,0,False,0.21078488174999999,True,VALID,False,,,,,,,,,,,,,,,,,15.971872816099422,3312.5665624639396,9.511444721067223,5608.450316505712,33.90364720047317,0.9946217117928244,75.12658977871119,8.270107103965566,4.170240000000001,3.93856,589.6528320332255,0.17548970504707584,2.0720376240491776,14954640.855522055,32011.197894411278,21.416021936986844,7.96032,3.79008,0.2957744685856481,19,9.902204929001797,133.53233466407983,31988.184819738228,0.00015579818503115553,12.200960000000011,16542.32148931577,15.265921,265.21014,3.799785,12166.401,72.65812,0.987288408680937,75.74784,8.321067810058594,6.1824,3.95264,3201.8657,0.06269595,1.9925334,4930.6094,32011.197894411278,30.011091,6.75584,0.5734400000000001,0.6346490148542153,3125,22.912205,133.53233466407983,55014.47029799114,0.1635476,11.628800000000023,16744.723,,,,,,,,,,,,,,,,,,,,,,,,,,,,,,,,,,,,,,,,,,,,,,,,,,,,,,,,,,,,,,,,,,,,,,,,,,,,,,,,,,,,,,,,,,,,,,,,,,,,,,,,,,,,,,,,,,,,,,,,,,,,,,,,,,,,,,,,,,,,,,,,,,,,,,,,,,,,
H0_5ft_32kHz_epoch_159,H0,5FT,True,0,False,0.23555928175,True,VALID,False,,,,,,,,,,,,,,,,,15.438529338982397,3839.7560590938656,6.66871264285783,6323.501432368996,35.97732726326924,0.9946668686780221,71.12871477576505,8.143254724089328,2.8710400000000003,3.9424000000000006,948.2342051641374,0.16573337772921926,2.0644950938354216,6754367.028829054,32012.78756506204,21.88560020985654,6.66112,3.79008,0.34152007159549497,19,11.69267891405078,123.9943107595027,31995.281600463175,0.0003398779082460007,11.458559999999979,17576.35131174652,15.041196,286.09973,2.8784943,12054.627,67.839584,0.9885468088704226,71.648026,8.185426712036133,6.009600000000001,3.95136,4187.8237,0.0629956,2.0223727,5235.4463,32012.78756506204,30.099422,6.639360000000001,0.6297600000000001,0.7462925788151201,2581,22.901266,123.9943107595027,54740.85212317849,0.16331688,11.143680000000018,17769.312,,,,,,,,,,,,,,,,,,,,,,,,,,,,,,,,,,,,,,,,,,,,,,,,,,,,,,,,,,,,,,,,,,,,,,,,,,,,,,,,,,,,,,,,,,,,,,,,,,,,,,,,,,,,,,,,,,,,,,,,,,,,,,,,,,,,,,,,,,,,,,,,,,,,,,,,,,,,
H0_5ft_32kHz_epoch_16,H0,5FT,True,0,False,0.44637528175,True,VALID,False,,,,,,,,,,,,,,,,,16.894684430247292,1213.0373620146968,1.222002506864594,1512.2739375344524,14.815235310882887,0.9934382518702642,84.65451508459778,8.647136591068701,0.91904,3.90912,1237.5375083431807,0.1004409502805617,1.7716201409828742,5303451.769973821,31974.320358855693,24.90230951277055,4.68352,3.7644800000000003,0.4040557228487288,15,11.363291067397657,185.1534659651552,31955.817470502818,0.00040473123122443725,10.02367999999998,10207.559352253827,16.149807,227.88097,1.1393046,1573.7446,15.205702,0.982904565284596,85.234665,8.702147483825684,0.5081600000000001,3.9372799999999994,1381.3203,0.09913711,1.7052606,3788.998,31974.320358855693,24.670998,4.09984,3.5916799999999998,0.46587070334545216,2058,12.222527,185.1534659651552,59841.35050187568,0.1968329,10.140160000000009,10349.7,,,,,,,,,,,,,,,,,,,,,,,,,,,,,,,,,,,,,,,,,,,,,,,,,,,,,,,,,,,,,,,,,,,,,,,,,,,,,,,,,,,,,,,,,,,,,,,,,,,,,,,,,,,,,,,,,,,,,,,,,,,,,,,,,,,,,,,,,,,,,,,,,,,,,,,,,,,,
H0_5ft_32kHz_epoch_160,H0,5FT,True,0,False,0.27806424175,True,VALID,False,,,,,,,,,,,,,,,,,14.771625847172954,3867.348714947777,2.9080132464339186,5120.806850580755,29.918372282068606,0.9940743834626673,60.971210666761614,7.415920848851986,2.7520000000000002,3.95008,1760.9296851931754,0.15210300065488566,2.0675371075140894,7416077.446005599,32001.99501874837,22.6264902536057,6.54464,3.79264,0.4010153067152019,19,11.599191461101627,101.93996401412005,32016.10921036435,0.000312144018511648,11.426559999999974,17115.927304808123,14.447004,287.97113,2.9542804,11858.11,68.53358,0.9900924543937409,61.64218,7.46944522857666,5.88288,3.9475200000000004,4013.8743,0.054362807,2.0331,6118.4097,32001.99501874837,31.400908,6.46016,0.57728,0.6013120117306028,3184,24.235168,101.93996401412005,53940.304110703015,0.15725349,11.116799999999982,17302.629,,,,,,,,,,,,,,,,,,,,,,,,,,,,,,,,,,,,,,,,,,,,,,,,,,,,,,,,,,,,,,,,,,,,,,,,,,,,,,,,,,,,,,,,,,,,,,,,,,,,,,,,,,,,,,,,,,,,,,,,,,,,,,,,,,,,,,,,,,,,,,,,,,,,,,,,,,,,
H0_5ft_32kHz_epoch_161,H0,5FT,True,0,False,0.39033432175000005,True,VALID,False,,,,,,,,,,,,,,,,,15.723975447414668,3347.9083170104122,6.415020870385357,4220.2931672599525,27.761388806449116,0.9944699056771062,75.13052484190582,8.233433207729364,4.30208,3.9436799999999996,657.8767633854625,0.12929218545926985,2.0741390618306,20649788.604031745,32009.14870043357,24.08740287163575,8.094719999999999,3.79264,0.2851096721325364,23,11.248334574898397,130.5546907549251,31991.77450963211,0.0001011638939572355,12.225280000000005,15202.024641791437,15.116459,271.08765,11.130631,12750.826,82.80428,0.9878359752042546,75.78998,8.288339614868164,7.41376,3.95264,1145.5618,0.048679784,2.0068629,5220.0903,32009.14870043357,32.26867,8.03712,0.62336,0.3558401930383909,3098,24.560883,130.5546907549251,54257.45581645732,0.15860881,14.446080000000027,15398.752,,,,,,,,,,,,,,,,,,,,,,,,,,,,,,,,,,,,,,,,,,,,,,,,,,,,,,,,,,,,,,,,,,,,,,,,,,,,,,,,,,,,,,,,,,,,,,,,,,,,,,,,,,,,,,,,,,,,,,,,,,,,,,,,,,,,,,,,,,,,,,,,,,,,,,,,,,,,
H0_5ft_32kHz_epoch_162,H0,5FT,True,0,False,0.22294744175,True,VALID,False,,,,,,,,,,,,,,,,,15.823620273713402,3930.6437104014344,2.8700863744140777,4227.760763697566,26.364011407259287,0.9940380605251441,72.39859893379672,8.025189947953802,2.7097599999999997,3.94624,1473.0430419747795,0.17020162853671147,2.079767928456789,17888639.396477062,31997.88534543308,21.735526000706933,6.49472,3.78496,0.30883505947891843,21,9.814537980658223,31.981053212162806,32013.962197683897,0.00015491586375360853,11.487999999999998,16036.105804951341,15.250564,295.39035,3.8037014,11600.0205,71.44178,0.9890209160387674,73.086876,8.081085205078125,5.792000000000001,3.95008,3049.6665,0.06398955,2.0169663,5926.852,31997.88534543308,29.969906,6.41536,0.62336,0.5277089684471328,3289,22.752573,31.981053212162806,54176.84960321231,0.16023223,11.107840000000008,16237.025,,,,,,,,,,,,,,,,,,,,,,,,,,,,,,,,,,,,,,,,,,,,,,,,,,,,,,,,,,,,,,,,,,,,,,,,,,,,,,,,,,,,,,,,,,,,,,,,,,,,,,,,,,,,,,,,,,,,,,,,,,,,,,,,,,,,,,,,,,,,,,,,,,,,,,,,,,,,
H0_5ft_32kHz_epoch_163,H0,5FT,True,0,False,0.24684120175,True,VALID,False,,,,,,,,,,,,,,,,,14.870247576644832,2982.6839557358417,9.56815297161228,5878.476303263211,34.862432713715855,0.9944729437943342,65.00926230346631,7.7099547450846755,4.5324800000000005,4.11008,614.3794231449983,0.16267973259380772,2.0658393141046147,16510778.692308864,32000.20659832707,22.05809281991936,8.32768,3.7952,0.19752405404336415,24,10.559640278951715,100.15154359281951,32004.620889171874,0.0001684107920177206,22.414080000000002,16861.922263245902,14.284928,262.27982,9.932681,7849.621,46.022854,0.9896242678584091,65.614174,7.76082181930542,5.245439999999999,3.9744,790.2822,0.14656265,1.9959081,6066.0864,32000.20659832707,22.581873,8.28416,3.03872,0.3077728929848495,3668,12.742327,100.15154359281951,53867.5099213099,0.15525106,12.893440000000005,17055.92,,,,,,,,,,,,,,,,,,,,,,,,,,,,,,,,,,,,,,,,,,,,,,,,,,,,,,,,,,,,,,,,,,,,,,,,,,,,,,,,,,,,,,,,,,,,,,,,,,,,,,,,,,,,,,,,,,,,,,,,,,,,,,,,,,,,,,,,,,,,,,,,,,,,,,,,,,,,
H0_5ft_32kHz_epoch_164,H0,5FT,True,0,False,0.27674072175000003,True,VALID,False,,,,,,,,,,,,,,,,,15.604948169511337,3363.985998876532,6.104965645137064,5348.871240447068,32.26507529726589,0.9947696862062192,71.7389339417753,8.132776455145082,2.90688,3.9654399999999996,876.1509157233544,0.15352303472854065,2.0853868405131255,28224223.315025065,32011.351052048725,22.645343127342773,6.69184,3.78496,0.3494648997753628,18,11.602642153511942,134.65706615648014,32000.393899695755,8.78129359145094e-05,11.430400000000008,16577.897900955137,15.058817,295.69144,3.8584907,12134.608,72.312706,0.9899563724080538,72.07458,8.167362213134766,6.09408,3.96032,3144.9106,0.05752397,2.024678,5255.132,32011.351052048725,30.917265,6.71744,0.62336,0.6808054295072546,2846,23.674658,134.65706615648014,53669.12733478185,0.15640354,11.161599999999993,16780.742,,,,,,,,,,,,,,,,,,,,,,,,,,,,,,,,,,,,,,,,,,,,,,,,,,,,,,,,,,,,,,,,,,,,,,,,,,,,,,,,,,,,,,,,,,,,,,,,,,,,,,,,,,,,,,,,,,,,,,,,,,,,,,,,,,,,,,,,,,,,,,,,,,,,,,,,,,,,
H0_5ft_32kHz_epoch_165,H0,5FT,True,0,False,0.29419480175,True,VALID,False,,,,,,,,,,,,,,,,,15.596475202173892,3226.0573335693034,20.24741740392548,4846.313197302266,31.375325812154664,0.9946614590767986,73.14958157315857,8.092391868833234,9.428479999999999,3.9833600000000002,239.3546347476721,0.14920442896015298,2.0737809133314404,11678676.65451686,32000.20659832707,22.843788027977503,13.221119999999999,3.79264,0.1658777574365986,22,8.467664921663253,37.55682884730777,32005.53735768409,0.00017279030508972988,21.809919999999984,15446.25616421422,14.882262,263.25015,11.26102,12999.612,83.106186,0.9894635009928616,73.82717,8.14867877960205,7.71328,3.968,1154.3904,0.05613882,1.9913263,5605.676,32000.20659832707,30.979242,8.33152,0.61824,0.35250471490960256,3605,23.247843,37.55682884730777,54404.10769729378,0.15883087,14.429440000000016,15642.172,,,,,,,,,,,,,,,,,,,,,,,,,,,,,,,,,,,,,,,,,,,,,,,,,,,,,,,,,,,,,,,,,,,,,,,,,,,,,,,,,,,,,,,,,,,,,,,,,,,,,,,,,,,,,,,,,,,,,,,,,,,,,,,,,,,,,,,,,,,,,,,,,,,,,,,,,,,,
H0_5ft_32kHz_epoch_166,H0,5FT,True,0,False,0.31538520175,True,VALID,False,,,,,,,,,,,,,,,,,15.534529184893591,3027.3345630129324,3.3436062607450525,4216.098543816229,26.721804305353874,0.9945041464235894,70.12149283448893,7.942970054075408,2.67264,3.91936,1260.9434888653502,0.14342391643593608,2.087590826701284,24783298.701322325,32000.20659832707,23.252518209586345,6.45376,3.7811199999999996,0.3092813879065605,20,11.310182210683026,107.30522527802168,32003.403489940676,9.759801873624062e-05,11.105279999999995,15777.746501090427,14.913667,268.53952,3.8877337,11385.79,71.16521,0.9894375090747424,70.821785,8.000454902648926,5.73952,3.93856,2928.6445,0.05639658,2.0181668,5367.171,32000.20659832707,30.998648,6.39872,0.6592,0.5466486823972909,3038,23.775497,107.30522527802168,53760.24503704051,0.1559595,11.069439999999986,15999.096,,,,,,,,,,,,,,,,,,,,,,,,,,,,,,,,,,,,,,,,,,,,,,,,,,,,,,,,,,,,,,,,,,,,,,,,,,,,,,,,,,,,,,,,,,,,,,,,,,,,,,,,,,,,,,,,,,,,,,,,,,,,,,,,,,,,,,,,,,,,,,,,,,,,,,,,,,,,
H0_5ft_32kHz_epoch_167,H0,5FT,True,0,False,0.11774168175000001,True,VALID,False,,,,,,,,,,,,,,,,,11.332078915733918,251.94098617288554,4.05637495099673,5733.422775934845,16.41676757115555,0.796133685048992,34.720032927197146,5.681632052873879,2.74048,3.9398400000000002,1413.4351102147562,0.23311465943643314,2.0790998542443178,8817883218.42466,32011.554520604986,19.00481059424023,6.52928,3.7888,0.38092548840350665,19,8.391185246273391,105.42006099182981,31991.49718715224,4.914000412330574e-07,11.394559999999998,34924.188035703926,40.10322,14.9784565,4.824209,85945.39,61.94565,0.784990634129033,92.9103,8.300749778747559,4.60928,,17815.436,1e-10,14.665193,3133.4417,32011.554520604986,207.63863,,,0.139745853196952,1031,96.431885,32023.60252757548,37620.30588067646,0.19742242,118.16448,138743.23,,,,,,,,,,,,,,,,,,,,,,,,,,,,,,,,,,,,,,,,,,,,,,,,,,,,,,,,,,,,,,,,,,,,,,,,,,,,,,,,,,,,,,,,,,,,,,,,,,,,,,,,,,,,,,,,,,,,,,,,,,,,,,,,,,,,,,,,,,,,,,,,,,,,,,,,,,,,
H0_5ft_32kHz_epoch_168,H0,5FT,False,0,False,0.07813336175,False,TOO_EARLY,False,,,,,,,,,,,,,,,,,14.858295594980238,3387.852015484964,8.25990020408084,5801.851892688504,34.419268064446015,0.9943725145963863,64.2302687204175,7.647466351607666,4.20864,3.97312,702.4118632597097,0.2844725627193568,2.0638412821846823,24229419.33200285,32007.360280012268,17.212587980448074,8.00384,3.7952,0.31207715522625395,22,5.824483235390389,118.03574780582494,31979.034469899078,0.00010129413616004881,12.227840000000004,16856.40694574094,14.372542,275.54318,5.312064,7284.5713,42.72877,0.9858340637806084,64.774155,7.694479942321777,3.71712,3.96672,1371.3259,0.25636107,2.0077066,5518.607,32007.360280012268,17.796915,6.74688,3.02976,0.40561733546833056,2918,8.459366,118.03574780582494,53703.42041781267,0.1561032,12.012800000000004,17048.398,,,,,,,,,,,,,,,,,,,,,,,,,,,,,,,,,,,,,,,,,,,,,,,,,,,,,,,,,,,,,,,,,,,,,,,,,,,,,,,,,,,,,,,,,,,,,,,,,,,,,,,,,,,,,,,,,,,,,,,,,,,,,,,,,,,,,,,,,,,,,,,,,,,,,,,,,,,,
H0_5ft_32kHz_epoch_169,H0,5FT,False,0,False,0.09261528175,False,TOO_EARLY,False,,,,,,,,,,,,,,,,,15.64904316343016,3283.3922190447256,3.273202528909294,4328.173935475591,27.04528247000218,0.9944425337940505,73.56658049279605,8.142804687738552,2.7929600000000003,3.94112,1322.305569926805,0.26190272539664594,2.05472614984408,29102458.13829751,32007.984625394813,17.883396884116845,6.58048,3.7875199999999998,0.3747798038691592,18,6.124666475566074,114.45850623300794,31971.662607675455,8.989807540506929e-05,10.453759999999992,16003.434019505048,15.415441,286.6181,3.7113743,6138.9756,37.927486,0.9852135243112519,74.227234,8.195354461669922,3.456,3.9475200000000004,1654.0977,0.23606844,2.0355716,5358.4297,32007.984625394813,18.696514,6.48448,3.02848,0.44769329497531335,2986,8.60469,114.45850623300794,54503.70468861404,0.161976,9.822720000000007,16186.085,,,,,,,,,,,,,,,,,,,,,,,,,,,,,,,,,,,,,,,,,,,,,,,,,,,,,,,,,,,,,,,,,,,,,,,,,,,,,,,,,,,,,,,,,,,,,,,,,,,,,,,,,,,,,,,,,,,,,,,,,,,,,,,,,,,,,,,,,,,,,,,,,,,,,,,,,,,,
H0_5ft_32kHz_epoch_17,H0,5FT,True,0,False,0.47834712175000005,True,VALID,False,,,,,,,,,,,,,,,,,16.05941865504975,82.01003472809393,0.7017614262174305,1517.8041576305409,12.271332871781643,0.9705466700012296,77.74311292162892,8.329996498305999,0.9830399999999999,3.9219199999999996,2162.8492261417077,0.10439064015288889,1.8537509577706308,146819.99976112414,31992.83570545221,24.94741550112234,4.746239999999999,3.7632,0.5676842559832128,16,10.995766268453568,131.2906395025675,33174.209390280215,0.013456286737401629,9.759999999999991,12368.698441232671,15.536877,76.09659,0.7419594,1706.2786,13.654581,0.9672887038151111,78.20323,8.374635696411133,1.0803200000000002,3.95008,2299.6926,0.103111155,1.80264,4578.823,31992.83570545221,24.851536,4.6784,3.59808,0.5996917001066022,2193,11.65537,131.2906395025675,58855.48263795051,0.19237635,9.803519999999954,12496.016,,,,,,,,,,,,,,,,,,,,,,,,,,,,,,,,,,,,,,,,,,,,,,,,,,,,,,,,,,,,,,,,,,,,,,,,,,,,,,,,,,,,,,,,,,,,,,,,,,,,,,,,,,,,,,,,,,,,,,,,,,,,,,,,,,,,,,,,,,,,,,,,,,,,,,,,,,,,
H0_5ft_32kHz_epoch_170,H0,5FT,True,0,False,0.13069784175,True,VALID,False,,,,,,,,,,,,,,,,,15.079956880864545,3760.445256386723,5.546746023252845,5313.084933692411,31.942476707638047,0.9948815178771253,65.70636265521634,7.741187015415026,2.70208,3.94496,957.874204338644,0.22155270172702027,2.080721635521207,15003679.910226034,31998.41817790577,19.446353808112082,6.49088,3.7888,0.2968720130325455,21,8.527091821638228,121.61258864842603,31996.890612536634,0.00014022943267765002,11.130879999999982,16633.29046874415,14.679916,302.34906,4.341869,12372.656,73.44801,0.988449684601305,66.2125,7.784843921661377,5.79072,3.95264,2849.6152,0.08622146,2.038402,5252.307,31998.41817790577,27.425432,6.43968,0.64896,0.5492163564522546,2828,20.426435,121.61258864842603,53031.1876406548,0.15258427,9.725440000000003,16845.46,,,,,,,,,,,,,,,,,,,,,,,,,,,,,,,,,,,,,,,,,,,,,,,,,,,,,,,,,,,,,,,,,,,,,,,,,,,,,,,,,,,,,,,,,,,,,,,,,,,,,,,,,,,,,,,,,,,,,,,,,,,,,,,,,,,,,,,,,,,,,,,,,,,,,,,,,,,,
H0_5ft_32kHz_epoch_171,H0,5FT,True,0,False,0.23647960175,True,VALID,False,,,,,,,,,,,,,,,,,14.552094717675233,3825.94308455751,4.047416872823828,5936.698618489758,33.45184149523382,0.9939826877797068,60.20155326015499,7.43611433149299,2.8096,3.96032,1466.787040976928,0.1656655220659855,2.0740193131212483,9341267.126129393,32003.78343916967,21.940124894608786,6.59968,3.79008,0.394628662312739,18,11.462737028743442,39.34524926860831,32014.33578774182,0.0002909132335380979,11.42656000000003,17747.000921714814,14.123785,283.92554,2.8092282,11990.717,66.78366,0.9899644142129155,60.76566,7.482511520385742,5.8406400000000005,3.95648,4268.3315,0.065335974,2.024713,6287.1553,32003.78343916967,29.803688,6.50368,0.6630400000000001,0.6983124166447054,2976,22.655725,39.34524926860831,53411.49852780843,0.15575986,11.549439999999993,17954.566,,,,,,,,,,,,,,,,,,,,,,,,,,,,,,,,,,,,,,,,,,,,,,,,,,,,,,,,,,,,,,,,,,,,,,,,,,,,,,,,,,,,,,,,,,,,,,,,,,,,,,,,,,,,,,,,,,,,,,,,,,,,,,,,,,,,,,,,,,,,,,,,,,,,,,,,,,,,
H0_5ft_32kHz_epoch_172,H0,5FT,False,0,False,0.08202072175000001,False,TOO_EARLY,False,,,,,,,,,,,,,,,,,15.603844447550598,3321.0658428782017,3.591082442851094,5079.167441940199,30.309093988018954,0.994052191965892,68.48111214736554,7.888839489854169,2.3232,3.94112,1414.3834130155194,0.2763212687211365,2.0965294530169216,8288051.506878348,31997.88534543308,17.56327759227912,6.10304,3.77984,0.331698388139934,22,6.674227174678137,37.030693193031766,32042.30148339552,0.0003097868972051094,9.180159999999994,16757.899275867305,15.911095,294.55652,47278653000.0,4.727865,0.027272137,0.9330713246289456,67.55981,7.8607096672058105,,,0.0,0.053217318,2.1743655,3528.4019,31997.88534543308,30.438974,,0.21631999999999998,0,0,30.438972,35.347479866075446,59649.536588167466,0.22753242,0,17335.88,,,,,,,,,,,,,,,,,,,,,,,,,,,,,,,,,,,,,,,,,,,,,,,,,,,,,,,,,,,,,,,,,,,,,,,,,,,,,,,,,,,,,,,,,,,,,,,,,,,,,,,,,,,,,,,,,,,,,,,,,,,,,,,,,,,,,,,,,,,,,,,,,,,,,,,,,,,,
H0_5ft_32kHz_epoch_173,H0,5FT,True,0,False,0.18101848175,True,VALID,False,,,,,,,,,,,,,,,,,14.820256271395728,1711.6805714260333,19.681352424690843,5265.524475303051,33.117195892514694,0.9944020207474472,65.04912741969727,7.640259412717635,10.00704,3.9692800000000004,267.5387525043922,0.1896386949684049,2.0648560180357975,43538324.49171464,32008.560339312484,20.724235681704457,13.80608,3.79904,0.19221840526880482,22,6.549294127412133,34.33780833825949,31984.990649752628,6.380679912008326e-05,21.75104,15899.668837883573,14.2969475,266.015,41.34954,14411.152,89.57766,0.9895365340403626,65.702065,7.695187568664551,13.175040000000001,3.96288,348.52026,0.06784898,2.0037007,6111.934,32008.560339312484,29.393682,13.74592,0.5708799999999999,0.20625073624515566,4431,19.874647,34.33780833825949,53687.78389527191,0.15551147,24.961280000000002,16087.886,,,,,,,,,,,,,,,,,,,,,,,,,,,,,,,,,,,,,,,,,,,,,,,,,,,,,,,,,,,,,,,,,,,,,,,,,,,,,,,,,,,,,,,,,,,,,,,,,,,,,,,,,,,,,,,,,,,,,,,,,,,,,,,,,,,,,,,,,,,,,,,,,,,,,,,,,,,,
H0_5ft_32kHz_epoch_174,H0,5FT,True,0,False,0.31558616175000004,True,VALID,False,,,,,,,,,,,,,,,,,14.990841365666938,228.03537941192914,3.953257840926863,4870.28623502335,29.54449600132824,0.9915626518001306,66.53691857934719,7.785298680272351,2.83392,3.95648,1231.9677670913286,0.1440441179489302,2.059158401223247,270122619.51257104,32007.360280012268,23.091718116498512,6.6291199999999995,3.7952,0.3505767127541405,18,11.793540271111624,110.88206612062277,31964.419016606465,7.866592227880303e-06,12.239360000000033,16484.580528313516,42.317844,14.934906,643.48944,69458.83,69.305824,0.8286852867152883,119.26273,9.635076522827148,3.7824,,107.940895,1e-10,14.332675,2445.3826,1.7884204213003447,207.63765,,,0.004681400605260571,16577,95.50563,189.57256465783655,38521.80140568047,0.21478145,78.67008,100220.766,,,,,,,,,,,,,,,,,,,,,,,,,,,,,,,,,,,,,,,,,,,,,,,,,,,,,,,,,,,,,,,,,,,,,,,,,,,,,,,,,,,,,,,,,,,,,,,,,,,,,,,,,,,,,,,,,,,,,,,,,,,,,,,,,,,,,,,,,,,,,,,,,,,,,,,,,,,,
H0_5ft_32kHz_epoch_175,H0,5FT,True,0,False,0.34148568175000005,True,VALID,False,,,,,,,,,,,,,,,,,14.593045914367183,3028.9558120169922,4.819886350904887,6659.265165660085,36.189803046286364,0.9944824752766785,62.05516436110122,7.595737911172265,2.69952,3.95264,1381.6228601343246,0.13825899587810134,2.054591850453048,13200056.352829948,32001.251772086987,23.377021955886114,6.4985599999999994,3.79904,0.37487342650314753,19,13.590225986185946,107.72565292518266,31972.993501003722,0.00020782249025083632,11.476479999999956,18400.94337386396,14.324214,267.7606,5.1518846,8547.528,45.995445,0.989151121632824,62.594864,7.640893459320068,3.424,3.9590399999999994,1659.107,0.12421892,2.0267177,5862.115,32001.251772086987,24.242329,6.44992,3.02592,0.4291757590872249,2850,15.637117,107.72565292518266,54412.85479745216,0.1593178,9.87648000000002,18583.424,,,,,,,,,,,,,,,,,,,,,,,,,,,,,,,,,,,,,,,,,,,,,,,,,,,,,,,,,,,,,,,,,,,,,,,,,,,,,,,,,,,,,,,,,,,,,,,,,,,,,,,,,,,,,,,,,,,,,,,,,,,,,,,,,,,,,,,,,,,,,,,,,,,,,,,,,,,,
H0_5ft_32kHz_epoch_176,H0,5FT,True,0,False,0.32046040175,True,VALID,False,,,,,,,,,,,,,,,,,15.09048785716359,3321.1507102116016,2.307768452738397,5106.849830306699,29.010431423460346,0.9943518226855678,62.96071903957963,7.588391614573508,2.19392,3.9219199999999996,2212.89524269503,0.14209069508774994,2.078080169543313,35918985.3544699,31997.88534543308,23.295806073962005,5.9776,3.7836800000000004,0.4230567686311645,18,12.561810883461856,129.60742617560754,31987.74460350792,6.657389203910885e-05,9.835520000000042,17603.4949489818,14.6711,281.83002,2.1052165,11034.042,61.948257,0.989485119499718,63.531677,7.6342573165893555,5.3644799999999995,3.9398400000000002,5241.286,0.05245429,2.0322402,5392.0566,31997.88534543308,31.691053,5.96352,0.59904,0.7242397874289653,2211,24.576134,129.60742617560754,54181.01711786259,0.1597744,9.07775999999999,17811.707,,,,,,,,,,,,,,,,,,,,,,,,,,,,,,,,,,,,,,,,,,,,,,,,,,,,,,,,,,,,,,,,,,,,,,,,,,,,,,,,,,,,,,,,,,,,,,,,,,,,,,,,,,,,,,,,,,,,,,,,,,,,,,,,,,,,,,,,,,,,,,,,,,,,,,,,,,,,
H0_5ft_32kHz_epoch_177,H0,5FT,True,0,False,0.17590872175,True,VALID,False,,,,,,,,,,,,,,,,,15.26322821965081,3623.519900406598,2.8433504369630986,4110.332912207794,25.89509415625319,0.9943081978299334,69.02766169963223,7.858846118896744,2.6739200000000003,3.94112,1445.594907604016,0.19142428243756116,2.0573157336167793,19400793.751866996,32001.99501874837,20.557163724322244,6.471679999999999,3.79776,0.34670569153376385,19,8.68888169921101,103.7283844354206,31963.560478040763,0.00011262917288207955,12.240639999999997,15873.01782880445,14.899408,280.21692,3.7852921,6100.534,38.006966,0.9885295009940698,69.69207,7.914283275604248,3.41504,3.9539199999999997,1611.6416,0.1720198,2.019511,5556.5215,32001.99501874837,21.373785,6.44224,3.0271999999999997,0.36969542206942424,3006,11.351942,103.7283844354206,54380.67530047565,0.15990391,12.961279999999991,16051.095,,,,,,,,,,,,,,,,,,,,,,,,,,,,,,,,,,,,,,,,,,,,,,,,,,,,,,,,,,,,,,,,,,,,,,,,,,,,,,,,,,,,,,,,,,,,,,,,,,,,,,,,,,,,,,,,,,,,,,,,,,,,,,,,,,,,,,,,,,,,,,,,,,,,,,,,,,,,
H0_5ft_32kHz_epoch_178,H0,5FT,True,0,False,0.29992920175000004,True,VALID,False,,,,,,,,,,,,,,,,,14.896699442069261,3152.9223795629714,1.871509653291175,4078.1867992984035,24.71307756774467,0.994107182280836,64.64664564758763,7.650093446884792,1.88032,3.93856,2179.0893742527333,0.14654264562624045,2.0473165351441334,19681006.990264125,31996.62975748447,22.875218387710916,5.67552,3.7952,0.5348487182502341,18,11.551478100355542,100.15154359281951,31968.577120202215,0.0001424017716803779,8.546559999999982,16502.14056957924,14.812989,285.02756,1.9880141,5544.9673,33.253105,0.9897898366747735,65.23971,7.6988959312438965,2.6496,3.94496,2789.1992,0.13170768,2.0464494,5906.5283,31996.62975748447,23.73952,5.6704,3.0208,0.6238157561935315,2801,13.805588,100.15154359281951,54341.92677698512,0.16061398,8.682240000000007,16675.035,,,,,,,,,,,,,,,,,,,,,,,,,,,,,,,,,,,,,,,,,,,,,,,,,,,,,,,,,,,,,,,,,,,,,,,,,,,,,,,,,,,,,,,,,,,,,,,,,,,,,,,,,,,,,,,,,,,,,,,,,,,,,,,,,,,,,,,,,,,,,,,,,,,,,,,,,,,,
H0_5ft_32kHz_epoch_179,H0,5FT,True,0,False,0.33740760175,True,VALID,False,,,,,,,,,,,,,,,,,14.500427362198108,3507.397428462621,1.987135351560729,5081.293950872861,28.392104947551903,0.9941544242972701,58.6722411929938,7.357701523951045,1.92768,3.9155199999999994,2557.0950397926995,0.13816700831858844,2.0753624917780744,17617013.32212182,31996.62975748447,23.522471880787027,5.71136,3.7836800000000004,0.44340184304639535,17,12.976815759326355,42.9220901112094,32001.194488324396,0.00013375570284029605,9.1136,17896.855341509174,13.838661,281.48758,1.6079633,8375.346,46.296413,0.9897376345537442,59.18426,7.401322364807129,4.04608,3.93472,5208.667,0.090076946,1.9913459,6132.0522,31996.62975748447,26.814629,5.69344,1.6473600000000002,0.7257662251520837,2759,18.881094,42.9220901112094,53709.75434348248,0.15591528,10.056960000000004,18090.701,,,,,,,,,,,,,,,,,,,,,,,,,,,,,,,,,,,,,,,,,,,,,,,,,,,,,,,,,,,,,,,,,,,,,,,,,,,,,,,,,,,,,,,,,,,,,,,,,,,,,,,,,,,,,,,,,,,,,,,,,,,,,,,,,,,,,,,,,,,,,,,,,,,,,,,,,,,,
H0_5ft_32kHz_epoch_18,H0,5FT,False,0,False,0.46127576175,False,TOO_LATE,False,,,,,,,,,,,,,,,,,15.726581059974372,401.38323009427967,0.8540645377411188,1579.9951494720253,13.315358698483196,0.9917434048330441,77.43232045632118,8.25979346392101,0.93696,3.90016,1849.9716118067681,0.10615089104042051,1.832780928320187,8949449.01697973,31993.052916641867,24.7098794668075,4.6950400000000005,3.75808,0.43126276066827746,13,11.035539714480612,46.49893095380685,31945.573518127156,0.00029517080792529614,9.857279999999967,11865.96009352715,15.533785,220.3765,1.7552508,3918.3677,32.652443,0.9833450926907166,77.87186,8.304328918457031,1.5334400000000001,3.9219199999999996,2232.3691,0.086748175,1.8205262,4632.1963,31993.052916641867,26.375103,4.08064,2.5471999999999997,0.45844969522346624,2069,17.363745,46.49893095380685,58772.49081173082,0.18970475,10.967039999999983,12000.229,,,,,,,,,,,,,,,,,,,,,,,,,,,,,,,,,,,,,,,,,,,,,,,,,,,,,,,,,,,,,,,,,,,,,,,,,,,,,,,,,,,,,,,,,,,,,,,,,,,,,,,,,,,,,,,,,,,,,,,,,,,,,,,,,,,,,,,,,,,,,,,,,,,,,,,,,,,,
H0_5ft_32kHz_epoch_180,H0,5FT,True,0,False,0.44588248175,True,VALID,False,,,,,,,,,,,,,,,,,14.149960770893623,1203.513617154179,3.98113268939006,6662.164123804866,35.58119536984082,0.9942113166144642,57.21624876303657,7.3149322581749185,2.76864,3.94112,1673.434332284253,0.12139151961767324,2.0714641893487817,8657981.24034479,32009.14870043357,24.618949597599897,6.56256,3.79392,0.42221204161335907,20,14.685701107597684,112.67048654192331,31991.94798323889,0.0002767085917023161,11.297279999999965,18723.83447086712,13.728313,272.7884,1.5812415,10599.622,56.00784,0.9871456531560688,57.687603,7.355227470397949,5.08928,3.95264,6703.3545,0.046228036,2.0205188,5947.967,32009.14870043357,32.80835,5.71392,0.62464,0.77569521881088,2515,25.686558,112.67048654192331,53265.72281687266,0.15212677,9.06239999999997,18925.248,,,,,,,,,,,,,,,,,,,,,,,,,,,,,,,,,,,,,,,,,,,,,,,,,,,,,,,,,,,,,,,,,,,,,,,,,,,,,,,,,,,,,,,,,,,,,,,,,,,,,,,,,,,,,,,,,,,,,,,,,,,,,,,,,,,,,,,,,,,,,,,,,,,,,,,,,,,,
H0_5ft_32kHz_epoch_181,H0,5FT,False,0,False,0.02863448175,False,TOO_EARLY,False,,,,,,,,,,,,,,,,,11.676217175442124,5.160724675314259,3.7322688539936313,3818.226511879846,12.2324236036388,0.7963292965880279,39.036886190757606,5.965373128193928,2.49856,3.93088,1023.0309394227761,0.11854501354464154,2.0807519862463293,17731445.30002415,32001.6598705067,24.880358372858105,6.28096,3.7824,0.34555153567469166,21,12.653392543424285,111.27694555339986,32001.6337647234,0.0001938183862484658,9.83168000000001,31213.982082373434,11.406275,5.0466857,4.7644567,11355.729,35.943012,0.7963895271106889,39.369385,6.0055999755859375,5.56288,3.9424000000000006,2383.4258,0.06522752,2.0449734,9095.548,32001.6598705067,29.885403,6.215680000000001,0.6528,0.5414193260302848,3006,22.632393,111.27694555339986,50490.492621581405,0.13433298,9.428479999999961,31593.701,,,,,,,,,,,,,,,,,,,,,,,,,,,,,,,,,,,,,,,,,,,,,,,,,,,,,,,,,,,,,,,,,,,,,,,,,,,,,,,,,,,,,,,,,,,,,,,,,,,,,,,,,,,,,,,,,,,,,,,,,,,,,,,,,,,,,,,,,,,,,,,,,,,,,,,,,,,,
H0_5ft_32kHz_epoch_182,H0,5FT,True,0,False,0.36906072175000004,True,VALID,False,,,,,,,,,,,,,,,,,15.95860155862407,3271.2701160737365,3.2412168789695417,4738.622062562709,28.67972308433385,0.9946109894445216,73.77379625408686,8.149375414958952,2.3948799999999997,3.9590399999999994,1461.9885800634554,0.1326702778702887,2.069078444918256,11274245.702198207,32001.6598705067,23.858549989527393,6.183680000000001,3.7888,0.43392646882552716,17,12.697949483824274,123.9943107595027,32006.51222542392,0.00020465712766935508,9.856000000000032,16522.551660030247,15.380655,269.5482,3.6492505,11790.45,70.50226,0.988039812288436,74.53434,8.206196784973145,5.4848,3.9539199999999997,3230.9238,0.0516399,2.0062368,5021.0215,32001.6598705067,31.710032,6.129919999999999,0.64512,0.6360110743410958,2512,24.88037,123.9943107595027,55139.80228491377,0.1646055,9.425919999999977,16723.508,,,,,,,,,,,,,,,,,,,,,,,,,,,,,,,,,,,,,,,,,,,,,,,,,,,,,,,,,,,,,,,,,,,,,,,,,,,,,,,,,,,,,,,,,,,,,,,,,,,,,,,,,,,,,,,,,,,,,,,,,,,,,,,,,,,,,,,,,,,,,,,,,,,,,,,,,,,,
H0_5ft_32kHz_epoch_183,H0,5FT,True,0,False,0.31363288175000004,True,VALID,False,,,,,,,,,,,,,,,,,14.189415262754867,3376.475066161781,3.339695581016139,5585.02635885067,31.682908012233778,0.9945198191532083,56.18816352173735,7.1795538935972205,2.37184,3.93088,1672.3160010742745,0.144093842403424,2.0816351612254476,14802424.716847042,31924.62347448563,23.165860813020018,6.1568,3.78496,0.4302089393694684,17,12.701424523724851,112.55170510873359,31997.076414369276,0.00016855789004547429,9.820160000000023,17627.88427341986,13.9459715,283.0582,2.7839522,11898.419,66.689674,0.9904165385655915,56.719765,7.225658416748047,5.47328,3.9424000000000006,4273.9307,0.05426563,2.0582786,5662.8853,31924.62347448563,31.572536,6.09408,0.6208,0.6855631836086591,2215,24.520592,112.55170510873359,52829.684149838,0.14937703,9.324799999999966,17841.47,,,,,,,,,,,,,,,,,,,,,,,,,,,,,,,,,,,,,,,,,,,,,,,,,,,,,,,,,,,,,,,,,,,,,,,,,,,,,,,,,,,,,,,,,,,,,,,,,,,,,,,,,,,,,,,,,,,,,,,,,,,,,,,,,,,,,,,,,,,,,,,,,,,,,,,,,,,,
H0_5ft_32kHz_epoch_184,H0,5FT,False,0,False,0.43808216175000003,False,TOO_LATE,False,,,,,,,,,,,,,,,,,13.908487904662254,2620.610613153098,3.357707018336256,5938.02485234819,32.87953231645259,0.9943719387324388,54.069109746181965,7.063879266876662,2.528,3.94112,1768.476171363559,0.1219891520542886,2.0652761402601447,17327376.010532442,31924.62347448563,24.561453137834604,6.3168,3.7888,0.42217165306891075,17,14.311593514841853,116.36701714632,31988.66883170711,0.00013724307172931048,10.522880000000011,18059.943174364522,13.602828,299.42963,2.4406018,11877.814,65.081665,0.9879987030004341,54.547924,7.105266094207764,5.64224,3.9475200000000004,4866.7563,0.044421487,2.0305245,5774.4233,31924.62347448563,33.161453,6.23104,0.5888,0.6944049628979138,2361,26.153988,116.36701714632,52970.75092698715,0.1510818,9.355520000000006,18250.63,,,,,,,,,,,,,,,,,,,,,,,,,,,,,,,,,,,,,,,,,,,,,,,,,,,,,,,,,,,,,,,,,,,,,,,,,,,,,,,,,,,,,,,,,,,,,,,,,,,,,,,,,,,,,,,,,,,,,,,,,,,,,,,,,,,,,,,,,,,,,,,,,,,,,,,,,,,,
H0_5ft_32kHz_epoch_185,H0,5FT,True,0,False,0.48260696175,True,VALID,False,,,,,,,,,,,,,,,,,15.46364320835782,76.57696379403546,3.181110780955812,4751.219321983403,28.454789706933582,0.96979727008127,68.99244150380336,7.872341643734343,2.41536,3.92832,1493.5724182970798,0.11674683841683317,2.073940237206446,1197649.678631744,31996.202132106122,24.979507055083054,6.2016,3.7862400000000003,0.4052485971460245,21,13.801543858999247,119.50814621387326,32126.93025288648,0.0016803191217303322,9.891840000000041,16697.432562032413,14.891336,71.82019,3.2225626,11702.455,69.237595,0.9672295403161322,69.8086,7.9369797706604,5.630719999999999,3.9424000000000006,3631.4128,0.043029286,2.0093737,5333.5825,31996.202132106122,33.34789,6.20672,0.5760000000000001,0.6528463593169563,2838,26.383038,119.50814621387326,54352.483814346124,0.16057147,9.38623999999999,16901.879,,,,,,,,,,,,,,,,,,,,,,,,,,,,,,,,,,,,,,,,,,,,,,,,,,,,,,,,,,,,,,,,,,,,,,,,,,,,,,,,,,,,,,,,,,,,,,,,,,,,,,,,,,,,,,,,,,,,,,,,,,,,,,,,,,,,,,,,,,,,,,,,,,,,,,,,,,,,
H0_5ft_32kHz_epoch_186,H0,5FT,True,0,False,0.39258072175000003,True,VALID,False,,,,,,,,,,,,,,,,,14.493031386140128,227.4891130654624,2.685707702443916,5388.703724389001,30.421700628367336,0.9902859550540682,59.138471268909704,7.347142497554878,2.14784,3.9372799999999994,2006.4371560185673,0.12874399639612963,2.063642384865014,2178065601.75633,31998.41817790577,24.080702031823265,5.94048,3.79264,0.3524521292718297,18,13.689448112707048,150.22731538922744,31971.921964788136,1.0588226375283088e-06,11.750399999999994,17713.354655012823,37.86579,13.21164,483.47235,95972.51,71.90591,0.8210196767771613,92.64622,8.569993019104004,5.125120000000001,,198.50671,1e-10,14.800044,3407.4675,3.5768408426006895,207.6213,,,0.005887395518201561,17875,96.90874,135.9199520188262,37491.62053234727,0.20853987,75.37664,133469.58,,,,,,,,,,,,,,,,,,,,,,,,,,,,,,,,,,,,,,,,,,,,,,,,,,,,,,,,,,,,,,,,,,,,,,,,,,,,,,,,,,,,,,,,,,,,,,,,,,,,,,,,,,,,,,,,,,,,,,,,,,,,,,,,,,,,,,,,,,,,,,,,,,,,,,,,,,,,
H0_5ft_32kHz_epoch_187,H0,5FT,True,0,False,0.24477912175,True,VALID,False,,,,,,,,,,,,,,,,,15.582828778037724,3269.8966569460367,2.2523237886471255,4815.286667102753,27.845187566702833,0.9943610649885635,70.06386245183438,8.016521951492887,1.98016,3.9296,2137.9193752577044,0.16269652216141944,2.066930452121805,11545888.028001994,32003.249541157464,22.01374469530752,5.7664,3.7862400000000003,0.433074114899921,16,11.287399999295573,101.73892164882272,31988.960166656463,0.0001982665722003365,9.113599999999972,17293.066012099076,15.334406,286.6261,1.9771178,6010.4307,34.36006,0.9884331322473252,70.68921,8.064784049987793,2.6739200000000003,3.9398400000000002,3039.9963,0.14647068,2.0456736,5700.3096,32003.249541157464,22.840275,5.696,3.02208,0.6786329116520556,2720,13.215145,101.73892164882272,54837.6906675102,0.1641447,8.664320000000004,17492.49,,,,,,,,,,,,,,,,,,,,,,,,,,,,,,,,,,,,,,,,,,,,,,,,,,,,,,,,,,,,,,,,,,,,,,,,,,,,,,,,,,,,,,,,,,,,,,,,,,,,,,,,,,,,,,,,,,,,,,,,,,,,,,,,,,,,,,,,,,,,,,,,,,,,,,,,,,,,
H0_5ft_32kHz_epoch_188,H0,5FT,True,0,False,0.19457496175,True,VALID,False,,,,,,,,,,,,,,,,,15.603116499003429,3031.9708656051303,2.6261255145501474,5070.757062506606,29.46084275728064,0.9937247890551053,68.97638708390156,7.929980443065639,2.1248,3.9296,1930.88907381297,0.18093583732049326,2.0647559940960565,7926142.329070996,31993.711517252887,21.119408115550357,5.91232,3.7875199999999998,0.38492586860781086,18,10.486123134441254,144.6600292194198,32000.47557641094,0.00034462281356105657,12.217599999999996,17211.853388862895,14.981876,266.99316,2.1891694,6301.786,36.239155,0.9865897376116216,69.56077,7.977733135223389,2.71488,3.94112,2878.6196,0.16186434,1.9927485,5677.2886,31993.711517252887,21.775745,5.72032,3.0054399999999997,0.689440349128095,2507,12.537117,144.6600292194198,55980.40681892358,0.17020857,8.67583999999999,17389.44,,,,,,,,,,,,,,,,,,,,,,,,,,,,,,,,,,,,,,,,,,,,,,,,,,,,,,,,,,,,,,,,,,,,,,,,,,,,,,,,,,,,,,,,,,,,,,,,,,,,,,,,,,,,,,,,,,,,,,,,,,,,,,,,,,,,,,,,,,,,,,,,,,,,,,,,,,,,
H0_5ft_32kHz_epoch_189,H0,5FT,True,0,False,0.24127960175,True,VALID,False,,,,,,,,,,,,,,,,,16.597978800935927,3116.583519056562,2.120744239226134,4047.962487710136,24.859075234410497,0.9943007070131947,79.59932422064864,8.446743201038034,1.9916800000000001,3.9232,1908.7461905293385,0.1638687827249667,2.0793785504202438,9495731.750107842,31996.494511891866,22.033770683522608,5.78048,3.7888,0.3637704354215577,17,10.469611656353417,147.588085388561,31999.971777769086,0.00024570933828145796,12.262400000000007,16283.640680675158,15.961104,271.00266,2.5173538,10679.229,64.77574,0.9866486695288972,80.30841,8.501567840576172,5.130240000000001,3.94112,4242.2437,0.05864029,2.0120065,5112.2646,31996.494511891866,30.673971,5.7024,0.57216,0.6300214824871337,2487,23.665201,147.588085388561,55656.28966114915,0.16832021,9.104639999999996,16486.463,,,,,,,,,,,,,,,,,,,,,,,,,,,,,,,,,,,,,,,,,,,,,,,,,,,,,,,,,,,,,,,,,,,,,,,,,,,,,,,,,,,,,,,,,,,,,,,,,,,,,,,,,,,,,,,,,,,,,,,,,,,,,,,,,,,,,,,,,,,,,,,,,,,,,,,,,,,,
H0_5ft_32kHz_epoch_19,H0,5FT,False,0,False,8.280175000000001e-05,False,TOO_EARLY,False,,,,,,,,,,,,,,,,,12.29274113184441,5.7317095642485585,1.1987577908510285,1307.6246558183664,7.012584959840147,0.7967550799680577,40.460841461871965,6.018259482348215,0.9728,3.90784,1090.8163982733581,0.10091292433250061,1.7958746342829257,59128.14536818615,31985.899234956665,24.97188365494598,4.736,3.7632,0.31446023199057177,18,10.635374979356696,232.49465476904516,34124.557316584025,0.03379566130212015,9.969920000000076,18646.82800004418,11.75133,5.478282,2.017556,2372.1826,12.544118,0.7968495372026514,40.71692,6.0568413734436035,0.93696,3.93856,1175.7704,0.09400062,1.7288841,5529.8726,31985.899234956665,25.275078,4.1088000000000005,3.17184,0.3631056370605362,2053,14.4620905,232.49465476904516,52483.562044932805,0.17519045,10.551039999999956,18910.717,,,,,,,,,,,,,,,,,,,,,,,,,,,,,,,,,,,,,,,,,,,,,,,,,,,,,,,,,,,,,,,,,,,,,,,,,,,,,,,,,,,,,,,,,,,,,,,,,,,,,,,,,,,,,,,,,,,,,,,,,,,,,,,,,,,,,,,,,,,,,,,,,,,,,,,,,,,,
H0_5ft_32kHz_epoch_190,H0,5FT,True,0,False,0.27647192175,True,VALID,False,,,,,,,,,,,,,,,,,14.739397951731137,228.07862228287186,2.7995482142834303,5040.505587271164,29.615352582941828,0.9919524716043191,61.07074579406344,7.446491284919725,2.65728,3.9360000000000004,1800.4710765665618,0.15216157632930077,2.0572313721527604,1798850624.4627566,31996.62975748447,22.602760213462215,6.4512,3.79392,0.40239293612526694,19,11.58873982803533,39.34524926860831,31968.663712785277,1.497190951849445e-06,12.244480000000003,17019.907404966772,39.343857,13.753877,535.9039,86098.56,71.253685,0.83185364240268,101.53093,8.946772575378418,4.64384,,160.66046,1e-10,14.6317425,3050.808,1.7884204213003447,207.6262,,,0.005334523228426878,17890,96.437675,152.0157358105293,37853.93428917071,0.21164417,75.12064000000001,120833.836,,,,,,,,,,,,,,,,,,,,,,,,,,,,,,,,,,,,,,,,,,,,,,,,,,,,,,,,,,,,,,,,,,,,,,,,,,,,,,,,,,,,,,,,,,,,,,,,,,,,,,,,,,,,,,,,,,,,,,,,,,,,,,,,,,,,,,,,,,,,,,,,,,,,,,,,,,,,
H0_5ft_32kHz_epoch_191,H0,5FT,True,0,False,0.41308760175000003,True,VALID,False,,,,,,,,,,,,,,,,,14.849829813949393,2955.8398282371627,1.8584871413320747,4915.61597777775,27.29516781169483,0.9942463065914859,63.28769811710404,7.63719232752419,1.89568,3.9424000000000006,2644.955603111833,0.12625624608336286,2.068364777657332,11386259.098883383,32001.251772086987,24.254655043303902,5.68832,3.79264,0.687912082268837,18,13.648029492248291,111.0920795790953,31985.884996893798,0.00019838386117364328,8.563199999999993,18009.10700271126,14.414447,259.65262,1.6948833,6069.7236,33.33851,0.9872376250685447,63.833817,7.683347225189209,2.64192,3.9539199999999997,3581.2043,0.11384406,2.0186865,5698.0522,32001.251772086987,24.975094,5.6768,3.0348800000000002,0.7305612918884349,2397,15.46835,111.0920795790953,54454.045910479355,0.15995549,9.201919999999975,18206.344,,,,,,,,,,,,,,,,,,,,,,,,,,,,,,,,,,,,,,,,,,,,,,,,,,,,,,,,,,,,,,,,,,,,,,,,,,,,,,,,,,,,,,,,,,,,,,,,,,,,,,,,,,,,,,,,,,,,,,,,,,,,,,,,,,,,,,,,,,,,,,,,,,,,,,,,,,,,
H0_5ft_32kHz_epoch_192,H0,5FT,True,0,False,0.19993176175,True,VALID,False,,,,,,,,,,,,,,,,,15.415882921047077,3378.8369117622547,4.150379349352332,5995.819514088784,33.602739396152195,0.9943799230133895,68.65522322351612,7.953838953711733,2.7276800000000003,3.95264,1444.6437323913578,0.18040324061349794,2.0770593316976513,8026095.746139045,31998.480529205175,21.2230322736854,6.51776,3.79008,0.3668108641575327,16,10.819813929947186,41.33143691983423,32012.853575926292,0.00032826953385249006,11.299839999999978,17843.24618121856,14.812669,271.98035,2.7124014,11987.686,66.42644,0.9875212569637838,69.229706,8.000020027160645,5.81376,3.95648,4419.584,0.07000003,2.0071235,5824.297,31998.480529205175,29.069687,6.464,0.6502399999999999,0.7061754928380234,2977,22.08356,41.33143691983423,54696.918783005065,0.16161573,11.055359999999986,18046.559,,,,,,,,,,,,,,,,,,,,,,,,,,,,,,,,,,,,,,,,,,,,,,,,,,,,,,,,,,,,,,,,,,,,,,,,,,,,,,,,,,,,,,,,,,,,,,,,,,,,,,,,,,,,,,,,,,,,,,,,,,,,,,,,,,,,,,,,,,,,,,,,,,,,,,,,,,,,
H0_5ft_32kHz_epoch_193,H0,5FT,True,0,False,0.13326936174999998,True,VALID,False,,,,,,,,,,,,,,,,,14.8970251928759,3271.986794723696,3.125916242843894,5113.87538607581,29.93947747094341,0.9942788369058412,62.09748219662761,7.480702237650591,2.6252799999999996,3.9692800000000004,1635.9604636824813,0.21940270485753893,2.08294264688966,22778304.106035974,31996.62975748447,19.53000798946946,6.41024,3.78496,0.33257298017839,20,8.49410391572595,37.55682884730777,32014.454323008085,0.00011581089248229041,12.271359999999982,17080.7102129249,14.759257,281.11276,3.3941607,12102.568,69.964714,0.9874160424972204,62.761353,7.534045219421387,5.7241599999999995,3.95136,3565.703,0.085019484,2.076771,6208.59,31996.62975748447,27.691565,6.37312,0.64896,0.5910492021855188,2902,20.4984,37.55682884730777,53722.014209765184,0.15626092,9.989119999999991,17298.104,,,,,,,,,,,,,,,,,,,,,,,,,,,,,,,,,,,,,,,,,,,,,,,,,,,,,,,,,,,,,,,,,,,,,,,,,,,,,,,,,,,,,,,,,,,,,,,,,,,,,,,,,,,,,,,,,,,,,,,,,,,,,,,,,,,,,,,,,,,,,,,,,,,,,,,,,,,,
H0_5ft_32kHz_epoch_194,H0,5FT,True,0,False,0.26759256175,True,VALID,False,,,,,,,,,,,,,,,,,14.276658825757298,3271.3470020811037,4.647276322322508,6504.248532866393,35.44545987138919,0.9942995098880323,59.063823667387545,7.404230711431445,2.7328,3.96032,1399.5829130331088,0.15664134661439413,2.069043563430626,16584334.724885438,32003.78343916967,22.417004115236917,6.525440000000001,3.79264,0.3382609726242134,19,12.392830128395145,107.30522527802168,31988.99942327465,0.0001636464497953763,11.174399999999974,18350.01875124901,13.82116,281.359,2.454985,12119.354,65.37624,0.9904509461309173,59.519516,7.444624423980713,5.88288,3.96032,4936.6304,0.057111047,2.0132565,6252.806,32003.78343916967,30.865917,6.46784,0.58496,0.7329000581463512,2900,23.891756,107.30522527802168,53349.09264602109,0.15399152,11.111680000000012,18537.855,,,,,,,,,,,,,,,,,,,,,,,,,,,,,,,,,,,,,,,,,,,,,,,,,,,,,,,,,,,,,,,,,,,,,,,,,,,,,,,,,,,,,,,,,,,,,,,,,,,,,,,,,,,,,,,,,,,,,,,,,,,,,,,,,,,,,,,,,,,,,,,,,,,,,,,,,,,,
H0_5ft_32kHz_epoch_195,H0,5FT,True,0,False,0.29103064175000004,True,VALID,False,,,,,,,,,,,,,,,,,14.976888406967218,3199.868717060306,2.205917572412095,4547.716687771364,26.81249794267731,0.9942658554582097,62.62925142572534,7.53519402761606,2.11456,3.9398400000000002,2061.5986493087194,0.149363971751088,2.086769372027364,20503213.057453733,32003.78343916967,22.845613399502163,5.89952,3.78496,0.4185310467378415,20,11.678049223012366,112.67048654192331,32000.751102806844,8.665560836859407e-05,11.69663999999998,16961.182421324353,14.228292,272.76688,2.174988,5962.463,34.74149,0.989951459330473,63.114464,7.579925060272217,2.68928,3.95264,2741.3774,0.13434453,1.9941888,5454.3203,32003.78343916967,23.410673,5.7216000000000005,3.03232,0.5515670651968847,2756,13.922201,112.67048654192331,53605.57093248549,0.15536657,9.324800000000021,17162.371,,,,,,,,,,,,,,,,,,,,,,,,,,,,,,,,,,,,,,,,,,,,,,,,,,,,,,,,,,,,,,,,,,,,,,,,,,,,,,,,,,,,,,,,,,,,,,,,,,,,,,,,,,,,,,,,,,,,,,,,,,,,,,,,,,,,,,,,,,,,,,,,,,,,,,,,,,,,
H0_5ft_32kHz_epoch_196,H0,5FT,True,0,False,0.40804952175000003,True,VALID,False,,,,,,,,,,,,,,,,,14.189709510888378,3637.4123883580965,3.1171036802064953,6329.594039915226,33.95422274841599,0.994343012673336,54.76318111129093,7.124353917069154,2.28096,3.96288,2030.6010608847007,0.12596232259761514,2.072713775523686,9349158.709260315,31998.41817790577,24.293227372174194,6.06848,3.7875199999999998,0.484641001713411,17,14.484897138127995,132.34311117622565,32010.2147371836,0.00023809677416806752,9.911039999999982,18641.551852959077,13.489869,283.68396,2.8386981,9951.277,52.870632,0.988611134722073,55.16288,7.159078121185303,4.04608,3.95648,3505.578,0.090658374,1.979998,5720.9146,31998.41817790577,26.760822,6.0352,1.98912,0.6073810974936101,2123,19.320932,132.34311117622565,53433.73764236348,0.15485904,10.277120000000028,18821.938,,,,,,,,,,,,,,,,,,,,,,,,,,,,,,,,,,,,,,,,,,,,,,,,,,,,,,,,,,,,,,,,,,,,,,,,,,,,,,,,,,,,,,,,,,,,,,,,,,,,,,,,,,,,,,,,,,,,,,,,,,,,,,,,,,,,,,,,,,,,,,,,,,,,,,,,,,,,
H0_5ft_32kHz_epoch_197,H0,5FT,True,0,False,0.29000536175,True,VALID,False,,,,,,,,,,,,,,,,,16.028241419119425,3616.810171040846,2.6708103886506005,4457.52487313969,26.917389552203634,0.9942827570893755,74.81034531619834,8.22727087569866,2.22208,3.9219199999999996,1668.9784089807818,0.14995373275727988,2.0804623383209595,10668121.598062528,31925.355679270084,22.80615039676811,6.00448,3.7824,0.5092485415251409,17,11.48106119754327,187.5811367900169,31997.586212940983,0.00015223270985091652,9.849600000000013,16560.019182004,15.454557,330.26022,3.31618,11694.988,69.733665,0.9898505848074066,75.42273,8.274502754211426,5.40416,3.93856,3526.6445,0.054591585,2.0187328,4544.095,31925.355679270084,31.311455,5.98912,0.58496,0.7611443551624455,2439,24.463661,187.5811367900169,53579.129865530886,0.15906684,9.076479999999998,16770.936,,,,,,,,,,,,,,,,,,,,,,,,,,,,,,,,,,,,,,,,,,,,,,,,,,,,,,,,,,,,,,,,,,,,,,,,,,,,,,,,,,,,,,,,,,,,,,,,,,,,,,,,,,,,,,,,,,,,,,,,,,,,,,,,,,,,,,,,,,,,,,,,,,,,,,,,,,,,
H0_5ft_32kHz_epoch_198,H0,5FT,True,0,False,0.23409880175,True,VALID,False,,,,,,,,,,,,,,,,,15.754824055853282,3862.044114692044,2.688148708134649,4871.305554877916,28.47354246224223,0.9946014313001149,71.06805434192664,8.037550255035447,2.2182399999999998,3.9398400000000002,1812.1413968418162,0.166858694400744,2.0785432118799756,9286168.723751156,31925.355679270084,21.840782511915968,6.00192,3.7836800000000004,0.47902584547936056,18,10.940959116081503,120.81496945797699,32001.797457093344,0.00022092730006447416,9.832960000000002,17108.182311131663,15.468339,288.70023,2.533749,11218.319,64.79706,0.9883950802418621,71.66065,8.084582328796387,5.11104,3.94624,4427.557,0.06346728,2.052927,5062.859,31925.355679270084,30.169012,5.7408,0.6297600000000001,0.7416844354632662,2065,23.159801,120.81496945797699,54509.16313726181,0.16108829,9.036800000000012,17313.006,,,,,,,,,,,,,,,,,,,,,,,,,,,,,,,,,,,,,,,,,,,,,,,,,,,,,,,,,,,,,,,,,,,,,,,,,,,,,,,,,,,,,,,,,,,,,,,,,,,,,,,,,,,,,,,,,,,,,,,,,,,,,,,,,,,,,,,,,,,,,,,,,,,,,,,,,,,,
H0_5ft_32kHz_epoch_199,H0,5FT,True,0,False,0.15923288175,True,VALID,False,,,,,,,,,,,,,,,,,15.130507553067885,3260.9394441679456,2.292243765523033,5839.121088037494,31.258345093239186,0.9943887590970997,61.82878536278989,7.542062731443084,2.2208,3.93088,2547.3386277069544,0.20031458537591218,2.0858727575548865,11355875.083688729,31923.76600861932,20.32785662903133,6.00192,3.7811199999999996,0.5444577406831187,15,10.14307617195456,181.22245418696548,32013.691150594932,0.00019629827082782091,9.50912000000001,18680.199065626148,14.373688,276.96942,2.6058722,11531.542,61.042683,0.986907692275147,62.35546,7.585232257843018,4.88704,3.9424000000000006,4425.214,0.10438503,1.9926857,5210.367,31923.76600861932,25.600988,5.99424,1.1072,0.6716147821060228,2771,18.770658,181.22245418696548,54311.99530082971,0.15992785,8.99328000000002,18890.95,,,,,,,,,,,,,,,,,,,,,,,,,,,,,,,,,,,,,,,,,,,,,,,,,,,,,,,,,,,,,,,,,,,,,,,,,,,,,,,,,,,,,,,,,,,,,,,,,,,,,,,,,,,,,,,,,,,,,,,,,,,,,,,,,,,,,,,,,,,,,,,,,,,,,,,,,,,,
H0_5ft_32kHz_epoch_2,H0,5FT,False,0,False,0.49756632175000004,False,TOO_LATE,False,,,,,,,,,,,,,,,,,16.26986886732461,24.85207517401711,4.343772082909842,4645.749731219895,37.62432222240093,0.9091079173216734,86.65964145493298,8.665251343905172,2.1376,3.8835200000000003,1069.5196807166105,0.08933756510794384,1.9342046041633991,473775004.27207416,32128.972868660694,26.70713212536358,4.69376,2.55616,0.37819404121234595,12,17.237480805682758,177.0536217087356,31960.01247019624,4.6880868781217755e-06,7.299840000000001,12347.730023569306,40.922184,14.009104,565.15656,81909.016,74.17605,0.8116472255063718,113.770065,9.540984153747559,3.96288,,144.93155,1e-10,14.54848,2868.9001,7.153681685201379,207.63034,,,0.005130927455199336,16839,96.21565,160.95783791703101,38117.86684684585,0.21819845,75.59424,110425.16,,,,,,,,,,,,,,,,,,,,,,,,,,,,,,,,,,,,,,,,,,,,,,,,,,,,,,,,,,,,,,,,,,,,,,,,,,,,,,,,,,,,,,,,,,,,,,,,,,,,,,,,,,,,,,,,,,,,,,,,,,,,,,,,,,,,,,,,,,,,,,,,,,,,,,,,,,,,
H0_5ft_32kHz_epoch_20,H0,5FT,False,0,False,0.00783192175,False,TOO_EARLY,False,,,,,,,,,,,,,,,,,11.311802242147358,4.804998221120606,1.4457678810134649,2583.8960195726395,10.067641252901428,0.7972179810851817,37.89406247253567,5.859126424379787,0.90496,3.89632,1787.2136001259182,0.7334264101378923,1.9387876829927653,9221590.477445615,31984.110814535365,8.436248998169004,4.66688,3.7619200000000004,0.43211957989456906,13,-3.5620754633931377,171.68836044483396,31975.211255503622,0.000313159572132369,7.73888,25665.35650868537,11.552867,4.9118476,1.513662,4178.221,16.128428,0.7972845122202585,38.12506,5.891539573669434,1.3439999999999999,3.9103999999999997,2760.3396,0.6527746,1.9893644,8168.81,31984.110814535365,9.612283,4.079359999999999,2.73536,0.5573001027444994,2031,0.10835264,171.68836044483396,52369.540437561154,0.14603849,7.7555200000000015,25905.941,,,,,,,,,,,,,,,,,,,,,,,,,,,,,,,,,,,,,,,,,,,,,,,,,,,,,,,,,,,,,,,,,,,,,,,,,,,,,,,,,,,,,,,,,,,,,,,,,,,,,,,,,,,,,,,,,,,,,,,,,,,,,,,,,,,,,,,,,,,,,,,,,,,,,,,,,,,,
H0_5ft_32kHz_epoch_21,H0,5FT,True,0,False,0.45791192175,True,VALID,False,,,,,,,,,,,,,,,,,16.612823476956713,445.2438158805876,3.1794996977043284,5870.586216481565,68.32638068853439,0.9916961857154709,79.76019144118709,8.3750454133154,3.90656,3.87968,1846.386782398484,0.022617327437587084,1.5982677837406079,2284167.2063884605,31977.686785509606,36.97100890151103,4.2688,0.36224,0.4698542863338713,12,30.5975116442082,159.90526606081403,32010.99151183554,0.0009776166669186537,8.975359999999988,8591.975979589126,16.47111,195.84186,3.3131838,5993.3203,68.535065,0.9801735990903585,80.36252,8.429935455322266,3.89632,3.90784,1808.9308,0.021759024,1.5986732,3935.4182,31977.686785509606,37.307125,4.13184,0.23552,0.483503997533899,1995,31.166594,159.90526606081403,61102.48942314368,0.20381624,8.413439999999994,8744.896,,,,,,,,,,,,,,,,,,,,,,,,,,,,,,,,,,,,,,,,,,,,,,,,,,,,,,,,,,,,,,,,,,,,,,,,,,,,,,,,,,,,,,,,,,,,,,,,,,,,,,,,,,,,,,,,,,,,,,,,,,,,,,,,,,,,,,,,,,,,,,,,,,,,,,,,,,,,
H0_5ft_32kHz_epoch_22,H0,5FT,True,0,False,0.42683864175,True,VALID,False,,,,,,,,,,,,,,,,,17.11130459194934,2554.2377071101037,1.9258108806470844,3854.0888476713203,31.15691592341664,0.9943151002164218,97.20537482592222,9.320311891504389,1.94688,3.90144,2001.2810636816685,0.09657210962655058,1.9195981266690707,7350830.113174488,31995.30118790365,25.95658238629104,4.67968,2.7328,0.45560024608541916,12,15.764979506048945,44.51077822135994,31973.798865025015,0.00035572432185669854,11.056640000000007,12369.930506423028,17.324255,262.54962,1.920707,3873.613,30.968618,0.9849713422924414,97.85279,9.373490333557129,1.9686399999999997,3.91808,2016.7642,0.09726352,1.9543183,4657.3735,31995.30118790365,25.958109,4.64512,2.67648,0.4580185994762721,2138,15.746736,44.51077822135994,59594.31933047319,0.19440484,11.040000000000049,12508.1875,,,,,,,,,,,,,,,,,,,,,,,,,,,,,,,,,,,,,,,,,,,,,,,,,,,,,,,,,,,,,,,,,,,,,,,,,,,,,,,,,,,,,,,,,,,,,,,,,,,,,,,,,,,,,,,,,,,,,,,,,,,,,,,,,,,,,,,,,,,,,,,,,,,,,,,,,,,,
H0_5ft_32kHz_epoch_23,H0,5FT,True,0,False,0.47516248175000003,True,VALID,False,,,,,,,,,,,,,,,,,17.517433965174327,203.01459633250803,0.8052263708884102,1172.5703966069873,9.735344100122747,0.9862548075383185,106.52018787281574,9.846916567264122,0.89984,3.90272,1456.1996961341492,0.11094752976126651,1.939134191348808,307802.5706326842,31993.711517252887,24.83291035592581,4.6540799999999996,3.75424,0.4515155357083962,11,9.405438766156603,101.73892164882272,32564.153462181628,0.0062072318358781685,9.991680000000002,12044.467915542846,17.071218,161.00162,2.1233418,3662.2256,30.101326,0.9797339046999837,106.95155,9.888640403747559,1.73824,3.9232,1724.7462,0.09329312,1.899275,4500.312,31993.711517252887,26.130672,4.409599999999999,2.67136,0.47246353360879517,1927,16.10249,101.73892164882272,59462.785075524764,0.19550307,10.901759999999982,12166.326,,,,,,,,,,,,,,,,,,,,,,,,,,,,,,,,,,,,,,,,,,,,,,,,,,,,,,,,,,,,,,,,,,,,,,,,,,,,,,,,,,,,,,,,,,,,,,,,,,,,,,,,,,,,,,,,,,,,,,,,,,,,,,,,,,,,,,,,,,,,,,,,,,,,,,,,,,,,
H0_5ft_32kHz_epoch_24,H0,5FT,True,0,False,0.38327768175000004,True,VALID,False,,,,,,,,,,,,,,,,,16.772297533901288,2742.581996832263,0.6825204733873421,1669.2035887933778,11.434457792673436,0.9941602705603065,89.09304118122913,8.944403642088176,0.87936,3.9168,2445.6461804128294,0.12959845193557398,2.044009878905311,37734403.34539346,31998.480529205175,23.93993364796117,4.657920000000001,3.7785599999999997,0.4666316543211581,15,9.581342264879543,168.50508898086264,32001.220079252696,7.164291495597289e-05,8.485120000000013,14598.012595427997,16.192389,263.67133,0.73655236,1839.9019,12.4705,0.9867733322244512,90.01079,9.009002685546875,0.97408,3.92832,2497.992,0.12893875,1.983855,5017.224,31998.480529205175,23.68432,4.64384,3.66976,0.5219635132824118,2238,10.08901,168.50508898086264,57572.52043835439,0.18005021,8.54784000000003,14754.034,,,,,,,,,,,,,,,,,,,,,,,,,,,,,,,,,,,,,,,,,,,,,,,,,,,,,,,,,,,,,,,,,,,,,,,,,,,,,,,,,,,,,,,,,,,,,,,,,,,,,,,,,,,,,,,,,,,,,,,,,,,,,,,,,,,,,,,,,,,,,,,,,,,,,,,,,,,,
H0_5ft_32kHz_epoch_25,H0,5FT,True,0,False,0.33428568175,True,VALID,False,,,,,,,,,,,,,,,,,16.299745629411028,3206.7252528231866,1.1570398588839674,1610.385862238953,12.31691439587037,0.9941803691165951,89.05942910347136,8.923804214133334,0.84736,3.90144,1391.8153725422635,0.1357686026894842,1.99397467205287,15325914.010940332,31994.841337063168,23.311642941417176,4.6105599999999995,3.7632,0.36415643181902324,14,9.073533965013294,175.26520128743505,31985.05420810104,0.00015509972995603498,9.989120000000018,13074.588411354656,16.013592,266.74368,3.2203736,5965.9365,45.147167,0.9882808195673197,89.70055,8.977231979370117,2.4025600000000003,3.9206400000000006,1852.5603,0.09637694,1.9694171,4368.7305,31994.841337063168,26.199547,4.366079999999999,1.96352,0.3928580853994524,2115,17.979286,175.26520128743505,57237.40711412716,0.1798484,11.750399999999994,13214.421,,,,,,,,,,,,,,,,,,,,,,,,,,,,,,,,,,,,,,,,,,,,,,,,,,,,,,,,,,,,,,,,,,,,,,,,,,,,,,,,,,,,,,,,,,,,,,,,,,,,,,,,,,,,,,,,,,,,,,,,,,,,,,,,,,,,,,,,,,,,,,,,,,,,,,,,,,,,
H0_5ft_32kHz_epoch_26,H0,5FT,True,0,False,0.36240216175,True,VALID,False,,,,,,,,,,,,,,,,,17.317247779051446,2568.675982832051,1.4381362690041009,1202.6600283822431,11.978956274039735,0.9949174050263689,104.43168838095582,9.77287594809872,0.4288,3.88992,836.2629149287312,0.11722273365685537,1.8009447416831927,7946517.540501116,31976.00357218265,23.691914940363255,4.1868799999999995,3.75808,0.3398986641739416,13,9.480618469327084,168.32133269559563,31955.01444466143,0.00027981947341529834,10.053119999999971,10039.773089318165,16.871677,231.58324,2.2350793,2317.619,22.752335,0.9858579019725962,104.773384,9.815134048461914,0.91904,3.9142400000000004,1036.9292,0.10794219,1.7673633,3935.9587,31976.00357218265,24.211697,4.0704,3.1513600000000004,0.41578448342265784,1957,13.188221,168.32133269559563,59987.7353067624,0.19590044,6.106880000000037,10186.291,,,,,,,,,,,,,,,,,,,,,,,,,,,,,,,,,,,,,,,,,,,,,,,,,,,,,,,,,,,,,,,,,,,,,,,,,,,,,,,,,,,,,,,,,,,,,,,,,,,,,,,,,,,,,,,,,,,,,,,,,,,,,,,,,,,,,,,,,,,,,,,,,,,,,,,,,,,,
H0_5ft_32kHz_epoch_27,H0,5FT,True,0,False,0.35809368175,True,VALID,False,,,,,,,,,,,,,,,,,16.00960722114077,3354.221928660079,0.9359568874392363,1845.7358694309478,13.121829008892972,0.9943630702696874,82.04505066681206,8.551196705986387,0.87424,3.9155199999999994,1972.0308640291746,0.13322745682875609,2.031388846556017,8310011.686136849,31982.322394114064,23.663986158105047,4.6528,3.7785599999999997,0.42939014251686297,13,9.798735320983905,166.32309918093233,32011.22101885028,0.0002812420704277078,9.95456,14066.14785316922,15.330758,294.82007,3.4926946,9023.878,63.522923,0.9890510042569657,82.66753,8.601948738098145,3.7004799999999998,3.92704,2583.6436,0.061249644,1.954879,4927.2197,31982.322394114064,30.042168,4.62976,0.92928,0.4712753085394379,2183,23.454172,166.32309918093233,55853.12017804119,0.17184931,12.798719999999985,14205.703,,,,,,,,,,,,,,,,,,,,,,,,,,,,,,,,,,,,,,,,,,,,,,,,,,,,,,,,,,,,,,,,,,,,,,,,,,,,,,,,,,,,,,,,,,,,,,,,,,,,,,,,,,,,,,,,,,,,,,,,,,,,,,,,,,,,,,,,,,,,,,,,,,,,,,,,,,,,
H0_5ft_32kHz_epoch_28,H0,5FT,True,0,False,0.41843800175,True,VALID,False,,,,,,,,,,,,,,,,,16.86899481478782,207.79471938303786,6.058459984493532,8274.13171923524,77.2674034734929,0.9878600704128039,101.15742465339827,9.561857171677273,3.8003199999999997,3.9052800000000003,1365.7153369688097,0.02943703885695927,1.811806563773463,439400003.905275,31991.152492125253,35.778012627915835,4.21504,0.41472,0.3696667468176303,15,29.85171889771336,188.51989261906783,31939.666942754695,4.244891349813069e-06,13.346560000000007,10708.437642884763,43.28281,14.750337,602.64026,77425.414,74.44666,0.8130300369072345,129.82634,10.207139015197754,4.19328,,128.477,1e-10,14.487522,2721.3755,3.366426653911949,207.63382,,,0.004974547713857724,17769,95.97769,170.00454602255343,38510.71682707474,0.2209325,75.53664,104001.195,,,,,,,,,,,,,,,,,,,,,,,,,,,,,,,,,,,,,,,,,,,,,,,,,,,,,,,,,,,,,,,,,,,,,,,,,,,,,,,,,,,,,,,,,,,,,,,,,,,,,,,,,,,,,,,,,,,,,,,,,,,,,,,,,,,,,,,,,,,,,,,,,,,,,,,,,,,,
H0_5ft_32kHz_epoch_29,H0,5FT,False,0,False,0.01565272175,False,TOO_EARLY,False,,,,,,,,,,,,,,,,,11.377087540082142,5.063295538248479,1.0999394854087097,1823.8826744221624,6.461970227158574,0.7962412633012869,39.15112832612074,5.943352200795733,0.82432,3.90784,1658.166379711647,0.11830411028162352,2.044899033594381,21573571.954502787,31985.899234956665,24.73782693600161,4.5952,3.77088,0.3515135252452345,13,10.839102500573777,126.97784991232402,32000.245100259068,0.00015954899683450545,9.657600000000045,28224.869665240545,11.06363,4.9278207,3.4874957,8731.65,30.67053,0.796311533277044,39.514614,5.984729290008545,3.5942399999999997,3.92832,2503.7021,0.3086897,1.9971472,9325.313,31985.899234956665,16.117512,4.64384,1.0495999999999999,0.4958375626033939,2251,9.251774,126.97784991232402,51242.967791106836,0.13909778,9.443839999999998,28469.186,,,,,,,,,,,,,,,,,,,,,,,,,,,,,,,,,,,,,,,,,,,,,,,,,,,,,,,,,,,,,,,,,,,,,,,,,,,,,,,,,,,,,,,,,,,,,,,,,,,,,,,,,,,,,,,,,,,,,,,,,,,,,,,,,,,,,,,,,,,,,,,,,,,,,,,,,,,,
H0_5ft_32kHz_epoch_3,H0,5FT,False,0,False,0.01604440175,False,TOO_EARLY,False,,,,,,,,,,,,,,,,,11.674080710603219,5.045180069709732,15.158244456232815,4917.587502973798,17.92819594323966,0.7967905862306344,40.68544145902193,6.0781529198881055,8.75008,3.90272,324.41669067754435,0.5561940345965293,2.0067349404005066,35727422.65049431,31986.102852144384,11.104117348372169,12.50944,3.7593599999999996,0.17224171118721682,24,-2.651297787714508,170.00454602255195,31973.97730888925,0.00010064917837130085,20.15872,27429.349380957083,11.4746065,4.9640656,17.311295,8270.901,29.871294,0.7968646571626233,41.055115,6.120563983917236,9.904639999999999,3.9142400000000004,477.77484,0.45955092,1.9817404,8710.726,31986.102852144384,12.673574,12.42496,2.52032,0.23799267723260822,3601,1.2834595,170.00454602255195,52588.92801773022,0.14734009,19.690240000000006,27688.46,,,,,,,,,,,,,,,,,,,,,,,,,,,,,,,,,,,,,,,,,,,,,,,,,,,,,,,,,,,,,,,,,,,,,,,,,,,,,,,,,,,,,,,,,,,,,,,,,,,,,,,,,,,,,,,,,,,,,,,,,,,,,,,,,,,,,,,,,,,,,,,,,,,,,,,,,,,,
H0_5ft_32kHz_epoch_30,H0,5FT,False,0,False,0.04285784175,False,TOO_EARLY,False,,,,,,,,,,,,,,,,,12.203832211951687,5.512778815591367,5805658391138.352,580.5658391138352,2.97106879899676,0.7987825556034706,49.997618670143865,6.9181104223415675,0.48000000000000004,3.9155199999999994,0.0,0.10476998685817372,1.8251157384299137,9577114.203245146,31984.110814535365,24.814668904489537,4.2393600000000005,3.7593599999999996,0,0,16.379024983286207,171.68836044483396,31959.224161073853,0.00028344580866802486,0,19540.639358801513,11.813716,5.341806,1.7956252,3609.4578,18.270838,0.7988619222453638,49.95132,6.926703929901123,1.5168,3.9155199999999994,2010.1398,0.27624848,1.7764506,6340.9897,31984.110814535365,16.138544,4.072959999999999,2.55616,0.437085205236255,2021,6.946561,171.68836044483396,53749.65699700416,0.15818726,12.04736,19755.293,,,,,,,,,,,,,,,,,,,,,,,,,,,,,,,,,,,,,,,,,,,,,,,,,,,,,,,,,,,,,,,,,,,,,,,,,,,,,,,,,,,,,,,,,,,,,,,,,,,,,,,,,,,,,,,,,,,,,,,,,,,,,,,,,,,,,,,,,,,,,,,,,,,,,,,,,,,,
H0_5ft_32kHz_epoch_31,H0,5FT,False,0,False,0.056402801749999995,False,TOO_EARLY,False,,,,,,,,,,,,,,,,,16.142990723357112,1135.730009119562,1.7937728456418676,2288.361423160266,16.55469199982687,0.994636146041628,85.38895517807032,8.742916156199055,1.1008,3.96288,1275.7253119980417,0.3281727718092586,2.0305353333769443,11035611.212232128,31994.841337063168,15.782656014069351,4.89728,3.7964800000000003,0.3295026504935286,14,2.665461002579428,160.9578379170307,32008.614522736567,0.00022583725013827972,11.129599999999996,13823.038345770381,15.7574625,294.8833,4.410324,9374.347,67.10918,0.984755916402151,86.09253,8.796602249145508,3.904,3.95264,2125.546,0.15373628,1.9924654,5223.993,31994.841337063168,22.18711,4.85632,0.9523199999999999,0.43374791963461073,2283,15.42445,160.9578379170307,55269.938786342034,0.16736838,9.538560000000002,13968.8,,,,,,,,,,,,,,,,,,,,,,,,,,,,,,,,,,,,,,,,,,,,,,,,,,,,,,,,,,,,,,,,,,,,,,,,,,,,,,,,,,,,,,,,,,,,,,,,,,,,,,,,,,,,,,,,,,,,,,,,,,,,,,,,,,,,,,,,,,,,,,,,,,,,,,,,,,,,
H0_5ft_32kHz_epoch_32,H0,5FT,False,0,False,0.08400728175000001,False,TOO_EARLY,False,,,,,,,,,,,,,,,,,15.661568596988586,3264.0068663937004,2.182011986108738,3015.3073712071996,20.38196541509207,0.9938699907764093,74.67995307883234,8.147409684618369,1.04192,3.9206400000000006,1381.893129095175,0.26927316181666106,2.0379936148446833,18704873.856306177,31998.41817790577,17.56739889116216,4.82304,3.7811199999999996,0.31163135513240975,14,5.6486477317387775,160.95783791703434,31991.402551005114,0.00012306103879108872,8.0128,14793.99709399202,15.01765,265.53455,2.1498594,3342.4983,22.377417,0.9848883267968976,75.36987,8.204412460327148,1.2172800000000001,3.93344,1554.7521,0.2637195,1.9636203,5418.9116,31998.41817790577,17.413937,4.79232,3.57504,0.5605174853559435,2290,6.319419,160.95783791703434,55718.470981187726,0.16882451,7.225599999999998,14936.927,,,,,,,,,,,,,,,,,,,,,,,,,,,,,,,,,,,,,,,,,,,,,,,,,,,,,,,,,,,,,,,,,,,,,,,,,,,,,,,,,,,,,,,,,,,,,,,,,,,,,,,,,,,,,,,,,,,,,,,,,,,,,,,,,,,,,,,,,,,,,,,,,,,,,,,,,,,,
H0_5ft_32kHz_epoch_33,H0,5FT,False,0,False,0.057635441749999995,False,TOO_EARLY,False,,,,,,,,,,,,,,,,,11.950602803714188,6.329809729240018,1.560754939572651,2932.9833473230938,10.381138429100176,0.7963283913609711,40.992620219480564,6.067761370774526,0.9523199999999999,3.9155199999999994,1879.2081145846096,0.11645989903771843,2.0261224328202707,14499199.966056911,31993.711517252887,24.777867717947814,4.72704,3.77472,0.3855193312223921,14,12.919250076916136,112.86661620416271,31985.49638412829,0.00022718164453730156,9.640960000000032,28253.002956799133,11.6625185,6.1776166,3.2453074,6533.259,22.917137,0.7963884180439599,41.339725,6.1069111824035645,2.9670400000000003,3.92704,2013.1401,0.21788675,1.9861894,9150.599,31993.711517252887,19.167095,4.9241600000000005,1.9571200000000002,0.4821432386928225,2340,10.763325,112.86661620416271,52354.05289219838,0.1472529,8.54784,28508.182,,,,,,,,,,,,,,,,,,,,,,,,,,,,,,,,,,,,,,,,,,,,,,,,,,,,,,,,,,,,,,,,,,,,,,,,,,,,,,,,,,,,,,,,,,,,,,,,,,,,,,,,,,,,,,,,,,,,,,,,,,,,,,,,,,,,,,,,,,,,,,,,,,,,,,,,,,,,
H0_5ft_32kHz_epoch_34,H0,5FT,False,0,False,0.07559768175,False,TOO_EARLY,False,,,,,,,,,,,,,,,,,12.782259758447399,3540.7920067111677,1.847565690589522,1946.0533041137742,8.205549162115142,0.7980422573018563,55.59853745386979,7.272856884017952,1.1238400000000002,3.9232,1053.306691083142,0.2833200280297708,2.043105282705062,31090925.1993861,31986.102852144384,17.109879474760852,4.91136,3.7875199999999998,0.31023290223362937,14,3.2446992184268613,220.50094583123428,31980.30552078661,9.370100767155963e-05,11.25632,23716.307899276937,12.4567375,274.05518,60399750000000.0,6039.975,25.181162,0.7980916229123068,55.647373,7.288466930389404,2.7584,3.91296,0.0,0.08642772,2.0023663,6886.45,31986.102852144384,27.264822,4.659199999999999,1.9008,0,0,20.342646,220.50094583123428,52024.441966041326,0.14753366,0,23986.086,,,,,,,,,,,,,,,,,,,,,,,,,,,,,,,,,,,,,,,,,,,,,,,,,,,,,,,,,,,,,,,,,,,,,,,,,,,,,,,,,,,,,,,,,,,,,,,,,,,,,,,,,,,,,,,,,,,,,,,,,,,,,,,,,,,,,,,,,,,,,,,,,,,,,,,,,,,,
H0_5ft_32kHz_epoch_35,H0,5FT,False,0,False,0.049177201749999996,False,TOO_EARLY,False,,,,,,,,,,,,,,,,,15.953543889233465,5.680196900628056,3.5516669814829216,4914.364479372463,40.63860648462157,0.9943001139231223,84.05536972391049,8.632378268693621,2.23232,3.91296,1383.6782854343573,0.25983150512552017,1.8769220952412768,5281197.026998601,32069.954994757783,17.172853787648933,4.73216,2.4998400000000003,0.3439619514235874,15,8.177589834152178,203.8799280282401,31963.572041195017,0.00039128227315011636,8.078080000000002,12092.846936649052,16.031443,5.717756,3.8054218,6169.383,50.421906,0.9824629077528314,84.61648,8.683854103088379,2.76352,3.9257600000000004,1621.2086,0.2248788,1.8971809,3922.851,32069.954994757783,18.466806,4.66688,1.90336,0.3966618424077804,2290,10.477895,203.8799280282401,58297.37888646176,0.18528694,7.22304,12235.521,,,,,,,,,,,,,,,,,,,,,,,,,,,,,,,,,,,,,,,,,,,,,,,,,,,,,,,,,,,,,,,,,,,,,,,,,,,,,,,,,,,,,,,,,,,,,,,,,,,,,,,,,,,,,,,,,,,,,,,,,,,,,,,,,,,,,,,,,,,,,,,,,,,,,,,,,,,,
H0_5ft_32kHz_epoch_36,H0,5FT,False,0,False,0.09353688175000001,False,TOO_EARLY,False,,,,,,,,,,,,,,,,,15.956324312466391,3002.869408950372,2.2704374342519364,2608.2319574207354,18.338606130212913,0.9941984310349876,81.97287587022755,8.58679136998114,0.93312,3.9321599999999997,1148.7794898342436,0.2574952181928365,2.0358585331282613,43152958.33643953,31989.476075799266,17.940274085501773,4.7206399999999995,3.7875199999999998,0.35378230840952596,14,5.524518890931001,155.59257665312907,31992.31611162746,3.698170153252981e-05,7.7580800000000005,14222.629238563812,15.504979,264.59094,3.4201257,8905.942,61.972855,0.9849235557970918,82.75926,8.648686408996582,3.62624,3.93856,2603.981,0.12604523,1.9885441,4176.9365,31989.476075799266,23.94701,4.67328,1.04704,0.5754363451800021,2294,17.093632,155.59257665312907,55649.112803464355,0.1675652,9.48352000000001,14370.715,,,,,,,,,,,,,,,,,,,,,,,,,,,,,,,,,,,,,,,,,,,,,,,,,,,,,,,,,,,,,,,,,,,,,,,,,,,,,,,,,,,,,,,,,,,,,,,,,,,,,,,,,,,,,,,,,,,,,,,,,,,,,,,,,,,,,,,,,,,,,,,,,,,,,,,,,,,,
H0_5ft_32kHz_epoch_37,H0,5FT,False,0,False,0.02607448175,False,TOO_EARLY,False,,,,,,,,,,,,,,,,,11.675954046041431,5.209898099513063,3.25336938501306,2550.269194268476,9.228677595018608,0.7962660475906976,41.62549732862756,6.143239463514395,0.9600000000000001,3.93088,783.8855329542954,0.1176676044671037,2.014536869766667,31113646.665930975,31987.78606547134,24.664597384334385,4.7424,3.7824,0.2967692971432906,15,12.179476774488712,173.37097267646823,31968.495387044168,7.188345416789977e-05,7.744000000000084,27634.178006662987,11.477052,5.1232505,3.00612,6448.064,23.13052,0.7963332317666992,41.93056,6.179464817047119,2.69824,3.93344,2144.979,0.33066696,1.988895,7681.3975,31987.78606547134,15.4902935,4.670719999999999,1.97248,0.5177204758481763,2172,7.3109336,173.37097267646823,51624.10572222503,0.14146456,8.545279999999998,27876.865,,,,,,,,,,,,,,,,,,,,,,,,,,,,,,,,,,,,,,,,,,,,,,,,,,,,,,,,,,,,,,,,,,,,,,,,,,,,,,,,,,,,,,,,,,,,,,,,,,,,,,,,,,,,,,,,,,,,,,,,,,,,,,,,,,,,,,,,,,,,,,,,,,,,,,,,,,,,
H0_5ft_32kHz_epoch_38,H0,5FT,False,0,False,0.06197976175,False,TOO_EARLY,False,,,,,,,,,,,,,,,,,11.760532550776365,2737.8972343529454,9.702432806484808,3776.5649621701846,13.924473217615182,0.7963335108537423,40.91659560981916,6.120463972518398,8.12544,3.91808,389.23897103879705,0.3068147961594007,2.010229531489832,17605217.347639445,31974.320358855693,16.30470727138048,11.895040000000002,3.7696,0.20715994904132756,18,1.5759305199885314,122.8745728677859,31970.662689657027,0.0001747049553783319,20.80768000000001,27121.779784046837,11.763214,264.5137,3.7818487,7143.423,26.078133,0.7964179012707545,41.215668,6.155603885650635,2.976,3.92448,1888.8706,0.2124215,2.0206938,8619.035,31974.320358855693,19.486004,4.90368,1.92768,0.46576941936927135,2289,11.387864,122.8745728677859,52297.24046958057,0.14497955,8.021760000000002,27392.389,,,,,,,,,,,,,,,,,,,,,,,,,,,,,,,,,,,,,,,,,,,,,,,,,,,,,,,,,,,,,,,,,,,,,,,,,,,,,,,,,,,,,,,,,,,,,,,,,,,,,,,,,,,,,,,,,,,,,,,,,,,,,,,,,,,,,,,,,,,,,,,,,,,,,,,,,,,,
H0_5ft_32kHz_epoch_39,H0,5FT,False,0,False,0.06785496175000001,False,TOO_EARLY,False,,,,,,,,,,,,,,,,,11.921465086582304,3273.9489489452203,1.7877188033848557,2570.898236532279,9.59431520173145,0.7971538496748178,45.82387444278674,6.5099623604297365,0.94976,3.94624,1438.0887148831112,0.30009586364013496,2.025464571370972,13830603.254617035,31986.102852144384,16.57363079339331,4.74368,3.79392,0.33712176211255174,15,4.0960828764599375,134.65706615648014,31994.364770287226,0.00020622931601990796,11.306239999999995,26796.057691207698,11.896801,279.43576,3.383789,9035.752,33.392914,0.7972124541474926,46.078537,6.539280891418457,3.61472,3.94112,2670.306,0.14929049,2.0311627,7941.264,31986.102852144384,22.627295,4.67328,1.05856,0.4936780121028524,2264,15.686266,134.65706615648014,51950.89294892723,0.14531809,9.416960000000001,27058.889,,,,,,,,,,,,,,,,,,,,,,,,,,,,,,,,,,,,,,,,,,,,,,,,,,,,,,,,,,,,,,,,,,,,,,,,,,,,,,,,,,,,,,,,,,,,,,,,,,,,,,,,,,,,,,,,,,,,,,,,,,,,,,,,,,,,,,,,,,,,,,,,,,,,,,,,,,,,
H0_5ft_32kHz_epoch_4,H0,5FT,False,0,False,0.01939416175,False,TOO_EARLY,False,,,,,,,,,,,,,,,,,12.764928238068954,5.688072028384407,4.297900212766343,2416.7799617581554,9.852598034674928,0.7961454130681384,51.935063286766194,6.855289304562379,1.0316800000000002,3.91168,562.3164434062478,0.11038285590674994,1.9130467167958987,27063928.83778551,32071.964813519346,24.768620696047734,4.79104,3.7593599999999996,0.2804441178206455,15,12.467352791435701,203.15916507649308,31946.36331071886,0.00010176292940935745,7.787519999999937,24529.36731258705,12.954809,5.7786007,12.796839,7680.6104,30.979475,0.796206996587027,52.27699,6.895365238189697,9.7024,3.91936,600.1959,0.35537758,1.9518925,7433.161,32071.964813519346,14.770142,11.65056,1.94816,0.2609216106281912,3479,3.479166,203.15916507649308,55370.500813929844,0.16466458,23.15776,24792.576,,,,,,,,,,,,,,,,,,,,,,,,,,,,,,,,,,,,,,,,,,,,,,,,,,,,,,,,,,,,,,,,,,,,,,,,,,,,,,,,,,,,,,,,,,,,,,,,,,,,,,,,,,,,,,,,,,,,,,,,,,,,,,,,,,,,,,,,,,,,,,,,,,,,,,,,,,,,
H0_5ft_32kHz_epoch_40,H0,5FT,False,0,False,0.05303512175,False,TOO_EARLY,False,,,,,,,,,,,,,,,,,12.055933765541429,5.788284911921431,2.035426390568101,2152.3349361286564,8.02555217456575,0.7961432513310598,44.57980064482093,6.3162047909480785,0.95104,3.90784,1057.4368820715358,0.11556914009126062,1.991415508644905,35030094.155529834,31950.79040968229,24.699964696968518,4.7168,3.7657599999999998,0.3527567275662823,14,11.634365166838785,197.1191606945904,31961.02066515983,7.654673611473913e-05,7.774720000000013,26818.527738810797,11.939094,5.736303,3.0482726,4862.3193,17.950663,0.7962111817336509,44.875206,6.352808952331543,2.11456,3.9257600000000004,1595.1064,0.09726937,1.9819671,7494.987,31950.79040968229,26.173038,4.6630400000000005,2.54848,0.4737194487290798,2189,16.719889,197.1191606945904,52407.28348890926,0.14768773,6.995199999999979,27087.129,,,,,,,,,,,,,,,,,,,,,,,,,,,,,,,,,,,,,,,,,,,,,,,,,,,,,,,,,,,,,,,,,,,,,,,,,,,,,,,,,,,,,,,,,,,,,,,,,,,,,,,,,,,,,,,,,,,,,,,,,,,,,,,,,,,,,,,,,,,,,,,,,,,,,,,,,,,,
H0_5ft_32kHz_epoch_41,H0,5FT,False,0,False,0.026317681750000002,False,TOO_EARLY,False,,,,,,,,,,,,,,,,,11.948130398401199,5.382739941788075,2.816319052852545,2268.8479410560903,8.62742684208354,0.7962428597662881,44.509075768303184,6.348965200978249,0.9087999999999999,3.8976,805.6075673520643,0.11711653536541981,2.0110440059511068,15637524.231771119,32071.94673181914,24.690914687556784,4.670719999999999,3.7619200000000004,0.27454024253384507,14,11.79441102707807,207.03523921558372,31971.401744579,0.0001935076408783261,9.658879999999925,26298.08380395551,11.961484,5.39248,4.452293,6661.7944,25.061258,0.7963289417291969,44.88957,6.392301559448242,2.69952,3.9142400000000004,1496.2615,0.08652079,2.024132,7290.5283,32071.94673181914,27.360537,4.6335999999999995,1.93408,0.4084401033001269,2229,19.139727,207.03523921558372,52165.74429289149,0.14411856,7.633919999999961,26582.041,,,,,,,,,,,,,,,,,,,,,,,,,,,,,,,,,,,,,,,,,,,,,,,,,,,,,,,,,,,,,,,,,,,,,,,,,,,,,,,,,,,,,,,,,,,,,,,,,,,,,,,,,,,,,,,,,,,,,,,,,,,,,,,,,,,,,,,,,,,,,,,,,,,,,,,,,,,,
H0_5ft_32kHz_epoch_42,H0,5FT,False,0,False,0.04463832175,False,TOO_EARLY,False,,,,,,,,,,,,,,,,,12.038083771039176,5.530584033251189,1.5518883376819848,1881.9816333296735,7.4399079127076275,0.7962380378139603,44.45435097900368,6.331581669258769,1.1647999999999998,3.9232,1212.7042826680336,0.357110455272422,1.9871966175433418,23317719.507578265,31987.78606547134,14.901963921804086,4.93568,3.77088,0.3218915269300149,15,1.0463940670840908,196.93595925384943,31959.412954996405,0.00013561898118084518,10.685440000000005,25295.765154769924,11.986046,5.5083714,3.0754995,3959.2944,15.502526,0.7962964386605637,44.60979,6.356579303741455,1.8982400000000001,3.93344,1287.3663,0.31820554,1.9881227,7626.434,31987.78606547134,15.886038,4.864,2.96576,0.33846438290634695,2425,5.3583755,196.93595925384943,51792.27103030864,0.14477067,11.091199999999995,25539.674,,,,,,,,,,,,,,,,,,,,,,,,,,,,,,,,,,,,,,,,,,,,,,,,,,,,,,,,,,,,,,,,,,,,,,,,,,,,,,,,,,,,,,,,,,,,,,,,,,,,,,,,,,,,,,,,,,,,,,,,,,,,,,,,,,,,,,,,,,,,,,,,,,,,,,,,,,,,
H0_5ft_32kHz_epoch_43,H0,5FT,True,0,False,0.16120280174999999,True,VALID,False,,,,,,,,,,,,,,,,,15.690084725126964,3416.1021171888024,1.0547201230044918,1768.0076848749263,13.931174579184946,0.9946497528294448,81.90102981404583,8.556871597570485,0.8678400000000001,3.9052800000000003,1676.2813625271956,0.1873828189219751,1.8910294531260416,11487186.674892697,31985.899234956665,20.046300880158533,4.6310400000000005,3.7632,0.44120751264477126,15,6.672467666712834,175.26520128743505,31951.008497017665,0.0002160521141211318,10.251519999999987,12691.016646339027,15.524794,285.10022,1.8760768,3909.0342,30.501467,0.9880317787457633,82.258835,8.593778610229492,1.65248,3.9206400000000006,2083.6216,0.16017765,1.8802912,4564.7075,31985.899234956665,21.34878,4.4019200000000005,2.7494400000000003,0.4530286071930649,2182,11.700285,175.26520128743505,57597.295023538194,0.18268855,11.296000000000001,12815.889,,,,,,,,,,,,,,,,,,,,,,,,,,,,,,,,,,,,,,,,,,,,,,,,,,,,,,,,,,,,,,,,,,,,,,,,,,,,,,,,,,,,,,,,,,,,,,,,,,,,,,,,,,,,,,,,,,,,,,,,,,,,,,,,,,,,,,,,,,,,,,,,,,,,,,,,,,,,
H0_5ft_32kHz_epoch_44,H0,5FT,True,0,False,0.25089496175000003,True,VALID,False,,,,,,,,,,,,,,,,,16.913694717518517,3596.9695669587777,0.8830904212434729,2062.042192282619,14.087487971036575,0.9941800525551078,90.21056699777318,8.954444993901749,0.96512,3.93472,2335.029508506031,0.1582591359750244,2.008968286424447,108352581.46052402,31993.482510149242,22.064919299010512,4.744960000000001,3.77984,0.4562839701369851,14,8.680456004443144,135.54007841806742,31974.673068948676,2.3211104311296378e-05,10.074880000000007,14637.401618529137,16.484156,278.41632,2.1999447,6439.01,43.566776,0.9868836952307134,90.93027,9.005627632141113,2.72256,3.93856,2926.8962,0.11222261,1.9674386,4284.3833,31993.482510149242,24.814678,4.68224,1.95968,0.49989829781997425,2114,16.678146,135.54007841806742,57891.35390708529,0.18708156,8.547839999999972,14779.634,,,,,,,,,,,,,,,,,,,,,,,,,,,,,,,,,,,,,,,,,,,,,,,,,,,,,,,,,,,,,,,,,,,,,,,,,,,,,,,,,,,,,,,,,,,,,,,,,,,,,,,,,,,,,,,,,,,,,,,,,,,,,,,,,,,,,,,,,,,,,,,,,,,,,,,,,,,,
H0_5ft_32kHz_epoch_45,H0,5FT,True,0,False,0.22739672175,True,VALID,False,,,,,,,,,,,,,,,,,16.397439934490606,3364.149674649931,1.9261145174517882,4041.8951280815277,33.087086821792525,0.9934020572395751,86.85825090919427,8.7618092056829,2.1235199999999996,3.90016,2098.4708289456657,0.12361352003152758,1.8280281077609561,25086130.651680432,32065.246696537215,23.393226937967814,4.657920000000001,2.5344,0.519084443585298,13,13.843997762360829,187.58113679001326,31951.16346100815,8.957106868851106e-05,11.412480000000002,12215.929283382346,16.373793,275.11215,1.725191,3884.5117,31.447237,0.9866905994123486,87.2726,8.80398178100586,1.61152,3.9232,2251.6416,0.124316946,1.835565,3819.6252,32065.246696537215,23.341055,4.09216,2.48064,0.5361577780252873,2029,14.190332,187.58113679001326,58661.38751619345,0.18950337,11.296000000000001,12352.474,,,,,,,,,,,,,,,,,,,,,,,,,,,,,,,,,,,,,,,,,,,,,,,,,,,,,,,,,,,,,,,,,,,,,,,,,,,,,,,,,,,,,,,,,,,,,,,,,,,,,,,,,,,,,,,,,,,,,,,,,,,,,,,,,,,,,,,,,,,,,,,,,,,,,,,,,,,,
H0_5ft_32kHz_epoch_46,H0,5FT,True,0,False,0.28104536175,True,VALID,False,,,,,,,,,,,,,,,,,15.5073653986762,3717.218110113059,1.063600266682139,2238.549807567132,15.600323170676198,0.9942616035651095,74.95259946235034,8.13516549299684,0.93312,3.9168,2104.6909047419645,0.14780396211888489,1.987373072183405,17303397.225901242,31978.745553271463,22.519936896991652,4.701440000000001,3.76832,0.4078360419262874,15,9.674977335965952,171.68836044483396,31967.483212181025,0.00010477289818065353,10.050559999999987,14349.380990868834,15.399684,292.90158,1.5818404,3892.031,26.845518,0.9899547377172094,75.54743,8.183039665222168,1.64096,3.9321599999999997,2460.4448,0.13263254,1.9837593,4704.594,31978.745553271463,23.389858,4.657920000000001,3.01696,0.46205247299452756,2314,13.066118,171.68836044483396,55824.250974507304,0.17152305,7.485440000000009,14497.88,,,,,,,,,,,,,,,,,,,,,,,,,,,,,,,,,,,,,,,,,,,,,,,,,,,,,,,,,,,,,,,,,,,,,,,,,,,,,,,,,,,,,,,,,,,,,,,,,,,,,,,,,,,,,,,,,,,,,,,,,,,,,,,,,,,,,,,,,,,,,,,,,,,,,,,,,,,,
H0_5ft_32kHz_epoch_47,H0,5FT,True,0,False,0.28035288175,True,VALID,False,,,,,,,,,,,,,,,,,16.805255941965,3492.71934490699,1.7296763473840597,2460.542166695093,17.28271524278147,0.99413115847602,89.8456495051599,8.907908702604077,0.94848,3.93472,1422.5448422279765,0.1498909851438174,2.0225446379342906,8125223.634534707,31988.942505300598,22.598576693166336,4.73344,3.78496,0.3344896028487531,14,9.93619021943605,187.58113679001326,31985.186870406196,0.0002740709335895409,11.30239999999999,14237.011558254877,16.66268,278.41464,3.498219,8995.312,62.517063,0.9876284113918485,90.75859,8.972590446472168,3.62624,3.93472,2571.3975,0.072579,2.0160308,4323.3423,31988.942505300598,28.871958,4.67584,1.0495999999999999,0.4559178052675037,2307,21.927805,187.58113679001326,57044.47786704334,0.17773403,9.452799999999984,14388.57,,,,,,,,,,,,,,,,,,,,,,,,,,,,,,,,,,,,,,,,,,,,,,,,,,,,,,,,,,,,,,,,,,,,,,,,,,,,,,,,,,,,,,,,,,,,,,,,,,,,,,,,,,,,,,,,,,,,,,,,,,,,,,,,,,,,,,,,,,,,,,,,,,,,,,,,,,,,
H0_5ft_32kHz_epoch_48,H0,5FT,True,0,False,0.21545048175,True,VALID,False,,,,,,,,,,,,,,,,,17.08580705278909,3239.4834473178307,2.594868884489275,2509.6055146426825,18.274013211922156,0.9940060424543835,97.83104766055574,9.317413834954174,0.96384,3.9296,967.1415498653861,0.16862496345431172,1.9657299710108787,11540662.508690197,32074.806557200085,21.330884415336577,4.7385600000000005,3.77472,0.310813457913339,16,9.013335056160699,162.64809410168164,31968.420782715028,0.00019019092312054641,7.768319999999996,13733.193062404987,17.369995,302.4865,3.5032005,6586.876,47.394493,0.9862346667129582,98.54071,9.369556427001953,2.72896,3.9398400000000002,1880.2452,0.11868638,2.01038,4039.5833,32074.806557200085,24.523375,4.6784,1.94944,0.4835558449243935,2285,16.30296,162.64809410168164,56817.56910716712,0.1790412,7.591680000000017,13897.978,,,,,,,,,,,,,,,,,,,,,,,,,,,,,,,,,,,,,,,,,,,,,,,,,,,,,,,,,,,,,,,,,,,,,,,,,,,,,,,,,,,,,,,,,,,,,,,,,,,,,,,,,,,,,,,,,,,,,,,,,,,,,,,,,,,,,,,,,,,,,,,,,,,,,,,,,,,,
H0_5ft_32kHz_epoch_49,H0,5FT,True,0,False,0.26585304175,True,VALID,False,,,,,,,,,,,,,,,,,16.477049765359013,2849.7126424722182,2.8473548570531793,2430.253613192233,17.49534951775276,0.9937979493140641,89.07155140206422,8.91943314632,0.9561599999999999,3.9398400000000002,853.5127285494359,0.15394458971298267,2.015596095741332,11750873.850707054,31945.705732297443,22.29254153409796,4.73984,3.7836800000000004,0.28748735777426737,14,9.63886266477531,158.22205273386135,31977.792371692998,0.00019630582998901596,7.747840000000005,13890.854885329416,16.302582,267.8876,4.32838,8885.524,63.25444,0.9880507105979384,89.912964,8.98118782043457,3.63008,3.9398400000000002,2052.852,0.07502458,2.0054507,4482.8926,31945.705732297443,28.469479,4.68224,1.05216,0.46951050173156417,2252,21.575645,158.22205273386135,56405.52792953183,0.17375277,8.49407999999996,14047.273,,,,,,,,,,,,,,,,,,,,,,,,,,,,,,,,,,,,,,,,,,,,,,,,,,,,,,,,,,,,,,,,,,,,,,,,,,,,,,,,,,,,,,,,,,,,,,,,,,,,,,,,,,,,,,,,,,,,,,,,,,,,,,,,,,,,,,,,,,,,,,,,,,,,,,,,,,,,
H0_5ft_32kHz_epoch_5,H0,5FT,True,0,False,0.35438552175000004,True,VALID,False,,,,,,,,,,,,,,,,,18.085016057928165,2959.641812191328,3.6567641292025344,2263.1642087650343,17.62323820755902,0.9939231249751469,106.98374350265713,9.785578951662524,0.99968,3.9155199999999994,618.898055439583,0.12998997954522923,2.0120402996260704,12280768.987748653,31943.784481395953,23.76589004436193,4.77056,3.77088,0.2684831979937976,15,10.775766761444196,153.61208887381144,31985.93528706274,0.0001716833043442479,8.551680000000006,12841.931670618244,17.942339,267.41818,4.722372,4193.663,32.197742,0.98581859538496,108.16729,9.861677169799805,1.76384,3.92832,888.0417,0.11483287,2.0103223,4397.712,31943.784481395953,24.80324,4.70528,2.94144,0.36432327316858365,2077,14.592328,153.61208887381144,58880.95151504724,0.19052586,7.07072000000003,13024.712,,,,,,,,,,,,,,,,,,,,,,,,,,,,,,,,,,,,,,,,,,,,,,,,,,,,,,,,,,,,,,,,,,,,,,,,,,,,,,,,,,,,,,,,,,,,,,,,,,,,,,,,,,,,,,,,,,,,,,,,,,,,,,,,,,,,,,,,,,,,,,,,,,,,,,,,,,,,
H0_5ft_32kHz_epoch_50,H0,5FT,True,0,False,0.40219480175000005,True,VALID,False,,,,,,,,,,,,,,,,,16.011647025685633,3373.9828118297773,1.9761692228552692,2738.7880721926613,18.628365670587456,0.9940669951038231,82.21220985277908,8.539391919503903,1.0073599999999998,3.97824,1385.9076644434954,0.12657878364616296,2.0150573552018534,42120177.74537064,31984.419638817428,24.022247403027826,4.8076799999999995,3.8003199999999997,0.3356608235845813,16,11.800919784655102,124.55778619474222,31979.147976608856,5.3141470429107505e-05,11.29728000000002,14702.245600197484,15.762378,279.4764,3.3011549,9102.539,61.302143,0.987217376375994,82.992874,8.598773002624512,3.66208,3.9654399999999996,2757.3801,0.062791064,1.9935386,4626.8013,31984.419638817428,29.927519,4.7180800000000005,1.056,0.486691902548189,2374,23.194792,124.55778619474222,55871.66812532267,0.1710989,9.451519999999991,14848.647,,,,,,,,,,,,,,,,,,,,,,,,,,,,,,,,,,,,,,,,,,,,,,,,,,,,,,,,,,,,,,,,,,,,,,,,,,,,,,,,,,,,,,,,,,,,,,,,,,,,,,,,,,,,,,,,,,,,,,,,,,,,,,,,,,,,,,,,,,,,,,,,,,,,,,,,,,,,
H0_5ft_32kHz_epoch_51,H0,5FT,True,0,False,0.48442712175,True,VALID,False,,,,,,,,,,,,,,,,,16.593563133494424,94.16528938319139,1.5987920644787121,2586.4240710953673,17.562719221708527,0.9734107351076692,87.37389003615998,8.784255024342972,0.9958400000000001,3.97056,1617.7363702005323,0.11581425930561465,2.031127588114006,398924.3362712898,31993.711517252887,24.87232572348589,4.79872,3.8028799999999996,0.34363671310997373,12,12.343572365747935,120.81496945797699,32423.529064700877,0.004297684328099241,8.53887999999997,14726.785974568113,16.275337,88.22865,3.3027842,9202.996,61.851,0.970271948197061,88.126396,8.842798233032227,3.67616,3.9616000000000002,2786.4358,0.05733428,2.0024645,4717.345,31993.711517252887,30.823286,4.71552,1.03936,0.50103840422815,2334,24.03305,120.81496945797699,56001.89030170749,0.1739616,9.41439999999999,14879.3,,,,,,,,,,,,,,,,,,,,,,,,,,,,,,,,,,,,,,,,,,,,,,,,,,,,,,,,,,,,,,,,,,,,,,,,,,,,,,,,,,,,,,,,,,,,,,,,,,,,,,,,,,,,,,,,,,,,,,,,,,,,,,,,,,,,,,,,,,,,,,,,,,,,,,,,,,,,
H0_5ft_32kHz_epoch_52,H0,5FT,True,0,False,0.40430552175,True,VALID,False,,,,,,,,,,,,,,,,,15.713640895520875,2897.539629014407,1.1486611103895277,2538.719309586485,17.084397225649745,0.9941444926598941,80.2532406750846,8.464692374367651,0.93312,3.92448,2210.155185566832,0.12361420798183785,1.9320924448158878,19493711.312875576,32079.55373239408,23.822778085046824,4.704,3.77088,0.4744557845497194,12,11.785751372514511,179.63278353619899,31968.984604427995,0.00011597391365140328,8.550400000000014,14859.870535993796,15.794128,269.56912,1.6746192,5297.715,35.312004,0.9868440161341153,80.85385,8.512785911560059,2.28992,3.93344,3163.534,0.097959,1.9512925,4319.2705,32079.55373239408,25.969696,4.66176,2.37184,0.6265571555539047,2161,17.039787,179.63278353619899,57678.36764611694,0.1813507,8.154879999999975,15002.59,,,,,,,,,,,,,,,,,,,,,,,,,,,,,,,,,,,,,,,,,,,,,,,,,,,,,,,,,,,,,,,,,,,,,,,,,,,,,,,,,,,,,,,,,,,,,,,,,,,,,,,,,,,,,,,,,,,,,,,,,,,,,,,,,,,,,,,,,,,,,,,,,,,,,,,,,,,,
H0_5ft_32kHz_epoch_53,H0,5FT,True,0,False,0.33852888175,True,VALID,False,,,,,,,,,,,,,,,,,16.797512131472555,3270.8365476058107,0.912306058771709,1691.0524344694873,12.133408957911193,0.9940161299282796,94.13748766723336,9.132451445049625,0.94976,3.92832,1853.602108864824,0.13699206575814601,2.0002102475913164,83901179.58475786,31995.30118790365,23.259375380365963,4.7180800000000005,3.76832,0.3935879873892313,14,9.124067305154798,173.27410093314757,31985.327848886925,2.4703869307528902e-05,11.263999999999996,13937.158471584193,16.717136,345.99542,3.7933376,8696.774,61.755596,0.9895357963559982,94.77368,9.179143905639648,3.60704,3.93088,2292.6445,0.06983038,2.0009968,4306.4917,31995.30118790365,29.100853,4.672,1.06496,0.4217083856153181,2300,22.115824,173.27410093314757,55487.86923990542,0.17222561,13.92384000000002,14082.568,,,,,,,,,,,,,,,,,,,,,,,,,,,,,,,,,,,,,,,,,,,,,,,,,,,,,,,,,,,,,,,,,,,,,,,,,,,,,,,,,,,,,,,,,,,,,,,,,,,,,,,,,,,,,,,,,,,,,,,,,,,,,,,,,,,,,,,,,,,,,,,,,,,,,,,,,,,,
H0_5ft_32kHz_epoch_54,H0,5FT,True,0,False,0.37029080175,True,VALID,False,,,,,,,,,,,,,,,,,15.156442126483823,3562.6867591533824,0.611349002262344,1903.6298057500148,12.276633971304191,0.9938958869080711,70.49876103316365,7.945671393138695,0.9472,3.9398400000000002,3113.8184550975384,0.13166512824035073,2.0191735902912495,5833878.422166685,31998.41817790577,23.708611365635193,4.72448,3.77728,0.5199461436962863,16,9.944809173876235,51.86419221770848,32017.92198176998,0.00034037019736766886,10.009600000000008,15506.121712186008,14.896737,281.7326,2.3238378,8937.792,57.062267,0.9884852028148141,71.248795,8.001236915588379,3.68768,3.9360000000000004,3846.1343,0.06452496,1.9946039,5270.7954,31998.41817790577,29.759148,4.6784,0.99072,0.5461983809418508,2225,22.915373,51.86419221770848,55420.3746426697,0.16732736,11.274240000000047,15663.227,,,,,,,,,,,,,,,,,,,,,,,,,,,,,,,,,,,,,,,,,,,,,,,,,,,,,,,,,,,,,,,,,,,,,,,,,,,,,,,,,,,,,,,,,,,,,,,,,,,,,,,,,,,,,,,,,,,,,,,,,,,,,,,,,,,,,,,,,,,,,,,,,,,,,,,,,,,,
H0_5ft_32kHz_epoch_55,H0,5FT,True,0,False,0.41821272175,True,VALID,False,,,,,,,,,,,,,,,,,14.164558583350999,4102.136378570067,0.4211701634340838,2062.0289935075944,11.921313915278287,0.9940978354765233,60.88726842223239,7.508241186820831,0.8921600000000001,3.91296,4895.952212508222,0.12374667567165339,1.9930269166730643,7200001.600040189,32000.20659832707,24.133161324354376,4.6528,3.76064,0.68790729634278,14,10.896251687366767,114.45890696322022,32015.782709122752,0.00035106447354778307,8.613119999999974,17296.994342753598,14.520322,316.53296,1.4729141,8622.666,49.35824,0.9884607823364232,61.433327,7.548696994781494,3.5942399999999997,3.9155199999999994,5854.154,0.063153595,2.0532513,6206.309,32000.20659832707,30.197529,4.64768,1.0534400000000002,0.6894356220883515,2101,22.974234,114.45890696322022,54513.16598904934,0.16265656,11.18079999999999,17469.559,,,,,,,,,,,,,,,,,,,,,,,,,,,,,,,,,,,,,,,,,,,,,,,,,,,,,,,,,,,,,,,,,,,,,,,,,,,,,,,,,,,,,,,,,,,,,,,,,,,,,,,,,,,,,,,,,,,,,,,,,,,,,,,,,,,,,,,,,,,,,,,,,,,,,,,,,,,,
H0_5ft_32kHz_epoch_56,H0,5FT,True,0,False,0.43922136175000004,True,VALID,False,,,,,,,,,,,,,,,,,14.441574889605134,2189.8421431235743,1.4262567284864784,7730.598196991928,50.78910637313179,0.9936960375417612,60.51931073290734,7.527756688467053,3.89888,3.90272,5420.201035752782,0.0489673498151425,1.90616556157912,16296016.599876378,31996.62975748447,31.78772818426005,4.69248,0.7936,0.7635775477878514,11,24.667403988210772,126.97784991232402,31990.899081695385,0.00017243113669880667,11.601919999999987,15220.976994943705,15.227223,285.54062,1.4884156,8093.507,52.668106,0.9863422659107874,61.024895,7.56825590133667,3.4636799999999996,3.90912,5437.666,0.044023823,2.0194826,5388.816,31996.62975748447,33.211113,4.0652800000000004,0.6016,0.7238066099950841,1939,26.416168,126.97784991232402,56302.58555396247,0.17317836,11.655680000000002,15366.998,,,,,,,,,,,,,,,,,,,,,,,,,,,,,,,,,,,,,,,,,,,,,,,,,,,,,,,,,,,,,,,,,,,,,,,,,,,,,,,,,,,,,,,,,,,,,,,,,,,,,,,,,,,,,,,,,,,,,,,,,,,,,,,,,,,,,,,,,,,,,,,,,,,,,,,,,,,,
H0_5ft_32kHz_epoch_57,H0,5FT,False,0,False,0.010878321750000001,False,TOO_EARLY,False,,,,,,,,,,,,,,,,,11.744093919535628,5.58275616365841,0.8860948349594571,2387.9727384199023,8.565289890210948,0.796852743690563,41.78118184668117,6.152316265308412,0.9958400000000001,3.93344,2694.94036552992,0.11697176225809382,1.9779109291917487,9773482.051206259,31966.687116189918,24.558775637815632,4.76544,3.7696,0.5115117139698505,12,11.947061329557373,130.35299336255412,32010.15098088337,0.00031142183145101924,8.636160000000004,27879.64878046973,11.850136,5.6359015,1.719095,6282.803,22.324078,0.7969217224090914,42.1832,6.195761680603027,2.70848,3.93472,3654.7156,0.08896,2.005196,8490.286,31966.687116189918,27.011492,4.702719999999999,1.99424,0.5914978855945292,2201,18.577076,130.35299336255412,52029.035391426856,0.1446636,8.513279999999956,28143.62,,,,,,,,,,,,,,,,,,,,,,,,,,,,,,,,,,,,,,,,,,,,,,,,,,,,,,,,,,,,,,,,,,,,,,,,,,,,,,,,,,,,,,,,,,,,,,,,,,,,,,,,,,,,,,,,,,,,,,,,,,,,,,,,,,,,,,,,,,,,,,,,,,,,,,,,,,,,
H0_5ft_32kHz_epoch_58,H0,5FT,True,0,False,0.44885208175,True,VALID,False,,,,,,,,,,,,,,,,,16.16605702995551,1046.5581430227437,0.8331698818147907,2031.0225335394737,13.858519113718359,0.9934954601860801,81.87588090668031,8.508165978078774,0.9958400000000001,3.93472,2437.705176182636,0.11745211508160389,1.9739976453883588,2344487.402156328,31969.866457491444,24.507979098932363,4.76928,3.77344,0.4570347594094949,14,11.212419699227745,131.94266401331697,32035.840469441137,0.0008156759824314339,10.018559999999955,14655.408105826966,16.27588,291.33707,1.6158639,4603.9688,31.117067,0.9861349027140036,82.447754,8.553077697753906,2.01856,3.94112,2849.2305,0.098896325,1.9968936,4495.462,31969.866457491444,26.053791,4.6950400000000005,2.67648,0.48783597528003736,2196,16.304853,131.94266401331697,57063.4002348376,0.17952877,11.083519999999957,14795.639,,,,,,,,,,,,,,,,,,,,,,,,,,,,,,,,,,,,,,,,,,,,,,,,,,,,,,,,,,,,,,,,,,,,,,,,,,,,,,,,,,,,,,,,,,,,,,,,,,,,,,,,,,,,,,,,,,,,,,,,,,,,,,,,,,,,,,,,,,,,,,,,,,,,,,,,,,,,
H0_5ft_32kHz_epoch_59,H0,5FT,False,0,False,0.00709720175,False,TOO_EARLY,False,,,,,,,,,,,,,,,,,11.553094215900305,5.256416879987521,3.358600440195086,8513.50796507148,36.58961090005041,0.7960571344734351,41.46708504112827,6.10696783284212,4.3148800000000005,3.90912,2534.8379828642646,0.05147141023563364,1.8290823568415315,27273295.573971502,31972.637145528737,31.01100227927109,4.7180800000000005,0.4032,0.43085326644965116,14,24.636108175783708,159.90526606081767,31957.36537539653,0.00011573545563002919,10.15808000000007,23267.555340578147,11.462585,5.216909,4.1606174,6220.5625,26.465065,0.7961360216196547,41.648216,6.138106822967529,4.01152,3.9552,1495.1057,0.50348496,1.8239815,7373.3667,31972.637145528737,11.144688,5.6192,1.60768,0.37904327171117913,2741,2.7049313,159.90526606081767,52580.6792568632,0.14854972,13.340160000000001,23504.809,,,,,,,,,,,,,,,,,,,,,,,,,,,,,,,,,,,,,,,,,,,,,,,,,,,,,,,,,,,,,,,,,,,,,,,,,,,,,,,,,,,,,,,,,,,,,,,,,,,,,,,,,,,,,,,,,,,,,,,,,,,,,,,,,,,,,,,,,,,,,,,,,,,,,,,,,,,,
H0_5ft_32kHz_epoch_6,H0,5FT,True,0,False,0.36346840175,True,VALID,False,,,,,,,,,,,,,,,,,17.845564998372886,2882.343136923125,2.04388071094229,1739.9155942256464,15.109701570150108,0.9945428584561565,106.10068941644407,9.742225926544387,1.01376,3.90656,851.2804024767614,0.1231653824389428,1.9315680576093286,7925035.499712115,31973.04579879297,23.87039898156278,4.77056,3.7567999999999997,0.27788429092304,16,10.095911430379035,233.68158566213606,31956.4959526759,0.00023756149830125514,7.80160000000002,11515.221436688813,17.596392,261.49042,4.9168186,5308.3726,45.51625,0.9864242108147265,106.744835,9.799153327941895,2.4256,3.92704,1079.6356,0.09296462,1.9167463,3492.386,31973.04579879297,26.23697,4.6975999999999996,2.2720000000000002,0.37195992395716776,2298,17.459688,233.68158566213606,59964.33965394155,0.19658706,7.295999999999969,11662.588,,,,,,,,,,,,,,,,,,,,,,,,,,,,,,,,,,,,,,,,,,,,,,,,,,,,,,,,,,,,,,,,,,,,,,,,,,,,,,,,,,,,,,,,,,,,,,,,,,,,,,,,,,,,,,,,,,,,,,,,,,,,,,,,,,,,,,,,,,,,,,,,,,,,,,,,,,,,
H0_5ft_32kHz_epoch_60,H0,5FT,False,0,False,0.025654641750000002,False,TOO_EARLY,False,,,,,,,,,,,,,,,,,12.067709082230065,5.410347359034418,145.36891081366466,10196.616805879918,47.07272167152481,0.7960657629707747,38.87548868757327,5.912949687489811,19.33824,3.88864,70.14303642224786,0.11628698518649709,1.8434348541027135,50278377.47078392,31972.637145528737,23.991562780211883,19.735039999999998,0.3968,0.09195316543363642,22,12.120362647811522,124.55778619474222,31961.498212978397,6.088788240731501e-05,33.71776,21661.413327727765,11.889361,5.3338704,3.4029088,7170.015,32.740486,0.7961460098954762,39.015854,5.940856456756592,3.5904000000000003,3.9219199999999996,2107.0254,0.16022104,1.8261465,7685.6245,31972.637145528737,21.077616,4.122879999999999,0.53248,0.4459431521747716,2061,14.612246,124.55778619474222,52682.53078099218,0.15090197,12.856319999999997,21899.54,,,,,,,,,,,,,,,,,,,,,,,,,,,,,,,,,,,,,,,,,,,,,,,,,,,,,,,,,,,,,,,,,,,,,,,,,,,,,,,,,,,,,,,,,,,,,,,,,,,,,,,,,,,,,,,,,,,,,,,,,,,,,,,,,,,,,,,,,,,,,,,,,,,,,,,,,,,,
H0_5ft_32kHz_epoch_61,H0,5FT,True,0,False,0.42851544175,True,VALID,False,,,,,,,,,,,,,,,,,16.072335146245976,2848.594251759566,1.8074007031872796,6442.74782900892,58.64149557819934,0.9931625214175306,60.48691274859117,7.386076048755394,4.33664,3.86688,3564.648291686071,0.02725757411122772,1.8023404308826134,7755664.600416451,31978.745553271463,36.37301985452571,4.72576,0.38912,0.5682444943646597,12,28.940849523872547,130.5546907549251,31956.195712313805,0.0002962541587000349,13.111040000000019,10986.67038670144,15.50509,260.87357,1.8708875,6640.9233,59.671158,0.9851483769339734,60.758312,7.42019510269165,3.9103999999999997,3.9232,3549.6113,0.024160035,1.749972,4137.6626,31978.745553271463,37.099422,4.1548799999999995,0.24448,0.6016501963340308,2013,30.672344,130.5546907549251,58189.275069129675,0.18811007,13.53215999999996,11129.201,,,,,,,,,,,,,,,,,,,,,,,,,,,,,,,,,,,,,,,,,,,,,,,,,,,,,,,,,,,,,,,,,,,,,,,,,,,,,,,,,,,,,,,,,,,,,,,,,,,,,,,,,,,,,,,,,,,,,,,,,,,,,,,,,,,,,,,,,,,,,,,,,,,,,,,,,,,,
H0_5ft_32kHz_epoch_62,H0,5FT,False,0,False,0.02666200175,False,TOO_EARLY,False,,,,,,,,,,,,,,,,,12.71564815356303,5.974301258922062,3.5309179954348977,7683.777363346479,38.81374022467292,0.796824423976108,40.93752818578954,6.015056945269744,4.78464,3.9155199999999994,2176.141551086838,0.050036825212473185,1.8045823553132332,9600180.850624675,31966.687116189918,31.1335015901956,5.18016,0.39552,0.42163753200296006,14,24.024725144558836,42.92110757059709,31972.994408439758,0.0002826244166373265,14.620160000000105,19796.539366907127,12.232589,5.747214,3.2314618,7217.2046,36.000633,0.7968857249640523,41.154964,6.050817966461182,4.22528,3.98208,2233.418,0.055527933,1.7469938,7919.4614,31966.687116189918,29.925863,4.756480000000001,0.5312,0.4523253946169069,2394,23.225002,42.92110757059709,53619.71770086646,0.15732229,13.258239999999976,20047.438,,,,,,,,,,,,,,,,,,,,,,,,,,,,,,,,,,,,,,,,,,,,,,,,,,,,,,,,,,,,,,,,,,,,,,,,,,,,,,,,,,,,,,,,,,,,,,,,,,,,,,,,,,,,,,,,,,,,,,,,,,,,,,,,,,,,,,,,,,,,,,,,,,,,,,,,,,,,
H0_5ft_32kHz_epoch_63,H0,5FT,True,0,False,0.45960152175,True,VALID,False,,,,,,,,,,,,,,,,,16.12817830157136,481.1241594484114,1.5563215743374093,4225.346640543327,32.72300220822591,0.9922439729238509,82.91584856692302,8.6035885964985,2.30912,3.90912,2714.957313588663,0.08860950600610183,1.9021706873759463,1343348.2782234314,31984.419638817428,26.624700010762695,4.77184,2.46272,0.4408465683100789,14,16.82812449989187,121.19135954082958,32089.62730278859,0.001799487265869775,12.50047999999998,12912.466324624476,16.101368,238.89215,1.5163002,4157.054,31.838278,0.9838464679652302,83.38018,8.648653030395508,1.7126400000000002,3.9321599999999997,2741.5774,0.089094765,1.9095911,4897.1606,31984.419638817428,26.580791,4.1088000000000005,2.39616,0.4624874467899022,2105,17.3475,121.19135954082958,58432.677289353494,0.18743281,11.352320000000027,13056.781,,,,,,,,,,,,,,,,,,,,,,,,,,,,,,,,,,,,,,,,,,,,,,,,,,,,,,,,,,,,,,,,,,,,,,,,,,,,,,,,,,,,,,,,,,,,,,,,,,,,,,,,,,,,,,,,,,,,,,,,,,,,,,,,,,,,,,,,,,,,,,,,,,,,,,,,,,,,
H0_5ft_32kHz_epoch_64,H0,5FT,True,0,False,0.45474008175,True,VALID,False,,,,,,,,,,,,,,,,,16.86199820955085,533.2247382646075,3.9167485544404608,8781.60961453109,73.67604606813624,0.9924459942538711,96.06829794870536,9.291730381452759,4.3839999999999995,3.90784,2242.0662170347623,0.027811985715948433,1.8568486757850051,3392277.989923666,31966.687116189918,36.49027621696256,4.78464,0.40064,0.5158903632868107,14,30.056782551679838,133.53233466407983,31995.840423060436,0.0004988416377201464,10.26047999999996,11919.219452153699,16.715017,232.58441,2.03821,4330.224,35.914433,0.9832736559133072,96.626144,9.343805313110352,1.8713600000000001,3.9296,2124.5232,0.0854194,1.8512756,4088.3604,31966.687116189918,26.678299,4.11008,2.23872,0.5369628049614849,2092,17.890402,133.53233466407983,59229.606404313294,0.19320533,8.281600000000001,12057.059,,,,,,,,,,,,,,,,,,,,,,,,,,,,,,,,,,,,,,,,,,,,,,,,,,,,,,,,,,,,,,,,,,,,,,,,,,,,,,,,,,,,,,,,,,,,,,,,,,,,,,,,,,,,,,,,,,,,,,,,,,,,,,,,,,,,,,,,,,,,,,,,,,,,,,,,,,,,
H0_5ft_32kHz_epoch_65,H0,5FT,True,0,False,0.45061848175,True,VALID,False,,,,,,,,,,,,,,,,,16.04644856455405,866.1612781463493,2.3136718750097542,3944.208325585709,30.441994813315077,0.9932177299953794,90.3007720223542,9.003099406070271,1.98144,3.91936,1704.739711878483,0.09861650340098842,1.9541013950181112,2238853.9714816613,31968.015030743663,25.91919602955,4.75904,2.7776,0.47405799521678965,14,15.613834017946363,130.5546907549251,32037.021615010315,0.0008127249691838945,7.781119999999975,12956.471314621322,16.493645,286.644,2.3165238,4057.1252,30.973461,0.9854682387107551,90.80497,9.049215316772461,2.0108800000000002,3.92448,1751.385,0.09837208,2.019556,4432.2866,31968.015030743663,26.235222,4.69248,2.6816,0.4784997152514712,2340,15.814541,130.5546907549251,55976.749945668984,0.17385925,7.8156799999999915,13098.715,,,,,,,,,,,,,,,,,,,,,,,,,,,,,,,,,,,,,,,,,,,,,,,,,,,,,,,,,,,,,,,,,,,,,,,,,,,,,,,,,,,,,,,,,,,,,,,,,,,,,,,,,,,,,,,,,,,,,,,,,,,,,,,,,,,,,,,,,,,,,,,,,,,,,,,,,,,,
H0_5ft_32kHz_epoch_66,H0,5FT,True,0,False,0.34223576175000003,True,VALID,False,,,,,,,,,,,,,,,,,15.864150141896495,3585.411886760093,1.640143723928178,4332.870324950744,32.7914666848218,0.9941461697522602,80.65802827365432,8.468178171867542,2.19008,3.9257600000000004,2641.762585642962,0.10505986272724985,1.8927088120222817,11672523.297440663,31969.270718874825,25.111221988189474,4.789759999999999,2.59968,0.49497875642819406,12,15.429965622204886,104.35922627127002,31959.529878850895,0.0002282863384429409,8.040959999999986,13213.40813022026,16.044079,292.34015,1.6421069,4404.612,32.98995,0.9886658638423351,81.03889,8.506452560424805,2.1849600000000002,3.9424000000000006,2682.293,0.10509767,1.9241428,4855.4385,31969.270718874825,25.186808,4.7065600000000005,2.5216000000000003,0.4959289084610009,2343,15.57469,104.35922627127002,57716.1973386246,0.18426943,7.97055999999996,13351.375,,,,,,,,,,,,,,,,,,,,,,,,,,,,,,,,,,,,,,,,,,,,,,,,,,,,,,,,,,,,,,,,,,,,,,,,,,,,,,,,,,,,,,,,,,,,,,,,,,,,,,,,,,,,,,,,,,,,,,,,,,,,,,,,,,,,,,,,,,,,,,,,,,,,,,,,,,,,
H0_5ft_32kHz_epoch_67,H0,5FT,True,0,False,0.37405016175,True,VALID,False,,,,,,,,,,,,,,,,,15.477698227427423,3191.237393501132,0.8760002790249236,1688.722939924905,12.597210935775665,0.9939901295222843,80.46988270878404,8.472165474192714,0.9792,3.9219199999999996,1927.7652991212922,0.12662325571066907,1.9172253956948067,10872649.229752235,31969.803451164964,23.60046768429909,4.7500800000000005,3.77088,0.44168559801737733,15,9.763651064889807,44.71051053250994,31967.8841267151,0.0002459411289127231,10.008320000000015,13405.53038711906,15.798167,270.44998,1.7644358,4269.137,31.518438,0.9876258980075794,81.017784,8.521574974060059,2.10304,3.9321599999999997,2419.548,0.10488932,1.9670678,4971.441,31969.803451164964,25.375566,4.68864,2.5856,0.4735619034551988,2235,15.472888,44.71051053250994,57367.4137541813,0.1796771,7.893759999999972,13544.888,,,,,,,,,,,,,,,,,,,,,,,,,,,,,,,,,,,,,,,,,,,,,,,,,,,,,,,,,,,,,,,,,,,,,,,,,,,,,,,,,,,,,,,,,,,,,,,,,,,,,,,,,,,,,,,,,,,,,,,,,,,,,,,,,,,,,,,,,,,,,,,,,,,,,,,,,,,,
H0_5ft_32kHz_epoch_68,H0,5FT,True,0,False,0.31910744175,True,VALID,False,,,,,,,,,,,,,,,,,16.896394525396435,1737.4726889512804,3.198216254270415,7322.259670577893,69.22570563271456,0.9936702206488103,80.7290264888639,8.458415466657444,4.34432,3.88608,2289.4823515453445,0.03179326565483273,1.8036093457465499,11368994.132417662,31965.904292220912,35.05468427531759,4.73728,0.39296,0.4787934314729872,13,28.14760918480281,139.70670613734546,31954.06064749072,0.00020804001153840074,10.300160000000002,10577.370939961185,16.237051,247.26875,3.2619147,7528.453,70.21629,0.987297665597443,81.09432,8.5015230178833,3.90144,3.92832,2307.9858,0.027234403,1.7450213,3989.3435,31965.904292220912,36.075523,4.14208,0.24064,0.5069341385270147,1993,30.190247,139.70670613734546,58885.855110588935,0.19180134,10.374400000000005,10721.804,,,,,,,,,,,,,,,,,,,,,,,,,,,,,,,,,,,,,,,,,,,,,,,,,,,,,,,,,,,,,,,,,,,,,,,,,,,,,,,,,,,,,,,,,,,,,,,,,,,,,,,,,,,,,,,,,,,,,,,,,,,,,,,,,,,,,,,,,,,,,,,,,,,,,,,,,,,,
H0_5ft_32kHz_epoch_69,H0,5FT,True,0,False,0.32751320175000004,True,VALID,False,,,,,,,,,,,,,,,,,16.307161333799186,3397.233979220231,2.9100063312411435,7541.518533947696,67.97383241250414,0.99369553089243,74.92966122920969,8.182111093745643,4.30848,3.88224,2591.581486604835,0.03254682694152103,1.8376453015518897,14057775.495224621,31969.803451164964,35.000922546518225,4.70528,0.3968,0.5001571006359881,11,28.095667305044735,134.1315315975262,31960.708438521073,0.00016251388728206957,11.992320000000001,11094.737881161936,15.78507,255.40234,2.784575,7127.014,63.443287,0.9879534961903559,75.27754,8.223344802856445,3.60448,3.92448,2559.4622,0.045114066,1.7899151,4100.188,31969.803451164964,31.90458,4.12544,0.52096,0.5135155115293506,1989,25.58585,134.1315315975262,58136.33555151147,0.18605922,11.777280000000001,11233.678,,,,,,,,,,,,,,,,,,,,,,,,,,,,,,,,,,,,,,,,,,,,,,,,,,,,,,,,,,,,,,,,,,,,,,,,,,,,,,,,,,,,,,,,,,,,,,,,,,,,,,,,,,,,,,,,,,,,,,,,,,,,,,,,,,,,,,,,,,,,,,,,,,,,,,,,,,,,
H0_5ft_32kHz_epoch_7,H0,5FT,True,0,False,0.37482584175,True,VALID,False,,,,,,,,,,,,,,,,,18.240089571608067,2367.8641115650826,0.5880304836239796,638.9188668457668,8.312888450108694,0.9931743126974193,98.99672263412474,9.387906201115308,0.9216,3.9052800000000003,1086.5403829204702,0.09729241738521892,1.6129370285980051,152470720.4013323,31941.252385777712,24.331465078659697,4.68736,3.7657599999999998,0.4483526872606134,15,7.857152633989361,195.52949004382754,31922.944767486846,1.2566441095129872e-05,8.541440000000012,7685.882839404689,17.755342,209.23256,5.210687,5807.9365,74.05999,0.982560070225038,99.75251,9.456639289855957,3.86688,3.93472,1114.6201,0.024392951,1.5859584,3226.5955,31941.252385777712,36.20506,4.11264,0.24575999999999998,0.49662788955758586,1902,30.053856,195.52949004382754,62051.56252668211,0.20951295,12.049920000000046,7842.205,,,,,,,,,,,,,,,,,,,,,,,,,,,,,,,,,,,,,,,,,,,,,,,,,,,,,,,,,,,,,,,,,,,,,,,,,,,,,,,,,,,,,,,,,,,,,,,,,,,,,,,,,,,,,,,,,,,,,,,,,,,,,,,,,,,,,,,,,,,,,,,,,,,,,,,,,,,,
H0_5ft_32kHz_epoch_70,H0,5FT,True,0,False,0.33506520175000004,True,VALID,False,,,,,,,,,,,,,,,,,17.945466914502713,3447.3429260932294,2.8848578816634327,7487.4596651794645,68.16248688200102,0.9936215328954875,91.67459667797422,9.005336251776884,4.41216,3.9155199999999994,2595.4344970580823,0.030808244905119426,1.7997547224295924,15136949.12748127,31973.246627672317,35.312821371174834,4.8,0.38783999999999996,0.4764106681489845,14,28.458158787171755,48.64374375071202,31947.820253944195,0.00015071220880117636,13.416959999999978,10984.721960249568,17.411432,276.0827,2.963843,7692.366,69.09088,0.9859164017663254,92.038025,9.045792579650879,4.46464,3.97696,2595.4026,0.027079266,1.7579972,4151.177,31973.246627672317,36.19168,4.7104,0.24575999999999998,0.5183133702656697,2404,29.779705,48.64374375071202,59907.55803051158,0.19991294,13.518079999999987,11133.692,,,,,,,,,,,,,,,,,,,,,,,,,,,,,,,,,,,,,,,,,,,,,,,,,,,,,,,,,,,,,,,,,,,,,,,,,,,,,,,,,,,,,,,,,,,,,,,,,,,,,,,,,,,,,,,,,,,,,,,,,,,,,,,,,,,,,,,,,,,,,,,,,,,,,,,,,,,,
H0_5ft_32kHz_epoch_71,H0,5FT,False,0,False,0.48174040175000005,False,TOO_LATE,False,,,,,,,,,,,,,,,,,17.451967378152993,58.09201185086018,3.856140972205566,6302.696841514665,71.4902592626238,0.9560457427147796,78.62360660519127,8.298290737762132,4.84736,3.8784,1634.4570613323235,0.026434152949875646,1.7531091768903688,624127.5149769966,31941.188724424155,36.39311592742661,5.2224,0.37504,0.43308520408787743,16,28.678591123184347,132.34311117622565,32136.24575143559,0.0033579153558852743,11.189759999999993,8816.161679259345,16.94624,55.568428,3.9091682,6346.2207,70.84319,0.9536766627763283,78.91729,8.34526252746582,3.90784,3.9206400000000006,1623.4197,0.024289744,1.7159585,4027.1128,31941.188724424155,36.92471,4.14592,0.23807999999999999,0.4610134507596407,1957,30.441803,132.34311117622565,58495.123977734715,0.19152743,11.24351999999995,8958.123,,,,,,,,,,,,,,,,,,,,,,,,,,,,,,,,,,,,,,,,,,,,,,,,,,,,,,,,,,,,,,,,,,,,,,,,,,,,,,,,,,,,,,,,,,,,,,,,,,,,,,,,,,,,,,,,,,,,,,,,,,,,,,,,,,,,,,,,,,,,,,,,,,,,,,,,,,,,
H0_5ft_32kHz_epoch_72,H0,5FT,False,0,False,0.07334744175,False,TOO_EARLY,False,,,,,,,,,,,,,,,,,17.063347177577636,3120.973610725277,4.755821781686312,7296.025857548887,75.31138326002595,0.9939954339826107,89.4732718800911,8.995087418472478,4.34944,3.88608,1534.1251612169112,0.06549578825129143,1.7968089193160783,7990254.391427539,32035.975006753077,28.72586115890732,4.73216,0.38272,0.5116659407490923,13,21.854016458508,150.22731538922744,31959.283359945857,0.00023787050972836487,10.301439999999996,9687.812840135979,16.530073,243.1831,5.0162263,7490.885,76.184296,0.9824911567436829,89.74929,9.03754997253418,3.8835200000000003,3.92704,1493.3307,0.056347407,1.7536123,3841.9646,32035.975006753077,29.767324,4.12928,0.24575999999999998,0.5424009844486534,1973,23.871698,150.22731538922744,58601.90205684244,0.18980335,10.3616,9832.584,,,,,,,,,,,,,,,,,,,,,,,,,,,,,,,,,,,,,,,,,,,,,,,,,,,,,,,,,,,,,,,,,,,,,,,,,,,,,,,,,,,,,,,,,,,,,,,,,,,,,,,,,,,,,,,,,,,,,,,,,,,,,,,,,,,,,,,,,,,,,,,,,,,,,,,,,,,,
H0_5ft_32kHz_epoch_73,H0,5FT,True,0,False,0.18906200174999999,True,VALID,False,,,,,,,,,,,,,,,,,16.850169767022564,3231.286755655463,2.9459405651104094,7294.359122167313,68.59759390235061,0.993305137691577,82.02839852434371,8.498793518503922,4.7552,3.9052800000000003,2476.071380582533,0.03875786705615571,1.7526168201757184,16600677.411416274,31968.27678684068,33.050329114032245,5.12896,0.37376,0.5362430138800304,13,26.063885923473556,92.2008977442456,31939.73866540721,0.0001496842136942459,10.33344,10633.549527335961,16.506138,270.49954,3.3914614,7421.133,68.8313,0.9854318860405139,82.42214,8.543495178222656,3.9052800000000003,3.9807999999999995,2188.1814,0.035263006,1.7287458,4259.6997,31968.27678684068,33.740395,4.15104,0.24575999999999998,0.5603310450840797,1949,27.87959,92.2008977442456,59002.60411543563,0.19407645,10.376960000000018,10781.625,,,,,,,,,,,,,,,,,,,,,,,,,,,,,,,,,,,,,,,,,,,,,,,,,,,,,,,,,,,,,,,,,,,,,,,,,,,,,,,,,,,,,,,,,,,,,,,,,,,,,,,,,,,,,,,,,,,,,,,,,,,,,,,,,,,,,,,,,,,,,,,,,,,,,,,,,,,,
H0_5ft_32kHz_epoch_74,H0,5FT,True,0,False,0.21202904175,True,VALID,False,,,,,,,,,,,,,,,,,16.301179552141075,3119.349907930031,1.8026899820697333,4725.664517592591,35.83787983618068,0.9942861912202401,87.57097939151164,8.85906371863372,2.54208,3.9296,2621.45158878994,0.1297281743085938,1.8880908413818498,27528161.9855636,31977.814810745258,23.254174704372012,5.006080000000001,2.464,0.580746053655955,14,13.796493384562147,44.51077822135994,31947.32607346843,0.00010398914763285505,7.939840000000004,13186.227921947793,16.364618,258.6399,1.6843883,4651.0166,34.880085,0.9858339996082125,88.13154,8.908219337463379,2.37696,3.94496,2761.2498,0.13018695,1.9060514,4922.3745,31977.814810745258,23.304974,4.77312,2.39616,0.606426570871514,2415,13.891373,44.51077822135994,59175.47400934193,0.19083363,8.079360000000008,13334.304,,,,,,,,,,,,,,,,,,,,,,,,,,,,,,,,,,,,,,,,,,,,,,,,,,,,,,,,,,,,,,,,,,,,,,,,,,,,,,,,,,,,,,,,,,,,,,,,,,,,,,,,,,,,,,,,,,,,,,,,,,,,,,,,,,,,,,,,,,,,,,,,,,,,,,,,,,,,
H0_5ft_32kHz_epoch_75,H0,5FT,True,0,False,0.13508952175,True,VALID,False,,,,,,,,,,,,,,,,,15.328155172333933,2899.2860690505167,1.6278828215154062,3160.5936029581353,20.857177094337203,0.9942256690399217,72.67480959998028,8.094599692429526,1.6691200000000002,3.93472,1941.536307887171,0.21397216981991818,2.0186975213436575,13033052.257531323,31993.052916641867,19.49260073989457,5.44384,3.77472,0.41708489106086843,14,7.339954474234952,46.49893095380685,31964.25827599319,0.00016619003750277178,9.908479999999997,15153.50609846539,14.907707,262.98233,1.7626092,3453.4648,22.564487,0.9870100470002022,73.25889,8.145082473754883,1.71648,3.9475200000000004,1959.2913,0.21145725,1.9731065,5379.1484,31993.052916641867,19.374298,5.337599999999999,3.62112,0.44936289306355987,2721,7.9142804,46.49893095380685,56497.00497279954,0.17356613,9.922559999999997,15304.867,,,,,,,,,,,,,,,,,,,,,,,,,,,,,,,,,,,,,,,,,,,,,,,,,,,,,,,,,,,,,,,,,,,,,,,,,,,,,,,,,,,,,,,,,,,,,,,,,,,,,,,,,,,,,,,,,,,,,,,,,,,,,,,,,,,,,,,,,,,,,,,,,,,,,,,,,,,,
H0_5ft_32kHz_epoch_76,H0,5FT,False,0,False,0.07974488175000001,False,TOO_EARLY,False,,,,,,,,,,,,,,,,,14.742936504293892,3136.2426824955787,5751912357675.646,575.1912357675646,3.007840497871914,0.81504408819743,62.828750372450415,7.664236081147227,0.34432,2.1209599999999997,0.0,0.08559665822571094,2.1160322954192217,13926496.864231784,31974.320358855693,27.823307311341203,2.39744,2.05312,0,0,19.903350229608424,119.50814621387326,31964.90706479475,0.00019261214173587439,0,19123.063080456457,15.354227,298.6732,51085960000.0,5.108596,0.025396576,0.8105405736929636,60.97748,7.591949939727783,,,0.0,0.094729446,2.2602203,3848.6445,31974.320358855693,26.220331,,2.51136,0,0,26.220331,119.50814621387326,61341.29036834387,0.2411644,0,20115.295,,,,,,,,,,,,,,,,,,,,,,,,,,,,,,,,,,,,,,,,,,,,,,,,,,,,,,,,,,,,,,,,,,,,,,,,,,,,,,,,,,,,,,,,,,,,,,,,,,,,,,,,,,,,,,,,,,,,,,,,,,,,,,,,,,,,,,,,,,,,,,,,,,,,,,,,,,,,
H0_5ft_32kHz_epoch_77,H0,5FT,False,0,False,0.09298776175000001,False,TOO_EARLY,False,,,,,,,,,,,,,,,,,15.849062945299906,3899.032407724871,1.8511139576821143,4389.344994961671,33.792304281142926,0.9943062360689132,83.77798516038962,8.680838562441606,2.33088,3.9321599999999997,2371.1911288582337,0.20039897949501112,1.932499288294259,16850185.793783877,31973.38029200756,19.669538648131358,4.88704,2.55616,0.5164971229589437,16,9.800960764951125,126.97784991232402,31961.2171792659,0.0001467419104957834,8.072960000000004,12989.185225261532,16.301094,312.97736,1.7665845,4243.7217,32.331436,0.9865746148972961,84.14908,8.719030380249023,2.1849600000000002,3.9436799999999996,2402.2183,0.20396627,1.9980326,4962.0234,31973.38029200756,19.793139,4.736,2.55104,0.5185087602483713,2413,9.625414,126.97784991232402,56319.87258109323,0.17649394,7.973119999999986,13125.683,,,,,,,,,,,,,,,,,,,,,,,,,,,,,,,,,,,,,,,,,,,,,,,,,,,,,,,,,,,,,,,,,,,,,,,,,,,,,,,,,,,,,,,,,,,,,,,,,,,,,,,,,,,,,,,,,,,,,,,,,,,,,,,,,,,,,,,,,,,,,,,,,,,,,,,,,,,,
H0_5ft_32kHz_epoch_78,H0,5FT,True,0,False,0.23033816175,True,VALID,False,,,,,,,,,,,,,,,,,15.677302243190315,3213.940059303493,1.5510088534456068,4709.426633252585,35.69697395196963,0.9942300532090598,75.6272867998313,8.218181850777531,2.61504,3.9321599999999997,3036.3634758049993,0.12054734173139502,1.868956596374379,7197956.9083311,31970.95393220178,23.80407946025629,5.06368,2.44864,0.5349031793978749,14,14.369220593507801,38.713906519988086,31967.2824288373,0.0004000917062756716,8.227839999999986,13192.7895053208,15.656737,265.03214,1.6056715,5066.287,37.983006,0.9879067193039386,76.08173,8.261463165283203,2.54464,3.9577600000000004,3155.245,0.11569082,1.8767699,5341.284,31970.95393220178,24.16977,4.7552,2.21056,0.5444218298017459,2434,15.306516,38.713906519988086,58561.58971984195,0.18781428,8.28799999999999,13338.3,,,,,,,,,,,,,,,,,,,,,,,,,,,,,,,,,,,,,,,,,,,,,,,,,,,,,,,,,,,,,,,,,,,,,,,,,,,,,,,,,,,,,,,,,,,,,,,,,,,,,,,,,,,,,,,,,,,,,,,,,,,,,,,,,,,,,,,,,,,,,,,,,,,,,,,,,,,,
H0_5ft_32kHz_epoch_79,H0,5FT,True,0,False,0.33279448175000004,True,VALID,False,,,,,,,,,,,,,,,,,16.24428261775401,3647.0650825322605,1.626964689710198,4296.301055998442,34.573092852236655,0.9937096625615237,81.52156783341206,8.480192908600884,2.3155200000000002,3.9103999999999997,2640.6848797459493,0.09894915364002126,1.8265111975062172,7517748.876460489,31969.866457491444,25.32090795782848,4.7641599999999995,2.44864,0.5843985391193588,12,15.945144854628442,123.9943107595027,31965.853182364794,0.00031290003017950973,8.191999999999977,12426.718877482392,16.249586,268.41702,1.462664,4112.3667,32.705643,0.9874972197057891,81.988335,8.526394844055176,1.728,3.9398400000000002,2811.5593,0.09957674,1.8378942,4310.2407,31969.866457491444,25.320728,4.11904,2.3910400000000003,0.6043946264778943,2075,16.335459,123.9943107595027,58678.94464225776,0.18909062,8.195839999999954,12573.876,,,,,,,,,,,,,,,,,,,,,,,,,,,,,,,,,,,,,,,,,,,,,,,,,,,,,,,,,,,,,,,,,,,,,,,,,,,,,,,,,,,,,,,,,,,,,,,,,,,,,,,,,,,,,,,,,,,,,,,,,,,,,,,,,,,,,,,,,,,,,,,,,,,,,,,,,,,,
H0_5ft_32kHz_epoch_8,H0,5FT,True,0,False,0.34445656175,True,VALID,False,,,,,,,,,,,,,,,,,17.42176305172584,2318.2540161909897,4.648800377921325,5601.218834173374,72.8302193588042,0.9931612115381369,82.44060131612639,8.51526589121934,4.34816,3.87456,1204.87402745339,0.028063004147397083,1.634565625383126,4830170.501301272,31942.977144845456,35.28977329361982,4.736,0.38783999999999996,0.4245487213354996,16,28.062948504262337,225.34097308384298,31944.20930245597,0.0004161095088954031,7.650559999999973,7690.789460043263,17.119793,212.11551,4.1202497,5215.8047,66.53539,0.9844665255710973,83.061745,8.58067512512207,3.61472,3.9155199999999994,1265.8953,0.039628156,1.6216522,3156.0828,31942.977144845456,32.218372,4.13312,0.5184,0.44955560758501273,1972,25.354069,225.34097308384298,60653.37207378594,0.20118758,7.421440000000001,7839.143,,,,,,,,,,,,,,,,,,,,,,,,,,,,,,,,,,,,,,,,,,,,,,,,,,,,,,,,,,,,,,,,,,,,,,,,,,,,,,,,,,,,,,,,,,,,,,,,,,,,,,,,,,,,,,,,,,,,,,,,,,,,,,,,,,,,,,,,,,,,,,,,,,,,,,,,,,,,
H0_5ft_32kHz_epoch_80,H0,5FT,True,0,False,0.32173656175000004,True,VALID,False,,,,,,,,,,,,,,,,,16.896576846795256,2757.6545437624777,4.068542711035338,7817.256564713605,72.44070201843054,0.9937387211883096,87.49130875468414,8.803985955788935,4.332800000000001,3.89376,1921.3898242999912,0.03166170649460496,1.8217725481848737,8192716.835305712,32036.599251953063,35.17020116105226,4.71936,0.38655999999999996,0.4456254670623893,13,28.48404566093461,168.32133269559927,31966.989539398728,0.0002115362851162955,10.295040000000032,10791.249044942506,16.248142,247.06259,4.352547,8007.7095,73.21449,0.9872606416963392,87.957565,8.854796409606934,3.86816,3.93344,1839.7754,0.02845043,1.7636762,3807.8286,32036.599251953063,35.805183,4.1216,0.25344,0.4861641478066465,1992,30.103725,168.32133269559927,58838.845893388985,0.19066547,10.337279999999948,10937.328,,,,,,,,,,,,,,,,,,,,,,,,,,,,,,,,,,,,,,,,,,,,,,,,,,,,,,,,,,,,,,,,,,,,,,,,,,,,,,,,,,,,,,,,,,,,,,,,,,,,,,,,,,,,,,,,,,,,,,,,,,,,,,,,,,,,,,,,,,,,,,,,,,,,,,,,,,,,
H0_5ft_32kHz_epoch_81,H0,5FT,True,0,False,0.20123864175,True,VALID,False,,,,,,,,,,,,,,,,,16.416059524614365,530.0625427017064,1.9532787359090014,5812.768666992446,59.121019088894144,0.992750737869994,57.7215686877114,7.148982260012588,4.34688,3.8400000000000003,2975.903315860934,0.039798114922407826,1.7985789370010143,13384598.199026383,31970.40721893664,33.09545122530275,4.73216,0.38528,0.5470476362024176,12,25.192656412800275,129.7206092778615,31945.748452360713,0.00017993390508605362,12.011519999999997,9831.983204234572,15.846201,217.02696,1.9992646,6039.8076,60.49752,0.9871456414847599,58.12418,7.195158958435059,4.77568,3.89888,3021.0146,0.035340354,1.749476,4152.3843,31970.40721893664,33.888786,5.027839999999999,0.25216000000000005,0.567484764577667,2528,26.134487,129.7206092778615,58198.231647841974,0.18696798,12.153599999999987,9983.562,,,,,,,,,,,,,,,,,,,,,,,,,,,,,,,,,,,,,,,,,,,,,,,,,,,,,,,,,,,,,,,,,,,,,,,,,,,,,,,,,,,,,,,,,,,,,,,,,,,,,,,,,,,,,,,,,,,,,,,,,,,,,,,,,,,,,,,,,,,,,,,,,,,,,,,,,,,,
H0_5ft_32kHz_epoch_82,H0,5FT,True,0,False,0.22258392175,True,VALID,False,,,,,,,,,,,,,,,,,15.098837664140845,3187.94460387281,1.7882931039757894,4536.051651677889,35.75007957907696,0.9940369122679641,71.581268371313,7.9993083113690675,2.44992,3.92448,2536.525831024577,0.12356710203830397,1.87924769340107,8244091.377761117,31972.314874955435,23.640078246235788,4.90368,2.45376,0.5345994597768314,14,14.126543721785065,45.783744451011444,31963.82277839063,0.0003225517627988837,8.19584000000001,12688.228124483998,15.088475,254.03484,1.7373505,4503.6846,35.099472,0.9892024333821483,72.01096,8.044227600097656,2.3424,3.95136,2592.2717,0.124551244,1.888509,5207.624,31972.314874955435,23.59441,4.7488,2.4064,0.5562643061509679,2399,14.168669,45.783744451011444,57305.68173723836,0.1792528,8.06784000000002,12831.202,,,,,,,,,,,,,,,,,,,,,,,,,,,,,,,,,,,,,,,,,,,,,,,,,,,,,,,,,,,,,,,,,,,,,,,,,,,,,,,,,,,,,,,,,,,,,,,,,,,,,,,,,,,,,,,,,,,,,,,,,,,,,,,,,,,,,,,,,,,,,,,,,,,,,,,,,,,,
H0_5ft_32kHz_epoch_83,H0,5FT,False,0,False,0.02647256175,False,TOO_EARLY,False,,,,,,,,,,,,,,,,,15.001048526435504,4.759149394619625,3.005163595516367,6560.482816711541,51.46734200774456,0.9943019891346773,73.98218426907019,8.158586538422673,3.95264,3.92704,2183.0701085622513,0.2970650624276385,1.8713872575246342,15146237.935848882,31970.40721893664,15.974110708407105,5.74336,1.79072,0.5654669604735464,18,7.423637984927067,38.153120375838625,31951.22305991992,0.0001957193900687755,9.006079999999999,12746.88484150648,15.071301,4.787393,2.9267333,6406.5986,49.73382,0.9846662485879103,74.3009,8.19543170928955,3.88608,3.94496,2188.993,0.3057873,1.8900733,5577.8184,31970.40721893664,15.779786,5.69728,1.8112,0.56701818798311,2577,7.1075573,38.153120375838625,56669.1323851048,0.17724286,9.000960000000003,12881.773,,,,,,,,,,,,,,,,,,,,,,,,,,,,,,,,,,,,,,,,,,,,,,,,,,,,,,,,,,,,,,,,,,,,,,,,,,,,,,,,,,,,,,,,,,,,,,,,,,,,,,,,,,,,,,,,,,,,,,,,,,,,,,,,,,,,,,,,,,,,,,,,,,,,,,,,,,,,
H0_5ft_32kHz_epoch_84,H0,5FT,True,0,False,0.35063512175,True,VALID,False,,,,,,,,,,,,,,,,,16.315611039425026,1561.5219953108538,1.5861317058232849,2170.171684203454,15.923392665497174,0.9945784226482757,86.75531538690184,8.886764239165949,1.4143999999999999,3.9142400000000004,1368.216571319885,0.13404533300190216,2.037780418440636,11936817.966106782,31971.591871586264,23.634402720887564,5.18656,3.77216,0.4559698796063865,15,9.982618512159469,44.71051053250994,31992.024599919085,0.00020154198464796734,7.818239999999976,13628.827284437748,16.181643,271.98593,1.8585,3615.2932,26.170576,0.9883034367930152,87.5336,8.947792053222656,2.04416,3.9257600000000004,1945.2748,0.12104392,2.0347574,4916.046,31971.591871586264,24.43309,5.082879999999999,3.03872,0.5134564961928743,2397,13.151756,44.71051053250994,55349.24968302299,0.1669375,7.784959999999952,13814.344,,,,,,,,,,,,,,,,,,,,,,,,,,,,,,,,,,,,,,,,,,,,,,,,,,,,,,,,,,,,,,,,,,,,,,,,,,,,,,,,,,,,,,,,,,,,,,,,,,,,,,,,,,,,,,,,,,,,,,,,,,,,,,,,,,,,,,,,,,,,,,,,,,,,,,,,,,,,
H0_5ft_32kHz_epoch_85,H0,5FT,True,0,False,0.37740120175,True,VALID,False,,,,,,,,,,,,,,,,,16.208189637363077,3186.3904043293624,5.890155283255141,6420.294877997294,54.075735654701184,0.9945851212003141,94.48927691457159,9.25540550673884,4.583679999999999,3.90912,1090.0043495030893,0.08505460933613955,1.8894507504443563,23840866.41354403,31964.438189901062,26.93061943027931,6.4448,1.8611199999999999,0.42359308582459637,21,17.688253333126347,187.7841442365352,31968.418222037497,8.884664802834284e-05,9.689599999999965,11872.783236817746,16.320168,267.23984,3.5765731,5326.5264,44.339603,0.9873477431003402,94.9366,9.303412437438965,2.14784,3.92832,1489.2821,0.08991458,1.9137081,3993.192,31964.438189901062,26.526112,4.1088000000000005,1.9609599999999998,0.435003242625977,2053,18.346209,187.7841442365352,57396.79846762196,0.18048975,9.521919999999962,12013.022,,,,,,,,,,,,,,,,,,,,,,,,,,,,,,,,,,,,,,,,,,,,,,,,,,,,,,,,,,,,,,,,,,,,,,,,,,,,,,,,,,,,,,,,,,,,,,,,,,,,,,,,,,,,,,,,,,,,,,,,,,,,,,,,,,,,,,,,,,,,,,,,,,,,,,,,,,,,
H0_5ft_32kHz_epoch_86,H0,5FT,True,0,False,0.28933592175,True,VALID,False,,,,,,,,,,,,,,,,,17.516546780088973,3797.7201479400946,1.5163578651753762,2225.307799194633,16.321854128696167,0.9947755142427731,100.50110689603824,9.54367071744703,1.0048,3.9142400000000004,1467.534709517341,0.14605857040507766,2.007989285576342,12529995.623475347,31967.880495336944,22.75444921059902,4.77568,3.77088,0.4707707186529063,13,9.701146986510254,137.04607928937912,31977.567130680865,0.00014909190209255412,7.768319999999996,13633.915495435078,17.301912,292.42227,2.029829,4479.4478,32.43078,0.9874255348552811,101.17322,9.593295097351074,2.02624,3.92704,2206.8103,0.12310778,1.9963208,3856.8804,31967.880495336944,24.17225,4.7104,2.6841600000000003,0.5335445275756459,2296,14.279215,137.04607928937912,56575.71104587883,0.1761925,8.117759999999974,13812.334,,,,,,,,,,,,,,,,,,,,,,,,,,,,,,,,,,,,,,,,,,,,,,,,,,,,,,,,,,,,,,,,,,,,,,,,,,,,,,,,,,,,,,,,,,,,,,,,,,,,,,,,,,,,,,,,,,,,,,,,,,,,,,,,,,,,,,,,,,,,,,,,,,,,,,,,,,,,
H0_5ft_32kHz_epoch_87,H0,5FT,True,0,False,0.29189336175,True,VALID,False,,,,,,,,,,,,,,,,,15.578931200534818,215.1979095824627,3.356841670568239,7317.127365558004,53.774445517991474,0.9913510979564206,78.94056430602427,8.394693457654254,3.95648,3.9360000000000004,2179.7654115509836,0.09243668429558097,1.886164489073646,1842440852.0909674,31965.904292220912,26.187835896192407,5.75872,1.80224,0.5083284976955174,18,18.02110832302805,58.91246644345665,31944.162051681793,1.482714707932335e-06,8.980480000000012,13607.071714221278,41.452675,14.274353,556.4841,84227.38,73.16686,0.8226799892104567,115.73089,9.599266052246094,4.538880000000001,,151.35632,1e-10,14.597604,2990.4949,1.6832133269559746,207.62819,,,0.0051927944513437485,18921,96.342384,154.85562607994964,38051.40399161311,0.21630536,75.13216,115116.84,,,,,,,,,,,,,,,,,,,,,,,,,,,,,,,,,,,,,,,,,,,,,,,,,,,,,,,,,,,,,,,,,,,,,,,,,,,,,,,,,,,,,,,,,,,,,,,,,,,,,,,,,,,,,,,,,,,,,,,,,,,,,,,,,,,,,,,,,,,,,,,,,,,,,,,,,,,,
H0_5ft_32kHz_epoch_88,H0,5FT,True,0,False,0.34165720175000003,True,VALID,False,,,,,,,,,,,,,,,,,15.198430418469865,3380.340471525944,2.159869902120205,3748.7652448040953,25.366269117702174,0.9942780195035367,67.24940918338224,7.805948642198635,1.8278400000000001,3.904,1735.6440038929932,0.1305855493536899,1.9766936248164144,17099029.561421815,31971.591871586264,23.56792381200982,5.58976,3.7619200000000004,0.4503559941409304,14,12.25076614166413,41.13366968990886,31977.56495257313,0.0001761933836650653,8.634880000000011,14778.544008223686,14.999259,286.6993,1.6574764,5712.946,38.26116,0.9894088952847214,67.63553,7.843538761138916,2.90688,3.9168,3446.7734,0.1024082,1.9608561,5873.1006,31971.591871586264,25.589487,5.27232,2.36544,0.65943424748218,2459,16.437696,41.13366968990886,56307.75354605289,0.17478243,8.437760000000017,14931.449,,,,,,,,,,,,,,,,,,,,,,,,,,,,,,,,,,,,,,,,,,,,,,,,,,,,,,,,,,,,,,,,,,,,,,,,,,,,,,,,,,,,,,,,,,,,,,,,,,,,,,,,,,,,,,,,,,,,,,,,,,,,,,,,,,,,,,,,,,,,,,,,,,,,,,,,,,,,
H0_5ft_32kHz_epoch_89,H0,5FT,True,0,False,0.39828440175,True,VALID,False,,,,,,,,,,,,,,,,,14.868043747566798,3076.633251020809,1.899369821885446,6643.147121402686,46.56411242652438,0.9938970992906794,65.37785193210911,7.63318260904514,3.8400000000000003,3.92832,3497.55326469705,0.07893231705722838,1.8999400538139142,15108563.239787914,31971.591871586264,27.625904505909954,5.66144,1.82144,0.5835804162352605,19,19.0470599268629,51.86419221770848,31950.39949484386,0.00014658160256145422,9.872639999999988,14266.667558380206,14.988272,325.589,1.8477774,6813.252,47.299133,0.9890179716556967,65.59893,7.660273551940918,3.8016,3.9488,3687.2688,0.076330416,1.9245405,5693.7905,31971.591871586264,27.986862,5.45408,1.65248,0.6130406704171946,2712,19.614046,51.86419221770848,55902.71344874394,0.17477797,10.030079999999996,14404.602,,,,,,,,,,,,,,,,,,,,,,,,,,,,,,,,,,,,,,,,,,,,,,,,,,,,,,,,,,,,,,,,,,,,,,,,,,,,,,,,,,,,,,,,,,,,,,,,,,,,,,,,,,,,,,,,,,,,,,,,,,,,,,,,,,,,,,,,,,,,,,,,,,,,,,,,,,,,
H0_5ft_32kHz_epoch_9,H0,5FT,True,0,False,0.36612568175000004,True,VALID,False,,,,,,,,,,,,,,,,,17.32764083087805,2302.839062062954,2.624704500517764,4378.196404823319,66.00518370852609,0.9931487009021288,69.52887339880259,7.793699638039072,4.31232,3.86304,1668.0721216271734,0.02345633931459786,1.5098118609725433,9531219.935901912,31942.977144845456,36.15363624874131,4.66048,0.34815999999999997,0.45687208396691303,16,28.62348025370357,200.30308718563901,31922.810502086293,0.00019496771895766518,13.519359999999981,6633.109945056799,17.604649,206.26108,2.7188342,4443.0073,65.461624,0.9830683835263571,70.31616,7.8573384284973145,3.95648,3.8976,1634.1589,0.021406636,1.551663,3026.4636,31942.977144845456,37.155807,4.159999999999999,0.20352,0.47728600608483535,2074,29.980145,200.30308718563901,61634.03642006643,0.2104624,13.537279999999985,6787.194,,,,,,,,,,,,,,,,,,,,,,,,,,,,,,,,,,,,,,,,,,,,,,,,,,,,,,,,,,,,,,,,,,,,,,,,,,,,,,,,,,,,,,,,,,,,,,,,,,,,,,,,,,,,,,,,,,,,,,,,,,,,,,,,,,,,,,,,,,,,,,,,,,,,,,,,,,,,
H0_5ft_32kHz_epoch_90,H0,5FT,False,0,False,0.48805976175000004,False,TOO_LATE,False,,,,,,,,,,,,,,,,,15.39610056063092,29.583884174418408,2.1698389848333024,3278.9392875132453,21.52894382270751,0.9260357700706208,71.1493721083115,7.947981833156107,1.81632,3.9321599999999997,1511.144057431032,0.1161733223222328,2.03278225980261,61535.59771009562,31991.264496220567,24.84293436582262,5.60128,3.78496,0.40405561815765445,19,12.666068931402998,146.65047454662636,35116.540734705566,0.029516758967568724,8.616960000000006,15230.376903370356,15.153086,28.85872,2.278752,4747.57,30.815119,0.9248102345672083,71.78604,8.00161075592041,2.36416,3.9398400000000002,2083.4077,0.104784496,2.0122397,5398.1333,31991.264496220567,25.569448,5.38368,3.01952,0.5420838050484926,2630,15.344005,146.65047454662636,55490.59490627641,0.17171301,8.364800000000006,15406.625,,,,,,,,,,,,,,,,,,,,,,,,,,,,,,,,,,,,,,,,,,,,,,,,,,,,,,,,,,,,,,,,,,,,,,,,,,,,,,,,,,,,,,,,,,,,,,,,,,,,,,,,,,,,,,,,,,,,,,,,,,,,,,,,,,,,,,,,,,,,,,,,,,,,,,,,,,,,
H0_5ft_32kHz_epoch_91,H0,5FT,True,0,False,0.39198552175,True,VALID,False,,,,,,,,,,,,,,,,,16.857333554828184,2995.7616668773317,2.2278912454535402,2865.6431237475963,20.87322785382482,0.9938989923376824,93.93835178153613,9.12813090296541,2.8070399999999998,3.9398400000000002,1286.2580835556018,0.12426166180351947,1.9391335672343295,8153464.267861832,31969.386496208255,23.820069184641195,6.58816,3.7811199999999996,0.3224669922963774,16,10.798601483285811,54.216031367228425,31966.667643161163,0.00022835655131870882,15.626240000000013,13728.797212465986,17.053377,260.67227,4.297969,5744.9043,41.315914,0.9857383137418492,94.798904,9.189852714538574,3.84128,3.94496,1336.6556,0.104770325,1.9742208,4323.769,31969.386496208255,25.471947,6.521599999999999,2.68032,0.33257460133359384,3017,15.339867,54.216031367228425,58009.32034543931,0.18448472,13.32736000000001,13904.822,,,,,,,,,,,,,,,,,,,,,,,,,,,,,,,,,,,,,,,,,,,,,,,,,,,,,,,,,,,,,,,,,,,,,,,,,,,,,,,,,,,,,,,,,,,,,,,,,,,,,,,,,,,,,,,,,,,,,,,,,,,,,,,,,,,,,,,,,,,,,,,,,,,,,,,,,,,,
H0_5ft_32kHz_epoch_92,H0,5FT,True,0,False,0.35365080175,True,VALID,False,,,,,,,,,,,,,,,,,15.93935009478692,2412.979779184526,3.358134148613116,5550.173875978196,40.58973463657499,0.9940270793062621,85.43149541089548,8.771153690703734,3.11296,3.92448,1652.755259425845,0.10553468940938347,1.9345295410928556,7760986.121329999,31965.904292220912,25.263592761596996,5.65888,2.54592,0.4873577488948976,16,15.7532891923615,143.0731327912581,31985.26560121028,0.00027399715941339253,9.022720000000039,13673.836317660847,16.466743,264.3101,2.5839946,6210.4033,44.836277,0.9872952242844842,86.24241,8.834619522094727,3.3728,3.9296,2403.4119,0.09350461,2.0114644,4478.1167,31965.904292220912,26.572708,5.35168,1.9788800000000002,0.5702112190167403,2552,17.530117,143.0731327912581,56812.379836545195,0.17461464,8.864000000000038,13851.291,,,,,,,,,,,,,,,,,,,,,,,,,,,,,,,,,,,,,,,,,,,,,,,,,,,,,,,,,,,,,,,,,,,,,,,,,,,,,,,,,,,,,,,,,,,,,,,,,,,,,,,,,,,,,,,,,,,,,,,,,,,,,,,,,,,,,,,,,,,,,,,,,,,,,,,,,,,,
H0_5ft_32kHz_epoch_93,H0,5FT,True,0,False,0.35455576175000003,True,VALID,False,,,,,,,,,,,,,,,,,16.488273780552436,3015.3785247408523,3.03384043036126,6255.171424170055,50.16180729471837,0.9938250604529976,89.50041637075958,8.894572197918114,3.89632,3.93472,2061.7997444990556,0.08301806285589917,1.8571704972244538,11564268.254103074,31965.097445539155,26.984983077766817,5.73568,1.8393599999999999,0.4953043997440506,16,18.293195748073416,55.63847277669993,31949.913495688896,0.0002139531100960838,9.013760000000037,12469.98814739401,16.502651,257.03455,2.931548,6061.942,47.994484,0.9867443934418617,90.113945,8.949461936950684,3.79008,3.9577600000000004,2067.8296,0.086314,1.8707144,4409.6016,31965.097445539155,26.687965,5.66016,1.8700800000000002,0.5122532210857412,2722,17.875275,55.63847277669993,58679.396886490205,0.1878328,8.956160000000047,12630.497,,,,,,,,,,,,,,,,,,,,,,,,,,,,,,,,,,,,,,,,,,,,,,,,,,,,,,,,,,,,,,,,,,,,,,,,,,,,,,,,,,,,,,,,,,,,,,,,,,,,,,,,,,,,,,,,,,,,,,,,,,,,,,,,,,,,,,,,,,,,,,,,,,,,,,,,,,,,
H0_5ft_32kHz_epoch_94,H0,5FT,True,0,False,0.40150360175000005,True,VALID,False,,,,,,,,,,,,,,,,,16.435807539986662,3861.6888557394145,1.6183502918632675,2618.221865050673,18.429450170312784,0.9944706197218139,83.92171464833423,8.679350431024533,1.47584,3.92832,1617.8338387025308,0.12485154851564169,2.0332821517123323,26218148.679251067,31989.469278798297,24.224716886712198,5.260800000000001,3.78496,0.3729105339800468,13,11.332761172407903,138.02349281038914,31967.18502068271,0.0001007552739630757,8.61951999999999,14206.728040472073,16.354874,299.01334,2.0450027,4196.299,29.191187,0.9877918183275946,84.5423,8.729106903076172,2.1952,3.9372799999999994,2051.977,0.112273544,2.0352325,5115.1655,31989.469278798297,25.143488,5.23264,3.03744,0.503504586953914,2552,14.330912,138.02349281038914,55640.60123853428,0.169476,7.8604799999999475,14375.226,,,,,,,,,,,,,,,,,,,,,,,,,,,,,,,,,,,,,,,,,,,,,,,,,,,,,,,,,,,,,,,,,,,,,,,,,,,,,,,,,,,,,,,,,,,,,,,,,,,,,,,,,,,,,,,,,,,,,,,,,,,,,,,,,,,,,,,,,,,,,,,,,,,,,,,,,,,,
H0_5ft_32kHz_epoch_95,H0,5FT,True,0,False,0.43822424175,True,VALID,False,,,,,,,,,,,,,,,,,15.901186625002403,2586.06409837077,1.4766845911951316,3206.4052088761514,20.949394784622292,0.9940859820750865,73.11936427360357,8.085993879960297,1.47712,3.91808,2171.3541456276384,0.11906189139064223,2.041797015995986,9560592.965018876,31970.95393220178,24.674657963331047,5.25952,3.7824,0.46244787039014024,12,12.623364164139536,136.34027948343282,31983.978519961278,0.0002737558405325018,8.59776000000001,15305.478949825138,15.457677,273.70392,1.6973978,4637.6514,29.942305,0.9861713180973177,73.903755,8.145689964294434,2.2067200000000002,3.9321599999999997,2732.2124,0.107180804,1.9966881,5571.7954,31970.95393220178,25.28215,5.245439999999999,3.03872,0.5733147161868276,2586,15.156881,136.34027948343282,55819.6380655624,0.16974227,8.337919999999999,15488.625,,,,,,,,,,,,,,,,,,,,,,,,,,,,,,,,,,,,,,,,,,,,,,,,,,,,,,,,,,,,,,,,,,,,,,,,,,,,,,,,,,,,,,,,,,,,,,,,,,,,,,,,,,,,,,,,,,,,,,,,,,,,,,,,,,,,,,,,,,,,,,,,,,,,,,,,,,,,
H0_5ft_32kHz_epoch_96,H0,5FT,True,0,False,0.36751832175000004,True,VALID,False,,,,,,,,,,,,,,,,,15.464099224324038,3161.440349951561,1.8909143842828566,3894.694476667618,24.537484849425393,0.9942169876690262,70.61987334947275,7.996795312096871,1.95328,3.9398400000000002,2059.6884285401006,0.13039619055227641,2.022115092275787,9879999.626392337,31989.469278798297,23.776757147563714,5.73312,3.77984,0.5483461484155576,17,12.316092310660379,48.81318648172237,31976.877845837564,0.00024837252267696693,8.61824,15872.427433241177,15.460092,271.39304,1.9555966,5250.5654,32.709732,0.9880097646906474,71.39806,8.054692268371582,2.64832,3.9424000000000006,2684.8918,0.117543004,2.032994,5483.974,31989.469278798297,24.733112,5.69216,3.04384,0.6270702046852379,2693,14.548317,48.81318648172237,55912.33053703879,0.16994265,8.65279999999996,16051.997,,,,,,,,,,,,,,,,,,,,,,,,,,,,,,,,,,,,,,,,,,,,,,,,,,,,,,,,,,,,,,,,,,,,,,,,,,,,,,,,,,,,,,,,,,,,,,,,,,,,,,,,,,,,,,,,,,,,,,,,,,,,,,,,,,,,,,,,,,,,,,,,,,,,,,,,,,,,
H0_5ft_32kHz_epoch_97,H0,5FT,True,0,False,0.39277656175000003,True,VALID,False,,,,,,,,,,,,,,,,,16.21647345514777,3655.0506007026374,1.8415110142932707,2478.7869365076763,17.7994569260939,0.9941388299887994,82.68475146969105,8.583753467756404,1.8944,3.9321599999999997,1346.0614230747858,0.126932893071809,2.0473751907712248,30364635.045142878,31969.803451164964,24.13898003251414,5.6806399999999995,3.7862400000000003,0.3300486012462269,16,10.627520941492536,150.22731538922744,31975.20295916841,5.956887646732006e-05,8.62592000000001,13926.19419120463,16.071737,286.65253,2.5256019,4175.745,29.641203,0.9876210331143117,83.377495,8.641544342041016,2.3347200000000004,3.94112,1653.3663,0.113858916,2.04083,4783.761,31969.803451164964,25.029335,5.35808,3.0233600000000003,0.4015030442667235,2641,14.08401,150.22731538922744,55233.96553456323,0.16644019,8.317440000000008,14087.638,,,,,,,,,,,,,,,,,,,,,,,,,,,,,,,,,,,,,,,,,,,,,,,,,,,,,,,,,,,,,,,,,,,,,,,,,,,,,,,,,,,,,,,,,,,,,,,,,,,,,,,,,,,,,,,,,,,,,,,,,,,,,,,,,,,,,,,,,,,,,,,,,,,,,,,,,,,,
H0_5ft_32kHz_epoch_98,H0,5FT,True,0,False,0.41794776175000004,True,VALID,False,,,,,,,,,,,,,,,,,14.70806168212121,2775.290301763545,1.4843989925288588,4016.3928387040764,24.107244885165947,0.9942824398419144,62.48984663476142,7.579288150179391,1.4848000000000001,3.9296,2705.7367048339893,0.12209608218180334,2.031068366807566,17555202.578345723,31989.476075799266,24.351137519724027,5.26592,3.7811199999999996,0.5970330036362445,15,13.388048932321304,44.710510532506305,31971.413882710287,0.00016830060459805283,8.595200000000025,16660.522004219085,14.794778,264.8546,1.3785218,5053.21,29.98465,0.9867989819484893,63.17054,7.632984638214111,2.1952,3.93856,3665.6729,0.10999291,2.0547903,6117.4097,31989.476075799266,25.4014,5.2288,3.0336,0.6856841426178711,2409,15.318287,44.710510532506305,54761.54214541153,0.16153501,8.652800000000017,16852.656,,,,,,,,,,,,,,,,,,,,,,,,,,,,,,,,,,,,,,,,,,,,,,,,,,,,,,,,,,,,,,,,,,,,,,,,,,,,,,,,,,,,,,,,,,,,,,,,,,,,,,,,,,,,,,,,,,,,,,,,,,,,,,,,,,,,,,,,,,,,,,,,,,,,,,,,,,,,
H0_5ft_32kHz_epoch_99,H0,5FT,True,0,False,0.45081816175,True,VALID,False,,,,,,,,,,,,,,,,,16.062098304916955,881.627840496751,2.042109281721845,3411.235018786561,22.653971649736132,0.99370457138988,76.58887426882309,8.268039660100515,1.9392,3.9296,1670.4468508708342,0.11826897557177225,2.045716706125672,21336536.16739447,31991.152492125253,24.735376982457357,5.72928,3.79008,0.3880232280583221,16,12.601703697452189,146.43955944517074,31967.83089512355,0.00010496730745202079,8.604160000000027,15057.999857725925,15.758384,276.89435,2.58035,5172.3496,33.957554,0.9858927396502124,77.18686,8.318124771118164,2.66496,3.9424000000000006,2004.5149,0.10609669,2.0185847,5220.5835,31991.152492125253,25.553091,5.69216,3.0271999999999997,0.5108890177094398,2783,15.370699,146.43955944517074,55567.76725609678,0.16983669,8.652800000000017,15231.81,,,,,,,,,,,,,,,,,,,,,,,,,,,,,,,,,,,,,,,,,,,,,,,,,,,,,,,,,,,,,,,,,,,,,,,,,,,,,,,,,,,,,,,,,,,,,,,,,,,,,,,,,,,,,,,,,,,,,,,,,,,,,,,,,,,,,,,,,,,,,,,,,,,,,,,,,,,,
H0_10ft_32kHz_epoch_0,H0,10FT,True,0,False,0.18282200175,True,VALID,False,,,,,,,,,,,,,,,,,13.908665779812159,1309.7485458801655,0.8157992890449598,1463.371641781401,37.31738707516586,0.990908135159383,33.56684139774607,5.507107796811708,4.26752,1.3222399999999999,1793.788817215641,0.02915421731063934,0.9318198823490313,5320123.993987364,31891.112952627747,30.066090314524295,4.93312,0.6656,0.9300786872572385,17,21.732731271343994,155.5925766531327,31940.59778767412,0.00041352948708292243,8.459519999999998,3921.420432877024,14.602468,129.89023,1.3067565,1504.5885,37.327866,0.9781490262916902,35.418575,5.630836009979248,1.1673600000000002,1.0534400000000002,1151.3916,0.063125454,0.9918443,2637.1484,31891.112952627747,23.832472,5.168640000000001,4.00128,0.6498924363893963,2660,14.94195,155.5925766531327,67543.74750326743,0.248329,8.784639999999982,4030.738,,,,,,,,,,,,,,,,,,,,,,,,,,,,,,,,,,,,,,,,,,,,,,,,,,,,,,,,,,,,,,,,,,,,,,,,,,,,,,,,,,,,,,,,,,,,,,,,,,,,,,,,,,,,,,,,,,,,,,,,,,,,,,,,,,,,,,,,,,,,,,,,,,,,,,,,,,,,
H0_10ft_32kHz_epoch_1,H0,10FT,True,0,False,0.12512088175,True,VALID,False,,,,,,,,,,,,,,,,,14.582184188870277,1593.5387211539798,2.387599220426039,2600.1046319032075,43.98123685848665,0.9923594716907734,42.383696095622206,6.235022583632131,1.216,4.5312,1089.0038033430965,0.09796644785213271,1.1637075199758093,14103055.022539735,32034.91603862611,21.4938052479112,5.10464,3.88864,0.5913577123682586,14,13.54853041658896,159.90526606081767,31943.80292074598,0.00018584874293001478,14.513919999999986,5911.849728713224,16.576687,172.04613,2.2368298,2432.9788,40.39186,0.9766160504535244,43.899292,6.326925277709961,0.9792,1.888,1087.6907,0.10315418,1.3353022,3610.578,32034.91603862611,22.181583,4.97152,3.99232,0.626717173777714,2262,12.923366,159.90526606081767,66710.416929126,0.23955363,7.4700799999999905,6023.4385,,,,,,,,,,,,,,,,,,,,,,,,,,,,,,,,,,,,,,,,,,,,,,,,,,,,,,,,,,,,,,,,,,,,,,,,,,,,,,,,,,,,,,,,,,,,,,,,,,,,,,,,,,,,,,,,,,,,,,,,,,,,,,,,,,,,,,,,,,,,,,,,,,,,,,,,,,,,
H0_10ft_32kHz_epoch_10,H0,10FT,True,0,False,0.18011352175,True,VALID,False,,,,,,,,,,,,,,,,,14.617202321381308,1472.621629812863,0.9592970678744405,1580.677221697446,42.076794577957045,0.991874416000463,39.97567079193029,6.039040177347743,4.60416,4.16384,1647.7452862435312,0.028704336169290086,0.9298739900422831,4905882.940928883,31970.95393220178,30.203868911958423,5.25184,0.64768,0.9556830767197955,14,21.930682062356084,205.3520258886274,31965.713127230385,0.00042852229294956074,12.325120000000023,3756.6483795927747,15.316173,134.82452,0.95884365,1623.1584,41.920216,0.9763793668913591,41.53925,6.146084785461426,4.63744,4.032,1692.8291,0.027623912,0.98918724,2458.8662,31970.95393220178,31.032,5.14816,0.51072,0.9103983969927828,2320,22.468513,205.3520258886274,68123.20430178655,0.2514222,12.287999999999993,3872.0183,,,,,,,,,,,,,,,,,,,,,,,,,,,,,,,,,,,,,,,,,,,,,,,,,,,,,,,,,,,,,,,,,,,,,,,,,,,,,,,,,,,,,,,,,,,,,,,,,,,,,,,,,,,,,,,,,,,,,,,,,,,,,,,,,,,,,,,,,,,,,,,,,,,,,,,,,,,,
H0_10ft_32kHz_epoch_100,H0,10FT,True,0,False,0.45609688175,True,VALID,False,,,,,,,,,,,,,,,,,16.405266319047957,327.9729343144925,23.300260971508393,1629.5090635736724,29.61442084844071,0.9905158292628939,56.97947444405539,7.262212212900474,7.35232,3.5724799999999997,69.93522800297856,0.07227144090808896,1.194710422560578,8688170.764836656,31915.170464841027,24.33742604237423,12.08448,4.73216,0.11964213642040411,29,10.416282486681077,186.7441080426688,31954.379763124332,0.0002628355169090857,28.919040000000006,5502.417460442895,16.529076,164.31421,15.343973,1559.9238,27.819857,0.9778003818133956,57.31082,7.290333271026611,2.4563200000000003,2.67904,101.66362,0.0733042,1.2151377,2660.9224,31915.170464841027,24.328697,7.231999999999999,4.77568,0.1477484775805003,3792,12.330302,186.7441080426688,66963.08556223658,0.24577129,15.214080000000019,5607.232,,,,,,,,,,,,,,,,,,,,,,,,,,,,,,,,,,,,,,,,,,,,,,,,,,,,,,,,,,,,,,,,,,,,,,,,,,,,,,,,,,,,,,,,,,,,,,,,,,,,,,,,,,,,,,,,,,,,,,,,,,,,,,,,,,,,,,,,,,,,,,,,,,,,,,,,,,,,
H0_10ft_32kHz_epoch_101,H0,10FT,True,0,False,0.38725720175,True,VALID,False,,,,,,,,,,,,,,,,,15.134259316113942,2564.2290382318065,22.38495435038964,2271.205855817384,32.58393035879356,0.9933015829323565,59.176363635486354,7.352037727568153,6.15168,2.8940799999999998,101.46126814753195,0.08603293688295612,1.2404814816152665,8052765.885657187,32025.10852844679,23.173004081282542,10.9568,4.8051200000000005,0.10830217968370599,25,10.777878290296135,132.52807667544403,31953.775615255032,0.0002544021136767317,28.919039999999953,6970.32503693776,15.422754,217.13568,21.880684,2203.1165,31.180159,0.9843973968332204,59.56909,7.382789611816406,6.096640000000001,2.8582400000000003,100.68773,0.08744743,1.272753,3524.2517,32025.10852844679,23.224527,11.08224,4.9856,0.12064343876052229,4892,10.452145,132.52807667544403,64451.98073700946,0.2327797,28.894719999999985,7065.764,,,,,,,,,,,,,,,,,,,,,,,,,,,,,,,,,,,,,,,,,,,,,,,,,,,,,,,,,,,,,,,,,,,,,,,,,,,,,,,,,,,,,,,,,,,,,,,,,,,,,,,,,,,,,,,,,,,,,,,,,,,,,,,,,,,,,,,,,,,,,,,,,,,,,,,,,,,,
H0_10ft_32kHz_epoch_102,H0,10FT,True,0,False,0.36453592175000005,True,VALID,False,,,,,,,,,,,,,,,,,14.892210418310304,2112.738489910089,2.7299568516655954,3966.4768073972864,62.51049242882007,0.993408255686503,53.65713027513297,6.959539278930558,3.9398400000000002,3.9795200000000004,1452.9448716293793,0.033501017741547796,1.2312457134848251,7389091.085623727,32073.629945146095,31.279103605518426,5.347840000000001,1.408,0.758446601214163,17,24.499492383797747,201.9855992347184,31958.274041230063,0.00024254414926753087,8.839680000000016,6345.297650492518,14.794733,173.00256,2.3098555,3793.5088,58.79435,0.9830630949225797,54.258175,7.009273052215576,3.64032,4.01152,1642.3143,0.03490169,1.233444,2940.8794,32073.629945146095,30.93116,4.9984,1.35808,0.7792401244124073,1808,24.24534,201.9855992347184,64581.715531301576,0.22712286,8.806399999999993,6452.1655,,,,,,,,,,,,,,,,,,,,,,,,,,,,,,,,,,,,,,,,,,,,,,,,,,,,,,,,,,,,,,,,,,,,,,,,,,,,,,,,,,,,,,,,,,,,,,,,,,,,,,,,,,,,,,,,,,,,,,,,,,,,,,,,,,,,,,,,,,,,,,,,,,,,,,,,,,,,
H0_10ft_32kHz_epoch_103,H0,10FT,False,0,False,0.47958744175,False,TOO_LATE,False,,,,,,,,,,,,,,,,,14.567176402402204,41.907754042075695,2.614992161713165,3361.525928039015,61.64399063822115,0.9498813118191471,50.84970593115628,6.757975346066328,3.91296,3.9871999999999996,1285.4822195094116,0.029327555010113998,1.150861433975574,512678.1157362318,31919.727679368552,31.83165865367855,5.3056,1.3926399999999999,0.8064421555308753,15,24.973156065633173,194.93782592173739,32168.04582422083,0.003777329694083591,8.79743999999999,5453.128347525744,14.562549,41.120617,2.5941188,3382.3115,60.929115,0.9464589807155636,51.49201,6.81542444229126,3.9654399999999996,4.01664,1303.8383,0.0305225,1.1607981,2901.1204,31919.727679368552,31.537817,5.30176,1.33632,0.8085063589347552,2332,24.657246,194.93782592173739,64819.582504473954,0.23231898,8.829440000000021,5551.224,,,,,,,,,,,,,,,,,,,,,,,,,,,,,,,,,,,,,,,,,,,,,,,,,,,,,,,,,,,,,,,,,,,,,,,,,,,,,,,,,,,,,,,,,,,,,,,,,,,,,,,,,,,,,,,,,,,,,,,,,,,,,,,,,,,,,,,,,,,,,,,,,,,,,,,,,,,,
H0_10ft_32kHz_epoch_104,H0,10FT,True,0,False,0.44489944175,True,VALID,False,,,,,,,,,,,,,,,,,15.92955309489379,1262.0318600651988,2.414307105232197,3552.9868716149103,60.44694471819,0.9933767611530808,63.638495698917495,7.549781937906632,3.76704,3.95264,1471.638327996785,0.030518633595865086,1.2318470324307278,6856169.645339658,32027.094600918907,32.08918066973426,5.168640000000001,1.4016,0.7838239259358457,15,24.983805673579802,193.93981939306832,31945.87888234761,0.0003276687481146847,8.844799999999985,5877.860143600719,16.008474,200.82887,2.26358,3496.3723,58.510727,0.9810641764134898,64.08611,7.5876007080078125,3.62752,4.00768,1544.6205,0.03215272,1.2482011,2941.458,32027.094600918907,31.740292,4.992,1.36448,0.7850426477006724,2004,24.60851,193.93981939306832,65196.654303362964,0.2349381,8.89344000000003,5975.609,,,,,,,,,,,,,,,,,,,,,,,,,,,,,,,,,,,,,,,,,,,,,,,,,,,,,,,,,,,,,,,,,,,,,,,,,,,,,,,,,,,,,,,,,,,,,,,,,,,,,,,,,,,,,,,,,,,,,,,,,,,,,,,,,,,,,,,,,,,,,,,,,,,,,,,,,,,,
H0_10ft_32kHz_epoch_105,H0,10FT,True,0,False,0.22081880175,True,VALID,False,,,,,,,,,,,,,,,,,13.284250051647755,117.15722201433611,1.8885091067266189,3180.036605428958,57.69319909598373,0.989969646841527,44.74825655492172,6.504891777613771,3.77216,4.028160000000001,1683.8873554286292,0.03879930482632607,1.0551533652830554,2234412170.169343,32025.244484225273,28.65321694990589,5.1712,1.39904,0.8535757652039724,18,22.412149462539873,182.41888297263358,31946.401328232012,1.2357619842539793e-06,8.865280000000004,5511.978283849883,41.361782,13.749491,534.18243,86196.44,78.80492,0.83103916976572,122.79708,10.026437759399414,4.64384,,161.36142,1e-10,14.634977,3051.725,5.365261263901035,207.62677,,,0.005436216239811765,17327,96.44268,152.0157358105293,38372.958823072644,0.22851792,75.27808,109379.516,,,,,,,,,,,,,,,,,,,,,,,,,,,,,,,,,,,,,,,,,,,,,,,,,,,,,,,,,,,,,,,,,,,,,,,,,,,,,,,,,,,,,,,,,,,,,,,,,,,,,,,,,,,,,,,,,,,,,,,,,,,,,,,,,,,,,,,,,,,,,,,,,,,,,,,,,,,,
H0_10ft_32kHz_epoch_106,H0,10FT,True,0,False,0.34651736175000003,True,VALID,False,,,,,,,,,,,,,,,,,14.17786503269289,2601.9795689859034,17.859555990027523,2107.6816245484824,29.208609696732257,0.993710248123592,47.904695832732216,6.643253853418257,6.11456,3.1142399999999997,118.01422307047223,0.09467573603683793,1.288494880191428,6821422.394721531,31889.324532206447,22.66575730563467,10.2784,4.16384,0.148435387494264,19,9.888533377061066,153.80415623183217,31985.351165247088,0.0003538283569176308,17.44640000000003,7215.9601105021175,14.280683,187.70863,16.829947,2131.342,29.13175,0.9851649699316375,48.46526,6.689143180847168,6.05184,3.0233600000000003,126.639854,0.095167674,1.3068241,3621.1484,31889.324532206447,22.71902,10.15936,4.10752,0.17850343012296083,4036,9.951516,153.80415623183217,64246.09179489483,0.22473644,15.239679999999979,7316.217,,,,,,,,,,,,,,,,,,,,,,,,,,,,,,,,,,,,,,,,,,,,,,,,,,,,,,,,,,,,,,,,,,,,,,,,,,,,,,,,,,,,,,,,,,,,,,,,,,,,,,,,,,,,,,,,,,,,,,,,,,,,,,,,,,,,,,,,,,,,,,,,,,,,,,,,,,,,
H0_10ft_32kHz_epoch_107,H0,10FT,True,0,False,0.37854168175,True,VALID,False,,,,,,,,,,,,,,,,,13.657539575125952,2087.0821744365517,17.819020972535178,2006.5496949850888,28.132470512907844,0.9938921584023932,48.34134390731596,6.735858741851325,5.8176,3.94112,112.60717960184473,0.09087377749425134,1.1971623760012027,6453206.333731343,31893.526119161805,22.369896932196397,10.46912,4.6515200000000005,0.12496754025288559,23,9.957505242115293,156.53883940690503,31979.084510351742,0.00037602856188179054,27.288319999999977,7132.504392262344,13.683315,173.52405,13.243868,2001.4023,27.659502,0.9839303959306258,48.77589,6.773980617523193,5.42592,3.99488,151.11917,0.09137288,1.2080806,3548.4927,31893.526119161805,22.344528,9.95584,4.52992,0.24411783860751532,3835,10.122499,156.53883940690503,65093.75653501032,0.2313143,15.412480000000006,7235.8584,,,,,,,,,,,,,,,,,,,,,,,,,,,,,,,,,,,,,,,,,,,,,,,,,,,,,,,,,,,,,,,,,,,,,,,,,,,,,,,,,,,,,,,,,,,,,,,,,,,,,,,,,,,,,,,,,,,,,,,,,,,,,,,,,,,,,,,,,,,,,,,,,,,,,,,,,,,,
H0_10ft_32kHz_epoch_108,H0,10FT,False,0,False,0.48426712175000003,False,TOO_LATE,False,,,,,,,,,,,,,,,,,13.983873549273543,39.023014447460696,20.37253345946379,1534.5627357634926,28.697923023378213,0.947944663162186,44.97777964368727,6.420168474795756,6.03904,3.7657599999999998,75.32508113509047,0.06957113250554606,1.0940051756337248,996341.9407959882,32025.244484225273,23.896299908247055,10.7776,4.7385600000000005,0.13175449163204483,29,10.983430330551279,157.38099707443325,32090.680487120906,0.002426543290390364,20.670719999999974,5347.29546285758,14.248882,38.966446,20.382586,2260.8179,41.510887,0.9443283416017477,45.643494,6.479747295379639,7.09248,3.25888,110.91909,0.06311934,1.1250129,3046.6184,32025.244484225273,24.969143,10.38336,3.29088,0.2240665542615403,4343,13.679862,157.38099707443325,65546.10645592006,0.23843037,16.28288,5446.3247,,,,,,,,,,,,,,,,,,,,,,,,,,,,,,,,,,,,,,,,,,,,,,,,,,,,,,,,,,,,,,,,,,,,,,,,,,,,,,,,,,,,,,,,,,,,,,,,,,,,,,,,,,,,,,,,,,,,,,,,,,,,,,,,,,,,,,,,,,,,,,,,,,,,,,,,,,,,
H0_10ft_32kHz_epoch_109,H0,10FT,False,0,False,0.0016751217500000002,False,TOO_EARLY,False,,,,,,,,,,,,,,,,,9.929763491587995,4.772369591059881,17.486951469469375,2247.609645829751,18.899919811008903,0.7979330917763136,21.090010760049413,4.489724644468077,5.4515199999999995,3.9232,128.53067327098861,0.07632190741454876,1.1584950031541856,37445.183230822906,32025.244484225273,23.5997064714042,10.21184,4.76032,0.14354229764361817,539,12.069819343677032,150.22731538923108,38360.63324207553,0.06851225891900124,17.42208000000001,11892.164984321973,10.054955,4.833757,15.050436,2219.4875,18.408123,0.7980537811751974,21.393827,4.527673721313477,5.39264,3.38048,147.46999,0.07719962,1.1812087,5595.2036,32025.244484225273,23.668453,9.96352,4.57088,0.24109103346282565,3870,12.030361,150.22731538923108,60668.3248622053,0.2166751,15.166720000000078,12057.109,,,,,,,,,,,,,,,,,,,,,,,,,,,,,,,,,,,,,,,,,,,,,,,,,,,,,,,,,,,,,,,,,,,,,,,,,,,,,,,,,,,,,,,,,,,,,,,,,,,,,,,,,,,,,,,,,,,,,,,,,,,,,,,,,,,,,,,,,,,,,,,,,,,,,,,,,,,,
H0_10ft_32kHz_epoch_11,H0,10FT,True,0,False,0.24991576175,True,VALID,False,,,,,,,,,,,,,,,,,14.477245874606659,1610.4996960765943,3.0317491733990285,746.5143069423239,18.751637956863686,0.9918002386772308,45.63263293438743,6.3825435958115975,2.65856,2.3232,246.23221257617115,0.08487265915297507,0.9213592049600624,6753234.681337598,31890.3829249533,20.694423307656848,5.52064,2.8620799999999997,0.40162010026668465,13,9.031893101487071,219.374549805274,31958.89553733945,0.00024682556435183647,10.696959999999978,3981.0618606203275,17.74909,167.0549,0.8355515,1241.1367,30.326553,0.9786052449614515,47.908833,6.510812282562256,1.02528,1.4092799999999999,1485.4102,0.05415128,1.1452967,2418.1023,31890.3829249533,26.342922,5.02144,3.99616,0.8889586149075014,2334,15.552591,219.374549805274,67820.7530955625,0.2523369,8.794880000000004,4092.574,,,,,,,,,,,,,,,,,,,,,,,,,,,,,,,,,,,,,,,,,,,,,,,,,,,,,,,,,,,,,,,,,,,,,,,,,,,,,,,,,,,,,,,,,,,,,,,,,,,,,,,,,,,,,,,,,,,,,,,,,,,,,,,,,,,,,,,,,,,,,,,,,,,,,,,,,,,,
H0_10ft_32kHz_epoch_110,H0,10FT,True,0,False,0.35119448175,True,VALID,False,,,,,,,,,,,,,,,,,14.327102611437608,2341.3649648230926,8.690476384625372,1882.4340460083945,26.765753856631235,0.9939019706570003,47.15780181926376,6.636667578412835,1.90848,3.6812799999999997,216.6088442904932,0.09321834470971586,1.2470621096048105,26609740.31917275,32026.49997199133,22.517187525375814,6.69568,4.7872,0.2364260020382741,16,11.396326740229782,205.35202588863103,31947.138547592927,7.149456207175786e-05,13.480959999999985,7032.994684519201,14.2627735,173.77963,8.694066,1889.2391,26.468798,0.9843259596816112,47.589176,6.674017429351807,1.87648,3.56352,217.30214,0.09399366,1.2506617,2961.5376,32026.49997199133,22.46918,6.7456,4.869120000000001,0.24777606440224678,3446,11.308815,205.35202588863103,64374.83734687135,0.22743036,13.48223999999998,7137.6084,,,,,,,,,,,,,,,,,,,,,,,,,,,,,,,,,,,,,,,,,,,,,,,,,,,,,,,,,,,,,,,,,,,,,,,,,,,,,,,,,,,,,,,,,,,,,,,,,,,,,,,,,,,,,,,,,,,,,,,,,,,,,,,,,,,,,,,,,,,,,,,,,,,,,,,,,,,,
H0_10ft_32kHz_epoch_111,H0,10FT,True,0,False,0.43546072175,True,VALID,False,,,,,,,,,,,,,,,,,13.863716029661916,1766.774307285612,1.336838937172518,3791.1424120422016,49.345233899768516,0.9932829367398738,47.92918690387302,6.632358765652668,3.70176,3.4304,2835.9006508746115,0.031303258956452626,1.3000704741700237,5091607.501081378,32027.032904646574,32.3616726887134,5.13536,1.4336,0.9496010130849072,13,25.066301022447874,196.72624634303793,31976.13783137743,0.0004723129908996159,8.815359999999995,7682.894805489892,13.909869,177.66481,1.3204134,3773.1787,48.454494,0.9812060710089432,48.508686,6.6807990074157715,3.70688,3.02976,2857.574,0.03333803,1.3132112,3503.4297,32027.032904646574,31.827042,5.11104,1.40416,0.9719960413993665,1916,24.521309,196.72624634303793,63753.87748235091,0.22085181,8.766720000000007,7787.056,,,,,,,,,,,,,,,,,,,,,,,,,,,,,,,,,,,,,,,,,,,,,,,,,,,,,,,,,,,,,,,,,,,,,,,,,,,,,,,,,,,,,,,,,,,,,,,,,,,,,,,,,,,,,,,,,,,,,,,,,,,,,,,,,,,,,,,,,,,,,,,,,,,,,,,,,,,,
H0_10ft_32kHz_epoch_112,H0,10FT,True,0,False,0.44966104175000005,True,VALID,False,,,,,,,,,,,,,,,,,14.400364152032454,856.7004775616175,25.74543923021759,2449.1260044879714,30.169557646286737,0.9932175831964463,49.42472486245168,6.73233677513054,7.32032,2.8992,95.12853840189457,0.08809097141210018,1.388095561934033,2014174.3995632944,32027.032904646574,23.92592527588693,12.27392,4.9536,0.0996468194671127,20,10.403799623506906,193.14940550043684,32030.549417700793,0.0010811084260731471,28.84992000000003,8117.871773931624,14.624575,188.0275,22.570286,2356.498,28.66897,0.9808347124983727,50.03924,6.781989574432373,7.22944,2.76736,104.4071,0.089525595,1.4185208,3597.8127,32027.032904646574,23.85311,11.69792,4.4684800000000005,0.11325814126156622,4488,10.299348,193.14940550043684,63960.66538530772,0.22300015,17.56928000000002,8219.682,,,,,,,,,,,,,,,,,,,,,,,,,,,,,,,,,,,,,,,,,,,,,,,,,,,,,,,,,,,,,,,,,,,,,,,,,,,,,,,,,,,,,,,,,,,,,,,,,,,,,,,,,,,,,,,,,,,,,,,,,,,,,,,,,,,,,,,,,,,,,,,,,,,,,,,,,,,,
H0_10ft_32kHz_epoch_113,H0,10FT,False,0,False,0.07919960175,False,TOO_EARLY,False,,,,,,,,,,,,,,,,,14.034890107463008,2424.061792654939,23.92817983322552,6993.322828628601,86.83202466764828,0.9936510548006972,52.2184374417114,6.867818494900391,11.315199999999999,3.4816000000000003,292.2630504020041,0.07810399556999648,1.3475212997625712,9937731.651680067,32027.032904646574,24.7256156802289,12.759039999999999,1.44384,0.2288113856790209,27,15.837268132743208,66.17155558811282,31950.10136824952,0.00027802184981355794,22.264320000000005,8053.852084407371,14.191096,187.44528,1.3540868,4085.514,50.124508,0.9803690435253216,52.95016,6.924675941467285,3.76704,3.4419199999999996,3017.1729,0.0774207,1.3706897,3819.606,32027.032904646574,24.890686,5.130240000000001,1.3632,0.9194241105482877,2253,17.536785,66.17155558811282,63938.84572046796,0.22249047,8.04096,8150.731,,,,,,,,,,,,,,,,,,,,,,,,,,,,,,,,,,,,,,,,,,,,,,,,,,,,,,,,,,,,,,,,,,,,,,,,,,,,,,,,,,,,,,,,,,,,,,,,,,,,,,,,,,,,,,,,,,,,,,,,,,,,,,,,,,,,,,,,,,,,,,,,,,,,,,,,,,,,
H0_10ft_32kHz_epoch_114,H0,10FT,True,0,False,0.43429464175000004,True,VALID,False,,,,,,,,,,,,,,,,,16.157643289284433,1484.8264279662853,2.180160790888855,3525.2698933747392,58.79389052263774,0.9935304359414779,58.72028454913563,7.22236015842203,3.77088,3.3344,1616.9770175241354,0.030908484904521052,1.2985768920335534,9513715.13766985,31906.991825777455,32.441321178217805,5.15328,1.3824,0.6730621400082597,17,24.85520514427818,191.88631927298047,31961.085456661793,0.0002605026046621032,8.897279999999952,5995.979959886013,16.087587,187.20128,2.054414,3478.114,57.00458,0.9800903279806839,59.4141,7.278285980224609,3.7184000000000004,3.30496,1692.9957,0.032385677,1.3042698,3304.1243,31906.991825777455,32.04601,5.05344,1.33504,0.7015807867063071,2112,24.473598,191.88631927298047,66514.90031004511,0.24184747,8.938239999999986,6101.464,,,,,,,,,,,,,,,,,,,,,,,,,,,,,,,,,,,,,,,,,,,,,,,,,,,,,,,,,,,,,,,,,,,,,,,,,,,,,,,,,,,,,,,,,,,,,,,,,,,,,,,,,,,,,,,,,,,,,,,,,,,,,,,,,,,,,,,,,,,,,,,,,,,,,,,,,,,,
H0_10ft_32kHz_epoch_115,H0,10FT,False,0,False,0.00030808174999999996,False,TOO_EARLY,False,,,,,,,,,,,,,,,,,16.671878321418806,17.01206119009286,2.4257244877570368,4411.477103429899,54.4303372028253,0.8718882870934477,65.74624638304162,7.418766211929335,3.7785599999999997,3.552,1818.6224881246756,0.0462088469401301,1.4735288165394835,35472.562179692555,32077.81855894271,30.0685116391876,5.207039999999999,1.42848,0.5455561800075838,17,22.282395082010883,195.78011327054264,36297.76303512707,0.051708381476559456,11.88863999999995,8104.813106322002,16.804249,17.091509,2.4106205,4387.3115,53.331764,0.8710730126169417,66.762886,7.4944167137146,3.8016,3.4726399999999997,1819.9927,0.047925692,1.4963318,3303.787,32077.81855894271,29.820854,5.21472,1.41312,0.5550283015463259,2475,21.944038,195.78011327054264,64150.35445150494,0.23415545,7.888640000000057,8226.451,,,,,,,,,,,,,,,,,,,,,,,,,,,,,,,,,,,,,,,,,,,,,,,,,,,,,,,,,,,,,,,,,,,,,,,,,,,,,,,,,,,,,,,,,,,,,,,,,,,,,,,,,,,,,,,,,,,,,,,,,,,,,,,,,,,,,,,,,,,,,,,,,,,,,,,,,,,,
H0_10ft_32kHz_epoch_116,H0,10FT,True,0,False,0.35566296175,True,VALID,False,,,,,,,,,,,,,,,,,16.10159060742329,2520.407866941025,3.677077245629686,3525.0588830143247,65.63835089445205,0.9932160464137076,57.656114343702875,7.082419796778223,3.7888,3.25376,958.657827273983,0.03264462269469692,1.2624027596638094,7231444.136035331,32075.32025602168,31.694995777073398,5.17504,1.38624,0.5160404492169625,17,24.356733072949652,198.51466676433847,31970.9860397318,0.00033513456410041434,8.867840000000015,5370.425726695409,16.137276,192.7956,3.488212,3494.0366,63.872295,0.9837201453518216,58.380123,7.1413960456848145,3.74784,3.12576,1001.6698,0.03439134,1.2769165,2983.939,32075.32025602168,31.255417,5.09696,1.34912,0.5354732908919267,2108,23.933432,198.51466676433847,65578.3786789785,0.23647538,7.976960000000033,5470.3477,,,,,,,,,,,,,,,,,,,,,,,,,,,,,,,,,,,,,,,,,,,,,,,,,,,,,,,,,,,,,,,,,,,,,,,,,,,,,,,,,,,,,,,,,,,,,,,,,,,,,,,,,,,,,,,,,,,,,,,,,,,,,,,,,,,,,,,,,,,,,,,,,,,,,,,,,,,,
H0_10ft_32kHz_epoch_117,H0,10FT,False,0,False,0.46248792175000003,False,TOO_LATE,False,,,,,,,,,,,,,,,,,14.12833963072223,286.19109547050533,1.123765571670816,3223.143151506677,46.49313967237696,0.9905028213703541,46.69776431368369,6.564218259182267,3.68256,3.44576,2868.1632831253155,0.030201225830381002,1.2997999237211264,28875477.19623703,32073.420643951416,32.67660958741698,5.082879999999999,1.40032,0.857175994195125,15,24.72184387651061,183.1349778040385,31951.80046586899,8.226605726804983e-05,8.860160000000006,6932.513429334181,14.288508,162.47276,1.0888366,3189.0203,45.35169,0.9789218636446237,47.18387,6.605635643005371,3.65184,3.38304,2928.833,0.03151775,1.3239111,3473.7205,32073.420643951416,32.427513,5.000959999999999,1.34912,0.8812656050624491,2004,24.379139,183.1349778040385,63709.93728556999,0.22450358,7.964159999999998,7031.757,,,,,,,,,,,,,,,,,,,,,,,,,,,,,,,,,,,,,,,,,,,,,,,,,,,,,,,,,,,,,,,,,,,,,,,,,,,,,,,,,,,,,,,,,,,,,,,,,,,,,,,,,,,,,,,,,,,,,,,,,,,,,,,,,,,,,,,,,,,,,,,,,,,,,,,,,,,,
H0_10ft_32kHz_epoch_118,H0,10FT,False,0,False,0.07148120175,False,TOO_EARLY,False,,,,,,,,,,,,,,,,,11.34337576426548,2108.25407949521,1.8504578172887116,3527.21125587994,27.75798808660169,0.7960597781415104,27.8194875818542,5.049810294069087,3.65824,3.47776,1906.128971395749,0.0768375330210532,1.255355302079486,16278824.070640143,32071.79455545746,24.244102253465538,5.06624,1.408,0.6914524907103122,15,17.014728899350843,33.13201916886101,31985.256037994517,0.00024454732061344206,7.950079999999998,12707.013364496823,11.319539,177.7992,1.8330998,3533.6074,27.45507,0.7962019604619653,28.181034,5.0917816162109375,3.70176,3.4713600000000002,1927.6677,0.078721,1.2607509,6753.7866,32071.79455545746,23.983953,5.0572799999999996,1.35552,0.7233342268705066,2371,16.818743,33.13201916886101,60311.12571256796,0.20044248,8.008959999999995,12870.509,,,,,,,,,,,,,,,,,,,,,,,,,,,,,,,,,,,,,,,,,,,,,,,,,,,,,,,,,,,,,,,,,,,,,,,,,,,,,,,,,,,,,,,,,,,,,,,,,,,,,,,,,,,,,,,,,,,,,,,,,,,,,,,,,,,,,,,,,,,,,,,,,,,,,,,,,,,,
H0_10ft_32kHz_epoch_119,H0,10FT,True,0,False,0.33437656175,True,VALID,False,,,,,,,,,,,,,,,,,16.653617715273526,2321.0231878515615,5.398257885379374,3471.396776974213,69.61801336748229,0.9931414989331422,68.14166009968854,7.680942008513391,3.79392,3.40864,643.0587146226552,0.03508148832861693,1.2581276408435396,6230146.062988093,32073.53183560038,31.058763747359784,5.16736,1.37344,0.40490085646861385,17,23.669263821394445,203.8799280282401,31991.387292715306,0.0003721118194435768,11.939840000000036,4986.348516798656,16.496317,187.94649,5.070394,3459.473,67.99724,0.9835975294776971,68.91802,7.7442216873168945,3.7350399999999997,3.43168,682.28876,0.036261305,1.2588421,2963.4858,32073.53183560038,30.757618,5.05216,1.31712,0.45033245002596134,2327,23.470875,203.8799280282401,65614.8894117606,0.23710822,11.94751999999999,5087.6665,,,,,,,,,,,,,,,,,,,,,,,,,,,,,,,,,,,,,,,,,,,,,,,,,,,,,,,,,,,,,,,,,,,,,,,,,,,,,,,,,,,,,,,,,,,,,,,,,,,,,,,,,,,,,,,,,,,,,,,,,,,,,,,,,,,,,,,,,,,,,,,,,,,,,,,,,,,,
H0_10ft_32kHz_epoch_12,H0,10FT,True,0,False,0.21657816175,True,VALID,False,,,,,,,,,,,,,,,,,15.682150239576814,1951.5302229951806,9.727931995261361,1915.8950499828757,36.99276762932765,0.9928350786820324,40.85287347674898,6.08239562901731,6.379519999999999,2.5433600000000003,196.9478251816694,0.09329131551160025,1.2074185765836063,26690116.796468813,31887.536111785146,22.225828531898372,10.910720000000001,4.5312,0.22233631193153872,23,9.347351368322936,162.74625833833488,31944.42218241957,9.696674607171907e-05,16.44672,5179.107087040246,16.583347,173.0832,8.393464,1887.0951,35.691437,0.9826247557241695,41.964752,6.161092758178711,6.36288,2.3232,224.8291,0.094503865,1.2900661,3108.04,31887.536111785146,22.637903,10.26816,3.9052800000000003,0.21702507397296528,4956,9.441367,162.74625833833488,66017.94304430633,0.23611903,16.508159999999993,5287.249,,,,,,,,,,,,,,,,,,,,,,,,,,,,,,,,,,,,,,,,,,,,,,,,,,,,,,,,,,,,,,,,,,,,,,,,,,,,,,,,,,,,,,,,,,,,,,,,,,,,,,,,,,,,,,,,,,,,,,,,,,,,,,,,,,,,,,,,,,,,,,,,,,,,,,,,,,,,
H0_10ft_32kHz_epoch_120,H0,10FT,True,0,False,0.37016280175000005,True,VALID,False,,,,,,,,,,,,,,,,,16.792637705357,2386.005829260818,2.445251792897802,3882.4074495292584,59.921136293364306,0.9934742996588798,67.3638280733578,7.627352030058687,3.77216,3.4624,1587.7331981947254,0.03836577685360835,1.4029397551574259,11980995.288089313,32075.31315847305,31.236334228434494,5.201919999999999,1.42976,0.5610732503826498,15,23.347461079995107,97.62637296344474,31975.345616715964,0.0001761059998236093,11.928319999999992,6479.19530517838,16.9374,193.64761,2.4354882,3921.8792,59.52457,0.9825889789415758,68.34307,7.6992292404174805,3.85408,3.38048,1610.3052,0.038874675,1.4269388,3447.3933,32075.31315847305,31.265305,5.21984,1.3657599999999999,0.5895688649067713,2479,23.27026,97.62637296344474,65443.1536339113,0.23213916,11.891200000000046,6588.673,,,,,,,,,,,,,,,,,,,,,,,,,,,,,,,,,,,,,,,,,,,,,,,,,,,,,,,,,,,,,,,,,,,,,,,,,,,,,,,,,,,,,,,,,,,,,,,,,,,,,,,,,,,,,,,,,,,,,,,,,,,,,,,,,,,,,,,,,,,,,,,,,,,,,,,,,,,,
H0_10ft_32kHz_epoch_121,H0,10FT,True,0,False,0.35412312175000005,True,VALID,False,,,,,,,,,,,,,,,,,17.757770356080325,2154.680845424863,1.9391077678984565,3169.204205003287,55.702652022815336,0.9932763106716905,66.44221237118629,7.606960064119886,3.76064,3.44576,1634.362080060035,0.036695203007773514,1.3150074400413125,6706545.026810018,32074.806557200085,31.04622028753254,5.168640000000001,1.408,0.6618351288180835,15,22.88499125627053,204.81611849841283,31972.599057017916,0.0003756621063637486,11.909119999999994,5689.503264054918,17.858273,180.37337,1.9072008,3157.6326,54.4011,0.9802527625694952,67.52377,7.6843366622924805,3.6928,3.3945600000000002,1655.6372,0.038567256,1.3357311,2957.2195,32074.806557200085,30.741486,5.06496,1.37216,0.6934917904403644,2431,22.520763,204.81611849841283,67696.99507164609,0.24685256,11.860480000000006,5804.354,,,,,,,,,,,,,,,,,,,,,,,,,,,,,,,,,,,,,,,,,,,,,,,,,,,,,,,,,,,,,,,,,,,,,,,,,,,,,,,,,,,,,,,,,,,,,,,,,,,,,,,,,,,,,,,,,,,,,,,,,,,,,,,,,,,,,,,,,,,,,,,,,,,,,,,,,,,,
H0_10ft_32kHz_epoch_122,H0,10FT,True,0,False,0.37286744175000003,True,VALID,False,,,,,,,,,,,,,,,,,17.674193017111868,2546.0094058230306,2.62052576199169,3211.699227740346,59.929090261228026,0.9928500609949802,66.28673258869364,7.555099467532328,3.7862400000000003,3.84256,1225.593456978298,0.03582945225438994,1.3050638210294012,35473752.53278322,32073.19504979103,31.184476463766508,5.18144,1.3952,0.4769208396447441,14,23.143001726525085,96.96990969653416,31952.330408098434,6.864796878306907e-05,11.991040000000009,5359.1656635210775,17.588097,181.56342,2.554919,3188.2415,58.29972,0.9805949156543924,67.38438,7.634396553039551,3.74528,3.4470400000000003,1247.8835,0.03792128,1.3119122,2958.9592,32073.19504979103,30.779467,5.1136,1.36832,0.5017982998272531,2492,22.67296,96.96990969653416,66966.38250071509,0.24346422,11.92704,5468.708,,,,,,,,,,,,,,,,,,,,,,,,,,,,,,,,,,,,,,,,,,,,,,,,,,,,,,,,,,,,,,,,,,,,,,,,,,,,,,,,,,,,,,,,,,,,,,,,,,,,,,,,,,,,,,,,,,,,,,,,,,,,,,,,,,,,,,,,,,,,,,,,,,,,,,,,,,,,
H0_10ft_32kHz_epoch_123,H0,10FT,True,0,False,0.32919640175000003,True,VALID,False,,,,,,,,,,,,,,,,,17.65904004396846,2414.896286815124,2.3297747216943434,2891.6245579374536,57.51144886328935,0.992969908798152,65.11545386479952,7.450716502293027,3.7964800000000003,3.4598400000000002,1241.1605856184533,0.037610278697829416,1.2996321830738609,5813663.383812593,32073.629945146095,30.73691462611648,5.19552,1.39904,0.44558784469773444,15,22.252679219571835,99.3095862904047,31991.594124478554,0.0003322966022200251,11.962879999999954,5027.911163933786,17.65686,182.76254,2.2774742,2871.6372,55.92643,0.9822095294163435,66.03869,7.523878574371338,3.7439999999999998,3.3958399999999997,1260.8868,0.03984203,1.3131953,2901.3113,32073.629945146095,30.254232,5.118720000000001,1.3747200000000002,0.4669073676449482,2475,21.779125,99.3095862904047,66556.05025953791,0.2405771,11.855360000000037,5134.6694,,,,,,,,,,,,,,,,,,,,,,,,,,,,,,,,,,,,,,,,,,,,,,,,,,,,,,,,,,,,,,,,,,,,,,,,,,,,,,,,,,,,,,,,,,,,,,,,,,,,,,,,,,,,,,,,,,,,,,,,,,,,,,,,,,,,,,,,,,,,,,,,,,,,,,,,,,,,
H0_10ft_32kHz_epoch_124,H0,10FT,True,0,False,0.45269848175000005,True,VALID,False,,,,,,,,,,,,,,,,,17.25995714240908,630.8085359121807,2.6084764904003497,3661.768442779906,60.54826688082289,0.9918488616915436,63.29482971066126,7.348588298596916,3.79264,3.3728,1403.7958387800672,0.033552987981901004,1.3931371119139382,2099866.145387852,32073.629945146095,32.358753390373636,5.19296,1.40032,0.5151352764961837,14,24.264889014496674,208.71845254254004,32053.051080619232,0.0008362345068899878,9.534719999999997,6047.684981615249,17.158524,181.49657,2.5855978,3682.7832,59.771847,0.9772804735529363,64.2771,7.421468734741211,3.776,3.35744,1424.345,0.03470727,1.3979101,3028.0032,32073.629945146095,32.0783,5.12128,1.3452799999999998,0.5337467978564826,2416,24.05802,208.71845254254004,65802.1249556727,0.2350183,9.529599999999972,6161.401,,,,,,,,,,,,,,,,,,,,,,,,,,,,,,,,,,,,,,,,,,,,,,,,,,,,,,,,,,,,,,,,,,,,,,,,,,,,,,,,,,,,,,,,,,,,,,,,,,,,,,,,,,,,,,,,,,,,,,,,,,,,,,,,,,,,,,,,,,,,,,,,,,,,,,,,,,,,
H0_10ft_32kHz_epoch_125,H0,10FT,False,0,False,0.49129560175000003,False,TOO_LATE,False,,,,,,,,,,,,,,,,,15.078325865635907,21.503644713536662,2.007476768172862,3041.584411133498,52.908481707999734,0.9034069726173708,45.07956924065908,6.174814674052825,3.77216,3.81056,1515.128074882603,0.03444218023651912,1.2231091353379953,75567.03898064267,32069.954994757783,31.000282283742134,5.15456,1.3824,0.6122569190113111,12,23.271384915225468,218.1872913986408,33775.89291645484,0.024286467211158926,10.85952000000001,5748.765250758574,15.011116,21.251303,1.9848647,3028.3,51.69395,0.901557980615038,46.130573,6.264736175537109,3.7401600000000004,3.4368,1525.6959,0.036199342,1.2291856,2825.4114,32069.954994757783,30.54327,5.09056,1.3504,0.6532563371168082,2404,22.871878,218.1872913986408,64282.75259207111,0.23207937,10.950399999999972,5858.1323,,,,,,,,,,,,,,,,,,,,,,,,,,,,,,,,,,,,,,,,,,,,,,,,,,,,,,,,,,,,,,,,,,,,,,,,,,,,,,,,,,,,,,,,,,,,,,,,,,,,,,,,,,,,,,,,,,,,,,,,,,,,,,,,,,,,,,,,,,,,,,,,,,,,,,,,,,,,
H0_10ft_32kHz_epoch_126,H0,10FT,False,0,False,0.08758104175,False,TOO_EARLY,False,,,,,,,,,,,,,,,,,15.229163436323297,2279.1418738067737,1.3821543095935656,1156.028950175547,22.120178431999054,0.9926142370176438,62.47231727068154,7.351639280716171,1.37728,3.87584,836.3964444139012,0.14718521958807598,1.2164831863499688,7343244.232057208,32073.420643951416,18.315370745639775,5.125120000000001,3.74784,0.46724015677885433,19,6.470771242654298,177.41200974766252,31992.915210011815,0.0003371354520775269,8.36352,5226.128504023336,15.359066,180.43996,1.9878478,1752.1204,32.928314,0.9800786741641261,63.198402,7.4139885902404785,1.9123199999999998,3.46624,881.4158,0.13288046,1.2379472,3298.8777,32073.420643951416,19.330633,5.04064,3.12832,0.49675251577953394,2513,9.243578,177.41200974766252,65016.94763874485,0.23505041,8.513279999999998,5321.014,,,,,,,,,,,,,,,,,,,,,,,,,,,,,,,,,,,,,,,,,,,,,,,,,,,,,,,,,,,,,,,,,,,,,,,,,,,,,,,,,,,,,,,,,,,,,,,,,,,,,,,,,,,,,,,,,,,,,,,,,,,,,,,,,,,,,,,,,,,,,,,,,,,,,,,,,,,,
H0_10ft_32kHz_epoch_127,H0,10FT,True,0,False,0.18289112175,True,VALID,False,,,,,,,,,,,,,,,,,17.110394473299305,2046.3703415785692,2.6674834208927525,3536.3165777991117,60.038572354084494,0.9924128930331984,74.1408804517719,7.943176071248351,3.72352,3.8464,1325.7126736387781,0.05154011153190658,1.289208058197747,6123189.176721762,32074.806557200085,27.947624134695744,5.1417600000000006,1.4182400000000002,0.5644183999584088,13,20.428980391877204,30.12001742623761,31984.587558894465,0.00042947434399637224,10.487039999999975,5890.074395745474,17.13217,174.3507,2.5820699,3513.4739,58.555943,0.9765499340758098,75.316025,8.027993202209473,3.66336,3.4828799999999998,1360.7198,0.053278316,1.3028601,3518.737,32074.806557200085,27.689054,5.04064,1.37728,0.591986381781694,2454,20.201406,30.12001742623761,67552.51230894387,0.2463882,10.668800000000006,6000.2,,,,,,,,,,,,,,,,,,,,,,,,,,,,,,,,,,,,,,,,,,,,,,,,,,,,,,,,,,,,,,,,,,,,,,,,,,,,,,,,,,,,,,,,,,,,,,,,,,,,,,,,,,,,,,,,,,,,,,,,,,,,,,,,,,,,,,,,,,,,,,,,,,,,,,,,,,,,
H0_10ft_32kHz_epoch_128,H0,10FT,True,0,False,0.44158040175,True,VALID,False,,,,,,,,,,,,,,,,,16.422078451583975,1109.5845758347004,3.1255021735667476,3724.328594939662,63.74504702398765,0.9927775398093672,66.71135697344583,7.540795033847222,3.8515200000000003,3.42144,1191.5936665912586,0.03172911053277514,1.3028321388808584,4798938.350337836,32070.263518492186,32.21092906970449,5.25312,1.4016,0.5069785661967384,13,24.77778380935834,141.38991946430178,32014.18769143582,0.000423577779956712,9.479679999999991,5842.537999129737,16.305965,170.9987,3.04413,3709.9426,62.252575,0.9777017969152452,67.817406,7.625140190124512,3.86048,3.3792,1218.7201,0.033698577,1.3065047,3367.8262,32070.263518492186,31.716103,5.2288,1.36832,0.5431201205574284,2447,24.260576,141.38991946430178,66204.12559635338,0.23623854,9.486080000000008,5959.5005,,,,,,,,,,,,,,,,,,,,,,,,,,,,,,,,,,,,,,,,,,,,,,,,,,,,,,,,,,,,,,,,,,,,,,,,,,,,,,,,,,,,,,,,,,,,,,,,,,,,,,,,,,,,,,,,,,,,,,,,,,,,,,,,,,,,,,,,,,,,,,,,,,,,,,,,,,,,
H0_10ft_32kHz_epoch_129,H0,10FT,False,0,False,0.06677080175000001,False,TOO_EARLY,False,,,,,,,,,,,,,,,,,10.932747726141681,2405.4752027166887,1.4795024141978388,1508.7380832217086,11.852547028619057,0.7965222467013884,27.98109077996477,5.052644174060085,1.37728,3.35616,1019.7604740236757,0.17689036800894684,1.2802358297452898,9321442.555660728,32071.94673181914,17.13942386346362,5.125120000000001,3.74784,0.45596868192105805,15,6.026745820570368,185.15346596515883,31988.070271259516,0.00036377551460424154,9.518079999999998,12729.230937272056,11.091234,191.75127,1.8666898,2078.6484,16.135553,0.7966649092895505,28.303558,5.088392734527588,1.92384,3.31136,1113.5479,0.15902868,1.306586,6410.9414,32071.94673181914,18.288998,5.04192,3.11808,0.5351220453051238,2489,8.425396,185.15346596515883,59013.10513329318,0.19166528,7.701760000000002,12882.411,,,,,,,,,,,,,,,,,,,,,,,,,,,,,,,,,,,,,,,,,,,,,,,,,,,,,,,,,,,,,,,,,,,,,,,,,,,,,,,,,,,,,,,,,,,,,,,,,,,,,,,,,,,,,,,,,,,,,,,,,,,,,,,,,,,,,,,,,,,,,,,,,,,,,,,,,,,,
H0_10ft_32kHz_epoch_13,H0,10FT,True,0,False,0.22837848175,True,VALID,False,,,,,,,,,,,,,,,,,15.034740552788367,2179.17029202269,11.286983132197545,1942.1117354344449,35.775999253717174,0.9929167339999221,45.54709202984158,6.421858279153503,6.64576,2.18112,172.06650463516664,0.09453950429894636,1.185118985761081,4085382.932472894,31887.536111785146,21.961343188310583,10.48192,3.83616,0.2062104175706292,26,9.465792310622298,207.45676887083755,31985.97460550509,0.0005769782688644467,16.249600000000004,5428.532468544876,16.323088,181.3949,7.660415,1862.4863,33.643692,0.983514031181933,46.577427,6.497590065002441,6.56768,2.1452799999999996,243.13126,0.095872164,1.2993373,3103.453,31887.536111785146,22.621159,9.6448,3.07712,0.3259089688449086,4123,9.518519,207.45676887083755,65841.16751838085,0.23558198,14.469119999999974,5535.9155,,,,,,,,,,,,,,,,,,,,,,,,,,,,,,,,,,,,,,,,,,,,,,,,,,,,,,,,,,,,,,,,,,,,,,,,,,,,,,,,,,,,,,,,,,,,,,,,,,,,,,,,,,,,,,,,,,,,,,,,,,,,,,,,,,,,,,,,,,,,,,,,,,,,,,,,,,,,
H0_10ft_32kHz_epoch_130,H0,10FT,False,0,False,0.02675672175,False,TOO_EARLY,False,,,,,,,,,,,,,,,,,11.89842867574427,5.5617918290463875,1.722397957384594,3371.1777826971033,29.348001974392705,0.7965343964415449,31.274619448562838,5.309578099118925,3.8054400000000004,3.28064,1957.2583491773041,0.03983470309243693,1.2862776849438038,15031688.712392058,32070.015708489504,30.15248960458024,5.1776,1.37216,0.7547835254026749,14,22.428881292105288,198.70883134535688,31964.560448402375,0.00021381212259337338,8.930560000000032,11486.907305098863,11.932707,5.5860806,1.6260464,3316.6963,28.495792,0.7966911130284199,31.705482,5.356792449951172,3.7657599999999998,3.19104,2039.7303,0.040874872,1.2985092,5162.8843,32070.015708489504,30.000355,5.08544,1.31968,0.7757669481858697,1886,22.217886,198.70883134535688,59985.95207082252,0.1989188,8.948480000000036,11639.249,,,,,,,,,,,,,,,,,,,,,,,,,,,,,,,,,,,,,,,,,,,,,,,,,,,,,,,,,,,,,,,,,,,,,,,,,,,,,,,,,,,,,,,,,,,,,,,,,,,,,,,,,,,,,,,,,,,,,,,,,,,,,,,,,,,,,,,,,,,,,,,,,,,,,,,,,,,,
H0_10ft_32kHz_epoch_131,H0,10FT,True,0,False,0.46508760175,True,VALID,False,,,,,,,,,,,,,,,,,14.793636529799283,199.99296892656676,16.98902449370289,2078.582203531556,31.311882526982593,0.9874317279134392,58.29377422997112,7.207333856356237,7.0784,1.29024,122.3485318006516,0.07740218658646204,1.2510179035467215,1350828.343932879,32024.816758664372,24.134960169517456,10.53824,3.4598400000000002,0.16528006358006989,26,11.471694749638603,154.8556260799487,32072.207175335647,0.0019873957848351768,16.299520000000012,6638.317583557407,14.999592,139.91608,15.403489,2216.8594,32.929394,0.9769871559785408,59.16804,7.273107528686523,7.1372800000000005,1.25312,143.9193,0.076752104,1.2773685,3573.8787,32024.816758664372,24.375334,10.44096,3.30368,0.28984300457362827,4016,11.872362,154.8556260799487,66263.58577316665,0.24117394,15.66592,6732.1597,,,,,,,,,,,,,,,,,,,,,,,,,,,,,,,,,,,,,,,,,,,,,,,,,,,,,,,,,,,,,,,,,,,,,,,,,,,,,,,,,,,,,,,,,,,,,,,,,,,,,,,,,,,,,,,,,,,,,,,,,,,,,,,,,,,,,,,,,,,,,,,,,,,,,,,,,,,,
H0_10ft_32kHz_epoch_132,H0,10FT,True,0,False,0.45155160175000003,True,VALID,False,,,,,,,,,,,,,,,,,15.376071558883364,642.2777794330592,33.17284940029969,2871.0806719358648,36.48343133714892,0.9928436325148374,57.909374204084976,7.250895533356097,7.53408,2.04288,86.54911241681306,0.0827157431724418,1.3391303389643314,2379511.495638242,32073.300556328773,24.172699793652768,11.5008,3.96672,0.12845783625981738,30,11.917140227596173,206.32211936972453,32026.957142647996,0.0008240543401636915,17.83424,7869.546713969245,15.997812,184.70554,31.3366,2954.0132,37.03413,0.9796917910905111,58.747414,7.311859130859375,7.54048,1.9788800000000002,94.26719,0.08270745,1.4027115,3217.0315,32073.300556328773,24.583628,11.40864,3.86816,0.14827412251609337,4278,12.082966,206.32211936972453,67017.57484371992,0.24153458,17.154559999999986,7976.4614,,,,,,,,,,,,,,,,,,,,,,,,,,,,,,,,,,,,,,,,,,,,,,,,,,,,,,,,,,,,,,,,,,,,,,,,,,,,,,,,,,,,,,,,,,,,,,,,,,,,,,,,,,,,,,,,,,,,,,,,,,,,,,,,,,,,,,,,,,,,,,,,,,,,,,,,,,,,
H0_10ft_32kHz_epoch_133,H0,10FT,True,0,False,0.10194904175000001,True,VALID,False,,,,,,,,,,,,,,,,,15.862020711555294,1863.0875235979818,4.562153974023309,2142.840063184014,41.08557009202544,0.9931302289104869,69.04050540008885,7.7704273798819266,1.94688,3.0924799999999997,469.6991980947572,0.12067920851526358,1.2255570435409688,5537290.309056756,32028.821325067875,20.131283841336888,5.213439999999999,3.26656,0.412306098056892,15,10.802534289650296,194.93782592173739,31971.835854982688,0.0004437116153500623,9.747199999999998,5215.553924125517,16.20151,163.6303,4.174451,2197.1064,41.311417,0.976406595086564,70.3007,7.864605903625488,1.9929599999999998,2.97472,526.32227,0.118967,1.2640693,2886.3206,32028.821325067875,20.481407,5.12,3.12704,0.5130002672631331,2065,11.115664,194.93782592173739,67828.41839819554,0.24688527,7.715840000000002,5318.4004,,,,,,,,,,,,,,,,,,,,,,,,,,,,,,,,,,,,,,,,,,,,,,,,,,,,,,,,,,,,,,,,,,,,,,,,,,,,,,,,,,,,,,,,,,,,,,,,,,,,,,,,,,,,,,,,,,,,,,,,,,,,,,,,,,,,,,,,,,,,,,,,,,,,,,,,,,,,
H0_10ft_32kHz_epoch_134,H0,10FT,True,0,False,0.21390808175,True,VALID,False,,,,,,,,,,,,,,,,,15.277263767213327,2239.9355556459377,8.273190716305187,2258.822588248254,42.26719782125145,0.9929456886449542,59.96367390314057,7.168292771120689,8.00128,3.0924799999999997,273.029193415744,0.09093310689357686,1.1948398740725894,15543861.523886496,32057.43605180868,22.361175197461023,11.74272,3.74144,0.24349600778535627,25,9.97089669015655,101.93996401412005,31941.06672159546,0.00014263448350251246,17.708799999999997,5344.150321487606,15.566491,170.79494,2.496326,2105.728,38.71847,0.9831967194056442,61.035767,7.248586177825928,2.0096,2.96576,843.5309,0.08160182,1.2281677,2816.8171,32057.43605180868,23.522375,5.137919999999999,3.12832,0.536828992090068,2346,14.196101,101.93996401412005,66737.10515981462,0.24217406,7.746560000000013,5438.562,,,,,,,,,,,,,,,,,,,,,,,,,,,,,,,,,,,,,,,,,,,,,,,,,,,,,,,,,,,,,,,,,,,,,,,,,,,,,,,,,,,,,,,,,,,,,,,,,,,,,,,,,,,,,,,,,,,,,,,,,,,,,,,,,,,,,,,,,,,,,,,,,,,,,,,,,,,,
H0_10ft_32kHz_epoch_135,H0,10FT,True,0,False,0.19312472175,True,VALID,False,,,,,,,,,,,,,,,,,13.887700946500285,2113.0185990069435,3.5675093102080453,3428.251708291681,47.875021829645796,0.993898084013984,52.88727400601512,6.93705939723602,1.87264,3.104,960.9650347601755,0.09192510642412155,1.2572944880436956,24205645.20308301,32059.22447222998,22.687242334744703,5.13664,3.264,0.41897768166528054,17,15.272797841023877,194.93782592173739,31961.81006414339,0.00010461158788022203,10.92095999999998,7160.83581223298,14.238442,180.0909,3.265359,3440.7656,47.405796,0.9845279987441118,53.660774,6.9979376792907715,1.93536,2.97472,1053.7174,0.0908954,1.2977744,3231.0227,32059.22447222998,22.977564,5.0688,3.13344,0.7044675704938245,2297,15.448894,194.93782592173739,65826.20579835356,0.23450808,7.709440000000011,7258.112,,,,,,,,,,,,,,,,,,,,,,,,,,,,,,,,,,,,,,,,,,,,,,,,,,,,,,,,,,,,,,,,,,,,,,,,,,,,,,,,,,,,,,,,,,,,,,,,,,,,,,,,,,,,,,,,,,,,,,,,,,,,,,,,,,,,,,,,,,,,,,,,,,,,,,,,,,,,
H0_10ft_32kHz_epoch_136,H0,10FT,True,0,False,0.34514648175,True,VALID,False,,,,,,,,,,,,,,,,,14.431503807714614,1020.6977647763214,10.049514075467503,2679.806296716333,31.538638906937422,0.993442236939894,55.70962159037839,7.110153542399103,3.2332799999999997,3.29344,266.66028591941284,0.09982302377444986,1.38070654790558,19198991.900488004,32070.263518492186,22.81712596090007,6.64704,3.41376,0.24640163552061128,23,12.37708688653483,176.73739933037723,31956.695600310464,0.00014023001432857208,15.212800000000026,8496.899008938637,14.820633,187.26982,8.550068,2602.7285,30.269491,0.984764456342755,56.458126,7.167453765869141,2.5728,2.7136,304.41028,0.10076856,1.4263893,3844.1577,32070.263518492186,22.950594,5.999359999999999,3.42656,0.2620751288232984,2929,12.61112,176.73739933037723,64867.68835095649,0.22851282,15.166719999999966,8598.5205,,,,,,,,,,,,,,,,,,,,,,,,,,,,,,,,,,,,,,,,,,,,,,,,,,,,,,,,,,,,,,,,,,,,,,,,,,,,,,,,,,,,,,,,,,,,,,,,,,,,,,,,,,,,,,,,,,,,,,,,,,,,,,,,,,,,,,,,,,,,,,,,,,,,,,,,,,,,
H0_10ft_32kHz_epoch_137,H0,10FT,True,0,False,0.35321176175,True,VALID,False,,,,,,,,,,,,,,,,,14.027551159001055,2946.038036128354,2.395682988246663,4500.062434459103,54.9772823709546,0.9940995364371509,56.371780224352605,7.137729798896563,2.97856,3.4073599999999997,1878.4048041983804,0.05430916486099032,1.3577640153918005,12412438.46889919,32071.74341517908,27.944566850007693,5.11744,2.1388800000000003,0.7639284011607114,16,21.045960766555186,175.26520128743505,31958.270219651677,0.0001900512335873792,8.119039999999966,8185.312624395027,14.180317,200.2719,2.194507,4400.99,53.154545,0.9861512507098026,57.047897,7.18984842300415,2.92864,2.99008,2005.4575,0.055216406,1.3804348,3710.2773,32071.74341517908,27.884104,5.0176,2.08896,0.7689008548068442,2448,20.88633,175.26520128743505,63498.164203659726,0.22071756,8.184319999999968,8279.612,,,,,,,,,,,,,,,,,,,,,,,,,,,,,,,,,,,,,,,,,,,,,,,,,,,,,,,,,,,,,,,,,,,,,,,,,,,,,,,,,,,,,,,,,,,,,,,,,,,,,,,,,,,,,,,,,,,,,,,,,,,,,,,,,,,,,,,,,,,,,,,,,,,,,,,,,,,,
H0_10ft_32kHz_epoch_138,H0,10FT,True,0,False,0.15700184174999998,True,VALID,False,,,,,,,,,,,,,,,,,14.246607836889314,1866.598516545277,21.39951240305097,2594.9097160905744,31.94732787714371,0.9935670815306429,53.08376521829548,6.876293742706337,8.019200000000001,1.82272,121.26022627125248,0.14470612904560423,1.3736627575913347,6035939.989854852,32071.74341517908,19.536402516178665,11.39072,3.37152,0.12988933093838015,28,6.66080891402869,194.93782592173739,31949.448219094334,0.0003857030186573805,17.529600000000006,8122.462467188175,14.514906,182.77238,20.975948,2533.3977,30.812899,0.983374700613965,53.977657,6.945455551147461,7.994879999999999,1.80864,120.77631,0.14631648,1.4080706,3227.2568,32071.74341517908,19.605267,11.4496,3.45472,0.13648663212705447,4430,6.450147,194.93782592173739,64433.2993039462,0.22379814,17.387519999999988,8221.874,,,,,,,,,,,,,,,,,,,,,,,,,,,,,,,,,,,,,,,,,,,,,,,,,,,,,,,,,,,,,,,,,,,,,,,,,,,,,,,,,,,,,,,,,,,,,,,,,,,,,,,,,,,,,,,,,,,,,,,,,,,,,,,,,,,,,,,,,,,,,,,,,,,,,,,,,,,,
H0_10ft_32kHz_epoch_139,H0,10FT,True,0,False,0.27110744175,True,VALID,False,,,,,,,,,,,,,,,,,16.48530300078512,2545.579645680183,7.250900131895441,3303.056161642141,34.674317168938565,0.9936746300081655,58.09840502940611,7.262448981929405,3.25632,3.39712,455.53739557270274,0.11440049369439538,1.5796233804908995,17161308.59307524,32074.806557200085,22.799923454677934,6.6265600000000004,3.37024,0.23704870032470776,22,12.103758377179306,204.81611849841283,31959.504888220647,0.0001527316690710516,14.40384,9525.94436265064,16.537066,213.96841,7.784235,3584.1829,37.22081,0.9838632191520867,58.92079,7.320413589477539,3.3945600000000002,2.81088,460.44125,0.11221501,1.5931743,3501.6555,32074.806557200085,23.0143,6.632960000000001,3.2384,0.24117569923038734,3560,12.629828,204.81611849841283,65536.54619969224,0.23103245,14.673920000000006,9629.514,,,,,,,,,,,,,,,,,,,,,,,,,,,,,,,,,,,,,,,,,,,,,,,,,,,,,,,,,,,,,,,,,,,,,,,,,,,,,,,,,,,,,,,,,,,,,,,,,,,,,,,,,,,,,,,,,,,,,,,,,,,,,,,,,,,,,,,,,,,,,,,,,,,,,,,,,,,,
H0_10ft_32kHz_epoch_14,H0,10FT,True,0,False,0.36769880175,True,VALID,False,,,,,,,,,,,,,,,,,14.372879974582874,1604.0184399262157,31.064994214165967,1799.1569564511515,44.97093757356252,0.9923032547759052,33.52647282324478,5.573529293592934,2.62656,2.57664,57.91589543022062,0.0603439951162012,0.9726064645094732,10075358.081829868,32021.667643382672,24.136350781726716,11.84128,9.21472,0.15737733357770053,36,12.504439232230114,25.037885898207605,31967.37434747569,0.0002792175066566512,23.074560000000023,4000.710355455861,15.168743,137.40279,3.2154598,1409.1711,34.296646,0.9783083033092654,34.560543,5.6504364013671875,2.5817599999999996,1.58848,438.24872,0.061641406,1.0402327,3081.6191,32021.667643382672,24.392273,7.24352,4.66176,0.4505470597187473,2866,13.390867,25.037885898207605,68457.66369794702,0.252498,10.945280000000002,4108.7725,,,,,,,,,,,,,,,,,,,,,,,,,,,,,,,,,,,,,,,,,,,,,,,,,,,,,,,,,,,,,,,,,,,,,,,,,,,,,,,,,,,,,,,,,,,,,,,,,,,,,,,,,,,,,,,,,,,,,,,,,,,,,,,,,,,,,,,,,,,,,,,,,,,,,,,,,,,,
H0_10ft_32kHz_epoch_140,H0,10FT,True,0,False,0.19266392175,True,VALID,False,,,,,,,,,,,,,,,,,16.36574618441557,2033.153203570501,14.904904019212937,3339.3786953131457,46.31044082031332,0.9935847815921184,69.01293327604138,7.821198540392191,8.18816,3.45728,224.04563565166745,0.10905002853488999,1.3643688300268744,18349783.147316713,32026.614529318103,21.942027431112706,11.92704,3.73888,0.20957307089643246,33,10.021216193682916,189.75610978529585,31946.148509048526,0.00011355919615464167,20.816639999999996,7210.854909090685,16.042812,174.91576,2.3721542,2929.5295,40.012783,0.9783998606299414,70.13263,7.897482872009277,1.99808,3.42656,1234.9658,0.097926676,1.3476671,3035.388,32026.614529318103,22.761436,5.13152,3.13344,0.6028952899018324,2248,14.048296,189.75610978529585,66954.69601924531,0.2403425,10.033919999999974,7321.484,,,,,,,,,,,,,,,,,,,,,,,,,,,,,,,,,,,,,,,,,,,,,,,,,,,,,,,,,,,,,,,,,,,,,,,,,,,,,,,,,,,,,,,,,,,,,,,,,,,,,,,,,,,,,,,,,,,,,,,,,,,,,,,,,,,,,,,,,,,,,,,,,,,,,,,,,,,,
H0_10ft_32kHz_epoch_141,H0,10FT,True,0,False,0.17865688175,True,VALID,False,,,,,,,,,,,,,,,,,16.20004939896934,1875.4288647383487,3.800260764843005,1736.2944381894406,32.763976188708035,0.9930837936654455,68.4856646000994,7.768303276686109,1.4092799999999999,3.15264,456.8882362631212,0.10029290415186252,1.2240221957995412,5242896.561695328,32075.31315847305,21.681971694078666,5.16736,3.75808,0.38965263687501267,19,11.546034084148033,191.88631927298047,31987.347030097546,0.00039728547824385564,9.349119999999989,5299.400866943049,16.49532,167.9926,4.1431866,2269.0664,42.012463,0.9793860063554131,69.58165,7.844473361968994,1.9456,2.99264,547.6621,0.0891649,1.2582148,2974.3115,32075.31315847305,22.973907,5.06624,3.12064,0.5284223449504016,1795,13.810257,191.88631927298047,68253.04940939236,0.25071362,7.704320000000014,5400.9365,,,,,,,,,,,,,,,,,,,,,,,,,,,,,,,,,,,,,,,,,,,,,,,,,,,,,,,,,,,,,,,,,,,,,,,,,,,,,,,,,,,,,,,,,,,,,,,,,,,,,,,,,,,,,,,,,,,,,,,,,,,,,,,,,,,,,,,,,,,,,,,,,,,,,,,,,,,,
H0_10ft_32kHz_epoch_142,H0,10FT,True,0,False,0.13436376175,True,VALID,False,,,,,,,,,,,,,,,,,15.723422341316182,2167.2452823048584,2.925850891670283,2273.425532057378,35.51839827331948,0.9917822916945734,64.78697693223127,7.536527407349568,1.40288,3.104,777.0134624868914,0.12096607360490588,1.2688325923900299,10249882.134557152,32071.605379140266,20.377910258323407,5.14944,3.74656,0.4806223758421092,20,11.094193218803465,36.56242496754567,31973.983069640748,0.00028755303588426265,9.564159999999989,6400.698349522936,16.043903,176.80426,3.0323796,2785.258,42.81806,0.9765422664803067,65.87348,7.615506172180176,1.94048,2.97216,918.50574,0.10809253,1.3051873,3563.0034,32071.605379140266,21.577972,5.07008,3.1296000000000004,0.6103514068558793,2417,13.02984,36.56242496754567,66906.12782298708,0.24382198,7.703039999999994,6504.867,,,,,,,,,,,,,,,,,,,,,,,,,,,,,,,,,,,,,,,,,,,,,,,,,,,,,,,,,,,,,,,,,,,,,,,,,,,,,,,,,,,,,,,,,,,,,,,,,,,,,,,,,,,,,,,,,,,,,,,,,,,,,,,,,,,,,,,,,,,,,,,,,,,,,,,,,,,,
H0_10ft_32kHz_epoch_143,H0,10FT,True,0,False,0.38393176175000004,True,VALID,False,,,,,,,,,,,,,,,,,15.926236071454888,1870.6690743632844,3.962121741183369,3529.497725871565,70.01664570001398,0.9936911642575142,62.56022291848289,7.438594960928497,3.87712,3.96672,890.8100145395864,0.02826008080449383,1.1736227505107848,8972829.64008739,32075.31315847305,32.351370234426604,5.255680000000001,1.37856,0.4793945713261871,18,25.545272848003684,191.8863192729841,31970.711726359787,0.00025294116133625134,8.924160000000015,5040.940894246223,15.765111,158.11148,3.8186944,3496.1133,67.888115,0.9800591256495211,63.584015,7.513283729553223,3.8515200000000003,2.97728,915.5258,0.0310168,1.1742283,2656.8416,32075.31315847305,31.4696,5.21472,1.3632,0.5200530124391113,2459,24.731504,191.8863192729841,67373.76500666332,0.24570586,8.912639999999971,5149.8164,,,,,,,,,,,,,,,,,,,,,,,,,,,,,,,,,,,,,,,,,,,,,,,,,,,,,,,,,,,,,,,,,,,,,,,,,,,,,,,,,,,,,,,,,,,,,,,,,,,,,,,,,,,,,,,,,,,,,,,,,,,,,,,,,,,,,,,,,,,,,,,,,,,,,,,,,,,,
H0_10ft_32kHz_epoch_144,H0,10FT,True,0,False,0.45739608175,True,VALID,False,,,,,,,,,,,,,,,,,17.629519797094936,512.7374168574391,3.13020176998741,3669.5102751960003,64.5107022350308,0.9913695859314517,71.11229352513966,7.780921210397524,3.83232,3.15776,1172.2919303091592,0.02912276057223818,1.3411341393753153,8093155.496115488,32073.19504979103,33.25761785918975,5.22112,1.3888,0.4884430091516538,15,25.48112084885634,96.96990969653416,31981.228321026392,0.00023846327191853986,12.683520000000003,5688.219393158779,17.472385,173.10512,3.056041,3656.5918,62.97551,0.9763233843232884,72.28051,7.86547327041626,3.8400000000000003,3.04256,1196.5127,0.03122421,1.3429141,3161.5212,32073.19504979103,32.57939,5.1968,1.3568,0.5012756121073965,2545,24.882002,96.96990969653416,67425.82998353784,0.245421,11.905279999999962,5806.371,,,,,,,,,,,,,,,,,,,,,,,,,,,,,,,,,,,,,,,,,,,,,,,,,,,,,,,,,,,,,,,,,,,,,,,,,,,,,,,,,,,,,,,,,,,,,,,,,,,,,,,,,,,,,,,,,,,,,,,,,,,,,,,,,,,,,,,,,,,,,,,,,,,,,,,,,,,,
H0_10ft_32kHz_epoch_145,H0,10FT,True,0,False,0.45653464175,True,VALID,False,,,,,,,,,,,,,,,,,16.396634048657788,464.75923099628073,2.8753262990671953,3072.399893359974,62.90168728630069,0.9908439284213747,60.532250215096646,7.179579557869218,3.9436799999999996,3.33952,1068.5395582255917,0.027362512698053565,1.1893837348042953,7430163.239681244,32073.629945146095,32.72456368416868,5.32992,1.38624,0.479075240899488,16,25.168782587016565,158.22205273386135,31988.128641305004,0.000335271523903059,8.880639999999996,4884.447501981472,16.406391,151.80562,2.7611196,3048.4248,60.98963,0.974304688288485,61.734505,7.268932342529297,3.8873599999999997,2.9824,1104.0538,0.02945397,1.2038777,3059.8394,32073.629945146095,32.207233,5.23648,1.34912,0.5022064871097306,2540,24.570417,158.22205273386135,68392.59038319676,0.25393388,8.911360000000034,4998.2676,,,,,,,,,,,,,,,,,,,,,,,,,,,,,,,,,,,,,,,,,,,,,,,,,,,,,,,,,,,,,,,,,,,,,,,,,,,,,,,,,,,,,,,,,,,,,,,,,,,,,,,,,,,,,,,,,,,,,,,,,,,,,,,,,,,,,,,,,,,,,,,,,,,,,,,,,,,,
H0_10ft_32kHz_epoch_146,H0,10FT,False,0,False,0.049714801749999996,False,TOO_EARLY,False,,,,,,,,,,,,,,,,,15.475987572844367,6.125133437022056,1.8065536125561352,2248.761668090563,38.54160689615154,0.9933843763703608,63.399390968819276,7.37505510799642,2.3603199999999998,3.37664,1244.7799237513668,0.16472703200788905,1.2647071565645305,8304943.96379288,32069.954994757783,17.692830690801404,5.152,2.79168,0.5180469800718938,13,8.364521981597186,35.76840842600723,31990.783319359267,0.00028476932729804726,9.318400000000004,5834.633916924382,15.527746,6.171992,2.2266002,2988.6719,50.30189,0.974551990013259,64.338806,7.450191497802734,3.00416,2.9798400000000003,1342.258,0.13344075,1.280502,3655.385,32069.954994757783,19.58334,5.08544,2.08128,0.5468227398283817,2540,11.4897175,35.76840842600723,66171.18282191358,0.23685488,9.95584,5941.47,,,,,,,,,,,,,,,,,,,,,,,,,,,,,,,,,,,,,,,,,,,,,,,,,,,,,,,,,,,,,,,,,,,,,,,,,,,,,,,,,,,,,,,,,,,,,,,,,,,,,,,,,,,,,,,,,,,,,,,,,,,,,,,,,,,,,,,,,,,,,,,,,,,,,,,,,,,,
H0_10ft_32kHz_epoch_147,H0,10FT,False,0,False,0.07076312175,False,TOO_EARLY,False,,,,,,,,,,,,,,,,,12.940082178412274,146.52903453104858,23.14121601259672,3110.11587834148,34.04974924753084,0.7992199272194896,35.34569486779743,5.656100636705551,3.9398400000000002,3.40224,134.39725365539138,0.04707240364198807,1.2835947396225402,1288397745.8631902,32071.94673181914,28.71060693367817,5.3312,1.39136,0.3167297916341017,5,20.502487688602677,85.84387967475413,31960.39068774886,2.966230804650698e-06,9.382400000000013,9134.034602522013,40.511093,13.647416,38.59723,101540.81,79.235535,0.8147505850970781,108.893196,9.394598960876465,5.22112,,2630.7798,1e-10,15.051988,3221.9744,3.366426653911949,207.6227,,,0.06081991348623434,1245,97.1337,132.973852829522,39534.86931687586,0.23358883,78.42048,128150.6,,,,,,,,,,,,,,,,,,,,,,,,,,,,,,,,,,,,,,,,,,,,,,,,,,,,,,,,,,,,,,,,,,,,,,,,,,,,,,,,,,,,,,,,,,,,,,,,,,,,,,,,,,,,,,,,,,,,,,,,,,,,,,,,,,,,,,,,,,,,,,,,,,,,,,,,,,,,
H0_10ft_32kHz_epoch_148,H0,10FT,False,0,False,0.08537560175,False,TOO_EARLY,False,,,,,,,,,,,,,,,,,15.186814248097363,1989.8345839068825,1.435366926518428,2926.0076518280307,50.4118736832609,0.9929252160690195,50.169694121613524,6.6279975599583265,3.72608,3.4291199999999997,2038.5084801452833,0.07136292929159946,1.2378350841206645,7833793.932774513,32071.74341517908,24.773325652167575,5.1417600000000006,1.41568,0.5526082073908161,13,16.78771386979857,92.99786190761733,31983.072188494596,0.0003639005406857503,14.133759999999995,5804.203331564627,14.983341,167.3412,1.3105834,2570.7354,43.526783,0.9777000122311758,50.821033,6.686316013336182,2.65088,3.52,1961.5199,0.07365053,1.2319243,3597.195,32071.74341517908,24.409292,4.02304,1.37216,0.58714555555233,1916,17.011665,92.99786190761733,65847.04055546633,0.2357444,11.865600000000004,5906.1,,,,,,,,,,,,,,,,,,,,,,,,,,,,,,,,,,,,,,,,,,,,,,,,,,,,,,,,,,,,,,,,,,,,,,,,,,,,,,,,,,,,,,,,,,,,,,,,,,,,,,,,,,,,,,,,,,,,,,,,,,,,,,,,,,,,,,,,,,,,,,,,,,,,,,,,,,,,
H0_10ft_32kHz_epoch_149,H0,10FT,True,0,False,0.10927320175,True,VALID,False,,,,,,,,,,,,,,,,,15.815834260448057,2214.1183665103463,3.0252424085904006,2999.74155274637,60.26179065082923,0.9917875509417574,58.46649091647268,6.973722580392335,3.77216,3.1808,991.5706404974617,0.058740622344183265,1.2329714761439103,6215609.976487104,32073.420643951416,26.414387830601566,5.17632,1.40416,0.5303902181199304,16,18.550694605377032,22.89187222550754,32003.730254143025,0.00045292092157364687,10.691839999999994,4977.850011340531,15.690709,170.78479,2.9768012,3009.5654,59.298073,0.9792655134372833,59.605057,7.068512916564941,3.76704,2.9798400000000003,1011.00653,0.059953917,1.2351345,3673.4077,32073.420643951416,26.236168,5.10976,1.34272,0.5831703110656932,2474,18.441446,22.89187222550754,66161.30791225689,0.23845667,10.716160000000002,5075.3174,,,,,,,,,,,,,,,,,,,,,,,,,,,,,,,,,,,,,,,,,,,,,,,,,,,,,,,,,,,,,,,,,,,,,,,,,,,,,,,,,,,,,,,,,,,,,,,,,,,,,,,,,,,,,,,,,,,,,,,,,,,,,,,,,,,,,,,,,,,,,,,,,,,,,,,,,,,,
H0_10ft_32kHz_epoch_15,H0,10FT,True,0,False,0.27302488175,True,VALID,False,,,,,,,,,,,,,,,,,15.004393855663242,1316.2554750508182,1.9659808036409945,1922.3625387701366,61.12078464554907,0.9910368432071831,36.658273200372435,5.677535498709022,7.98336,1.4784,977.813483839581,0.022543060638347392,0.8733759139962212,7040386.40574119,31969.270718874825,31.74165225149252,8.62464,0.6412800000000001,0.6688158215049538,24,22.72027453990535,100.99279961736102,31950.188435639575,0.0002813125562484123,18.201599999999985,3145.1862896038024,16.377209,129.16805,0.74414533,820.41125,25.187925,0.9772039903683429,38.965683,5.828404903411865,1.1238400000000002,1.05472,1102.4879,0.050163407,0.9701058,2330.8757,31969.270718874825,25.628473,5.12128,3.9974399999999997,0.7069014341955095,2597,14.32987,100.99279961736102,69884.6555129775,0.26297927,7.848960000000016,3257.161,,,,,,,,,,,,,,,,,,,,,,,,,,,,,,,,,,,,,,,,,,,,,,,,,,,,,,,,,,,,,,,,,,,,,,,,,,,,,,,,,,,,,,,,,,,,,,,,,,,,,,,,,,,,,,,,,,,,,,,,,,,,,,,,,,,,,,,,,,,,,,,,,,,,,,,,,,,,
H0_10ft_32kHz_epoch_150,H0,10FT,True,0,False,0.19950296174999999,True,VALID,False,,,,,,,,,,,,,,,,,16.028381370980515,1814.0796698176387,1.5478012245306942,3154.8064711589695,52.89259186905401,0.9937565059347415,61.468425527743435,7.408768036125425,3.70816,3.44832,2038.2504039660373,0.04625245662246547,1.248596662868152,7994419.796279766,32074.784720441792,28.610662253566836,5.1072,1.39904,0.6594353459804363,14,20.910746416056778,42.92110757059709,31988.52066459735,0.0003020380609005896,8.012799999999986,5964.552614417647,15.766903,163.33319,1.4921594,3107.7068,51.12935,0.9790709165473351,62.254967,7.471972942352295,3.6224,3.4943999999999997,2082.691,0.048934862,1.2398664,3576.2073,32074.784720441792,28.019375,4.99328,1.37088,0.7055122355083329,2302,20.446613,42.92110757059709,67711.75407376768,0.24599397,7.962879999999978,6078.127,,,,,,,,,,,,,,,,,,,,,,,,,,,,,,,,,,,,,,,,,,,,,,,,,,,,,,,,,,,,,,,,,,,,,,,,,,,,,,,,,,,,,,,,,,,,,,,,,,,,,,,,,,,,,,,,,,,,,,,,,,,,,,,,,,,,,,,,,,,,,,,,,,,,,,,,,,,,
H0_10ft_32kHz_epoch_151,H0,10FT,True,0,False,0.15648344174999998,True,VALID,False,,,,,,,,,,,,,,,,,14.48413169402497,2111.216955244212,1.9631726764637758,3241.613253751944,49.50553360052897,0.9930734954839091,52.51304115421668,6.763300490907312,3.0656,3.34976,1651.2114765119904,0.0768001766423773,1.2539233486389747,7944567.9410236785,32069.954994757783,24.25634104368291,5.19936,2.13376,0.5557693662179244,15,16.544298806638647,32.19156758340614,31989.46761002782,0.00036917313471217483,8.190720000000013,6547.981645666491,14.499371,172.31558,1.924876,3257.4421,48.99434,0.982173371503769,53.36783,6.833120346069336,3.07584,3.34336,1692.2867,0.07721023,1.2648515,4062.4077,32069.954994757783,24.252628,5.13664,2.0608,0.5831513175398759,2547,16.566145,32.19156758340614,65766.88715500224,0.2357834,8.226559999999994,6648.6094,,,,,,,,,,,,,,,,,,,,,,,,,,,,,,,,,,,,,,,,,,,,,,,,,,,,,,,,,,,,,,,,,,,,,,,,,,,,,,,,,,,,,,,,,,,,,,,,,,,,,,,,,,,,,,,,,,,,,,,,,,,,,,,,,,,,,,,,,,,,,,,,,,,,,,,,,,,,
H0_10ft_32kHz_epoch_152,H0,10FT,True,0,False,0.26624216175000004,True,VALID,False,,,,,,,,,,,,,,,,,16.096335384662947,1739.4928401231516,1.847625792947651,3335.1907279661846,56.92164373707678,0.9933204131255463,61.68022633298105,7.307295470559593,3.7785599999999997,3.29344,1805.1224120686954,0.03823593266917691,1.2427741151877463,6470856.566762218,32073.19504979103,30.229512190744696,5.18144,1.40288,0.6139324973579017,12,22.736272839988743,33.38308366601996,31998.968663372103,0.0004582137526817018,8.02303999999998,5859.266368644411,16.022776,165.35094,1.7914404,3323.8481,55.689518,0.9812159397204169,62.653625,7.382654190063477,3.7619200000000004,3.31904,1855.4054,0.03924835,1.2485763,3490.8384,32073.19504979103,30.032156,5.10208,1.34016,0.6456149653941825,2483,22.562826,33.38308366601996,67883.64520052029,0.24831435,7.9820800000000025,5968.5347,,,,,,,,,,,,,,,,,,,,,,,,,,,,,,,,,,,,,,,,,,,,,,,,,,,,,,,,,,,,,,,,,,,,,,,,,,,,,,,,,,,,,,,,,,,,,,,,,,,,,,,,,,,,,,,,,,,,,,,,,,,,,,,,,,,,,,,,,,,,,,,,,,,,,,,,,,,,
H0_10ft_32kHz_epoch_153,H0,10FT,True,0,False,0.28890328175,True,VALID,False,,,,,,,,,,,,,,,,,14.572861249304779,2013.1642559049517,1.4818051834339356,2810.2050007002485,51.14309642556027,0.9931940596466826,47.63155150803864,6.516500268845385,3.85536,3.81312,1896.4739981457824,0.037519526130433016,1.155700016436792,4684099.794334265,32075.32025602168,29.740239938438727,5.2748800000000005,1.4195200000000001,0.6989553304623645,13,22.086189770496055,94.78628232891788,32001.43866712118,0.0004407985718481173,11.923200000000023,5494.788538645686,14.462416,169.28473,1.4625446,2830.2036,50.604393,0.9847668864558096,48.234863,6.571506023406982,3.90144,3.88992,1935.1229,0.038057107,1.1571254,3413.3494,32075.32025602168,29.643251,5.24288,1.34144,0.748806825738711,2574,22.018473,94.78628232891788,65819.0733233627,0.23724046,11.892479999999983,5592.8022,,,,,,,,,,,,,,,,,,,,,,,,,,,,,,,,,,,,,,,,,,,,,,,,,,,,,,,,,,,,,,,,,,,,,,,,,,,,,,,,,,,,,,,,,,,,,,,,,,,,,,,,,,,,,,,,,,,,,,,,,,,,,,,,,,,,,,,,,,,,,,,,,,,,,,,,,,,,
H0_10ft_32kHz_epoch_154,H0,10FT,True,0,False,0.42406616175,True,VALID,False,,,,,,,,,,,,,,,,,15.735639506175076,1718.2644605266757,2.4856995830152435,2669.2481339666556,49.484473732692386,0.9923388749493126,66.76230013690255,7.454266683036311,3.11296,3.2896,1073.84180783766,0.045345028514191345,1.236429024181854,4063574.1728777112,32073.53183560038,28.705901603762605,5.22496,2.112,0.39523027758563667,15,20.25115958155943,91.20944148631679,32016.410948633664,0.0007030267592163847,13.730560000000002,5394.112400559172,15.780762,164.49866,2.8882794,3408.7456,62.01285,0.9779697312468421,68.08791,7.555150985717773,3.89888,3.31264,1180.1993,0.030148137,1.2517262,3649.5354,32073.53183560038,32.28869,5.19808,1.2992,0.4365231651847958,2542,24.881193,91.20944148631679,67263.80899339772,0.24464467,8.04351999999997,5496.8374,,,,,,,,,,,,,,,,,,,,,,,,,,,,,,,,,,,,,,,,,,,,,,,,,,,,,,,,,,,,,,,,,,,,,,,,,,,,,,,,,,,,,,,,,,,,,,,,,,,,,,,,,,,,,,,,,,,,,,,,,,,,,,,,,,,,,,,,,,,,,,,,,,,,,,,,,,,,
H0_10ft_32kHz_epoch_155,H0,10FT,True,0,False,0.46265176175,True,VALID,False,,,,,,,,,,,,,,,,,15.368851134060177,235.34205448161944,1.596817250258536,3084.758407717212,52.174206795004366,0.9880925395360489,57.53561513596753,7.046424265794138,3.8208,3.37664,1931.816810732479,0.030127565822688183,1.2265453849162646,979352.9909537834,32073.629945146095,32.164803804284155,5.23648,1.41568,0.5780078660829258,14,24.42707665129366,25.248199904341163,32205.015488150773,0.0027648268540712852,9.483520000000023,5912.420326460091,15.4176235,141.12964,1.5714749,3073.6765,51.072266,0.975164465267006,58.531975,7.127440929412842,3.83616,3.36768,1955.9183,0.032038238,1.2414051,3968.419,32073.629945146095,31.660805,5.213439999999999,1.37728,0.6020039446261982,2563,23.889755,25.248199904341163,67512.342017354,0.24728443,9.450239999999999,6018.289,,,,,,,,,,,,,,,,,,,,,,,,,,,,,,,,,,,,,,,,,,,,,,,,,,,,,,,,,,,,,,,,,,,,,,,,,,,,,,,,,,,,,,,,,,,,,,,,,,,,,,,,,,,,,,,,,,,,,,,,,,,,,,,,,,,,,,,,,,,,,,,,,,,,,,,,,,,,
H0_10ft_32kHz_epoch_156,H0,10FT,True,0,False,0.44309080175000004,True,VALID,False,,,,,,,,,,,,,,,,,15.867724618893835,1205.0834321072132,2.3992807660903477,3047.7578630324597,50.892254807025616,0.9929007130211646,65.57288310429679,7.511836514187978,3.03744,3.392,1270.2797880543892,0.046151894193851344,1.2385758395606048,3228920.4021518514,32074.784720441792,28.570626089041063,5.19168,2.15424,0.5349357831271506,17,20.700209410889727,33.38308366601996,32029.50435751049,0.000740099666532723,8.170240000000051,5988.647731543758,15.942852,164.13832,2.314447,3000.5503,49.18457,0.977485667352131,66.76918,7.60113525390625,2.9798400000000003,3.3855999999999997,1296.4437,0.047866527,1.2560173,3508.636,32074.784720441792,28.327183,5.125120000000001,2.1452799999999996,0.5521252986241673,2462,20.379162,33.38308366601996,68170.81726339801,0.24675207,8.136960000000027,6100.593,,,,,,,,,,,,,,,,,,,,,,,,,,,,,,,,,,,,,,,,,,,,,,,,,,,,,,,,,,,,,,,,,,,,,,,,,,,,,,,,,,,,,,,,,,,,,,,,,,,,,,,,,,,,,,,,,,,,,,,,,,,,,,,,,,,,,,,,,,,,,,,,,,,,,,,,,,,,
H0_10ft_32kHz_epoch_157,H0,10FT,True,0,False,0.41877976175000003,True,VALID,False,,,,,,,,,,,,,,,,,15.486285380651486,1873.8343749203798,2.2286245656199397,3691.0337278732427,59.652628565830966,0.9932326339234945,64.60055098700394,7.430683602982844,3.7888,3.37536,1656.19359348948,0.03103748182596611,1.264346295292265,27705472.808007304,32071.94673181914,32.19796015002996,5.205760000000001,1.41696,0.5667940242959494,15,24.97072838724612,33.664266539122764,31971.27414897183,8.320074296382558e-05,10.676479999999987,6187.54582423784,15.481854,169.26445,2.21823,3716.9866,59.060043,0.9796911443280296,65.76608,7.517223358154297,3.86304,3.35232,1675.6542,0.032128878,1.2747681,3677.7563,32071.94673181914,31.934053,5.21472,1.35168,0.5895900605319291,2665,24.696619,33.664266539122764,66685.87340720644,0.2395165,10.69312,6293.5723,,,,,,,,,,,,,,,,,,,,,,,,,,,,,,,,,,,,,,,,,,,,,,,,,,,,,,,,,,,,,,,,,,,,,,,,,,,,,,,,,,,,,,,,,,,,,,,,,,,,,,,,,,,,,,,,,,,,,,,,,,,,,,,,,,,,,,,,,,,,,,,,,,,,,,,,,,,,
H0_10ft_32kHz_epoch_158,H0,10FT,True,0,False,0.49802968175,True,VALID,False,,,,,,,,,,,,,,,,,14.801324377337147,11.238995708933208,3.340053795924087,2949.0794067081433,53.11110903853806,0.841319094137862,47.91462707933916,6.276826825815416,3.77984,3.29728,882.9436850108855,0.043398751659100954,1.112486348512799,61026.490916893905,32077.964061743318,28.139894472541908,5.18528,1.40544,0.7030184996904578,18,21.105774695947723,136.71167596560554,35017.5001576749,0.04196450634150787,8.019200000000005,5552.660187472648,14.8649235,11.317124,2.960607,2899.2212,51.141697,0.8412000546625938,49.39472,6.398529052734375,3.77088,3.31392,979.2658,0.044143315,1.1289101,3741.0186,32077.964061743318,28.0935,5.09312,1.3222399999999999,0.7794238089525811,2345,20.961142,136.71167596560554,66787.82215612492,0.2502885,7.6620800000000155,5668.997,,,,,,,,,,,,,,,,,,,,,,,,,,,,,,,,,,,,,,,,,,,,,,,,,,,,,,,,,,,,,,,,,,,,,,,,,,,,,,,,,,,,,,,,,,,,,,,,,,,,,,,,,,,,,,,,,,,,,,,,,,,,,,,,,,,,,,,,,,,,,,,,,,,,,,,,,,,,
H0_10ft_32kHz_epoch_159,H0,10FT,False,0,False,0.028099441750000002,False,TOO_EARLY,False,,,,,,,,,,,,,,,,,10.920449148628132,5.046820108463359,2.531077280634777,2122.734057262755,20.794591813528974,0.7967264251640432,27.444017718362588,4.94413992948292,1.9008,3.09632,838.6682119520801,0.06164115644430435,1.1804236237202428,24082169.213677045,32069.954994757783,25.638896728501454,5.162240000000001,3.26144,0.40469998121334283,12,16.651599567963952,8.942102106499078,31960.484712518264,0.00019388555802629244,12.588799999999956,10208.10639755709,11.250854,5.2087603,2.3005302,2158.8345,20.823473,0.7969450593076148,27.863226,4.9918341636657715,1.9827199999999998,2.96576,938.40735,0.061404347,1.2255853,6867.849,32069.954994757783,25.98982,5.0982400000000005,3.11552,0.6453373738140086,1857,16.811869,8.942102106499078,61358.43604154914,0.20537277,7.708160000000075,10367.3125,,,,,,,,,,,,,,,,,,,,,,,,,,,,,,,,,,,,,,,,,,,,,,,,,,,,,,,,,,,,,,,,,,,,,,,,,,,,,,,,,,,,,,,,,,,,,,,,,,,,,,,,,,,,,,,,,,,,,,,,,,,,,,,,,,,,,,,,,,,,,,,,,,,,,,,,,,,,
H0_10ft_32kHz_epoch_16,H0,10FT,True,0,False,0.25985880175000003,True,VALID,False,,,,,,,,,,,,,,,,,13.120788619125076,111.60685606327054,1.671550696079563,2601.8428436645245,50.82044367734425,0.9874832906637796,43.00512149079601,6.245257486027369,3.80416,3.9155199999999994,1556.5443810748257,0.039199984258427925,1.0043984662637313,85964721.41887982,32018.09080254007,28.153452792518397,5.25312,1.44896,0.6625653080999622,13,21.38002911897562,153.80415623183217,31958.596999174617,3.133288266567014e-05,8.97152000000001,5119.677545877811,48.215366,16.059626,753.72095,57286.598,77.319435,0.83023187693102,178.2685,11.972756385803223,3.15904,,76.00505,1e-10,14.040816,2029.1337,1.7884204213003447,207.64148,,,0.004081656398538111,17723,94.66916,230.70623434774447,39853.21498103505,0.2380731,75.64416,74090.81,,,,,,,,,,,,,,,,,,,,,,,,,,,,,,,,,,,,,,,,,,,,,,,,,,,,,,,,,,,,,,,,,,,,,,,,,,,,,,,,,,,,,,,,,,,,,,,,,,,,,,,,,,,,,,,,,,,,,,,,,,,,,,,,,,,,,,,,,,,,,,,,,,,,,,,,,,,,
H0_10ft_32kHz_epoch_160,H0,10FT,False,0,False,0.06411096175,False,TOO_EARLY,False,,,,,,,,,,,,,,,,,11.01662846342497,2370.7522569403645,3.492302217329224,2714.409127237002,27.65121258507422,0.7972603674086579,31.679289992654823,5.3524229442240685,3.16416,3.0336,777.2549333695772,0.045078779275856455,1.1328928449691273,21001600.87203161,32071.94673181914,27.993942586031917,5.19936,2.0352,0.5286968121314581,13,20.395010606060175,38.713906519988086,31970.791252233324,0.00018977930471872142,8.305920000000079,9816.600696571906,11.2496605,170.13387,2.8544595,1795.8944,17.982252,0.7973938283570221,31.897514,5.38124942779541,2.0108800000000002,2.9580800000000003,629.15393,0.05831689,1.1668562,6197.237,32071.94673181914,25.961765,5.1328,3.12192,0.530525528490701,1576,16.422918,38.713906519988086,61168.0291945006,0.20629597,10.09663999999999,9987.038,,,,,,,,,,,,,,,,,,,,,,,,,,,,,,,,,,,,,,,,,,,,,,,,,,,,,,,,,,,,,,,,,,,,,,,,,,,,,,,,,,,,,,,,,,,,,,,,,,,,,,,,,,,,,,,,,,,,,,,,,,,,,,,,,,,,,,,,,,,,,,,,,,,,,,,,,,,,
H0_10ft_32kHz_epoch_161,H0,10FT,False,0,False,0.48475608175,False,TOO_LATE,False,,,,,,,,,,,,,,,,,14.746999114522756,52.54185123766219,3.7449296233108744,3312.7920275494535,45.974939749543864,0.9586154498579714,56.452572315186295,7.065094458055992,2.00704,3.56608,884.6072852552714,0.06072055058706243,1.3392601718165795,382561.8820320991,32073.53183560038,26.844325610966145,5.2672,3.26016,0.4169565359382715,15,18.617409504757156,166.32309918093233,32435.34636095642,0.007321252974395817,10.071040000000032,7205.647349613492,15.186775,52.52029,3.5932832,3392.6558,46.427437,0.9542526847023363,57.52264,7.149921417236328,2.08384,2.97216,944.166,0.05999537,1.3889066,3882.6128,32073.53183560038,27.247202,5.19808,3.1142399999999997,0.5299600214333663,2519,18.889372,166.32309918093233,65402.69393769453,0.23316859,7.797759999999987,7307.437,,,,,,,,,,,,,,,,,,,,,,,,,,,,,,,,,,,,,,,,,,,,,,,,,,,,,,,,,,,,,,,,,,,,,,,,,,,,,,,,,,,,,,,,,,,,,,,,,,,,,,,,,,,,,,,,,,,,,,,,,,,,,,,,,,,,,,,,,,,,,,,,,,,,,,,,,,,,
H0_10ft_32kHz_epoch_162,H0,10FT,False,0,False,0.04110296175,False,TOO_EARLY,False,,,,,,,,,,,,,,,,,11.602917348118565,5.189549811065629,2.9916483804659695,2925.0441260269135,27.853437729858825,0.7966064724813721,35.19365341648326,5.519367081263702,2.8608000000000002,3.56224,977.7366033808488,0.15003607421496462,1.2341091587852786,8484066.245328315,32071.94673181914,18.302481684143693,5.18144,2.32064,0.49038511962988257,17,10.298104336826874,97.62637296344838,31970.21566858056,0.00044357880640165284,11.036160000000002,10501.555155941289,11.853052,5.3136806,3.0999043,3141.7493,29.462587,0.7968227450357145,35.826584,5.58762264251709,3.0489599999999997,3.0208,1013.4988,0.14036521,1.2703989,5882.0176,32071.94673181914,19.088005,5.12768,2.07872,0.5374955498223776,2447,11.2245655,97.62637296344838,61810.3922329709,0.20702107,11.17696,10663.521,,,,,,,,,,,,,,,,,,,,,,,,,,,,,,,,,,,,,,,,,,,,,,,,,,,,,,,,,,,,,,,,,,,,,,,,,,,,,,,,,,,,,,,,,,,,,,,,,,,,,,,,,,,,,,,,,,,,,,,,,,,,,,,,,,,,,,,,,,,,,,,,,,,,,,,,,,,,
H0_10ft_32kHz_epoch_163,H0,10FT,True,0,False,0.13726168175,True,VALID,False,,,,,,,,,,,,,,,,,15.900243869184411,1875.6508295523406,3.393451053203345,3327.876526348787,57.47833844337128,0.9927879678559417,68.70630602365983,7.697313058453533,3.24352,3.12192,980.6761536186012,0.07412826876012837,1.2557259030619783,4535838.092663918,32070.263518492186,24.575909175392088,5.31072,2.0672,0.55187966976186,16,16.875070010829237,151.4891994260397,31980.065369543398,0.0005738255043761231,8.275199999999982,5789.792496572279,16.257687,168.35036,3.2731934,3279.073,55.593864,0.977262571525234,69.90817,7.786177635192871,3.1936,2.99648,1001.7963,0.07706733,1.2959265,3310.6985,32070.263518492186,24.43546,5.25184,2.0582399999999996,0.5707291101229792,2661,16.51477,151.4891994260397,67477.03053374232,0.24422891,8.211200000000002,5898.264,,,,,,,,,,,,,,,,,,,,,,,,,,,,,,,,,,,,,,,,,,,,,,,,,,,,,,,,,,,,,,,,,,,,,,,,,,,,,,,,,,,,,,,,,,,,,,,,,,,,,,,,,,,,,,,,,,,,,,,,,,,,,,,,,,,,,,,,,,,,,,,,,,,,,,,,,,,,
H0_10ft_32kHz_epoch_164,H0,10FT,True,0,False,0.24623320175,True,VALID,False,,,,,,,,,,,,,,,,,15.378712047004045,2199.059138452514,3.2030482889523855,3629.3926917280387,57.657397429302414,0.993367959263479,69.28688723709924,7.833636337946355,3.18336,3.5648,1133.105830544558,0.058749705844206905,1.3053717974026373,4134912.672776505,32073.53183560038,26.9331638687142,5.26208,2.07872,0.562534158775327,19,19.307399111665532,173.4767808661345,31979.992535710786,0.0004752763649381529,8.27391999999999,6294.756360063288,15.589617,177.55806,3.134073,3620.8062,56.595665,0.9844263752997304,70.14815,7.899478435516357,3.1974400000000003,3.0348800000000002,1155.3037,0.060073335,1.3340478,3270.9546,32073.53183560038,26.914911,5.23776,2.04032,0.5758971830799646,2637,19.125153,173.4767808661345,66154.77308296468,0.23770663,8.327679999999976,6397.6743,,,,,,,,,,,,,,,,,,,,,,,,,,,,,,,,,,,,,,,,,,,,,,,,,,,,,,,,,,,,,,,,,,,,,,,,,,,,,,,,,,,,,,,,,,,,,,,,,,,,,,,,,,,,,,,,,,,,,,,,,,,,,,,,,,,,,,,,,,,,,,,,,,,,,,,,,,,,
H0_10ft_32kHz_epoch_165,H0,10FT,False,0,False,0.09970904175,False,TOO_EARLY,False,,,,,,,,,,,,,,,,,16.05547399638746,2669.5199613273912,9.344767308753084,2265.765565320125,29.49943045580728,0.9936000173404161,62.77045640593275,7.5571873676870505,5.8086400000000005,2.65856,242.46356174079224,0.17506481015836292,1.460438825329769,7791033.545447434,32071.94673181914,18.400938670372508,9.32096,3.5123200000000003,0.219375441348276,22,5.290675053522844,175.0541860034209,31942.56230321581,0.00031357795053942684,15.21792000000001,7680.709526627676,16.371624,199.28476,8.264966,2205.5483,28.340593,0.9785684526007871,63.535088,7.6160888671875,3.17952,2.65088,266.8551,0.176022,1.4990116,3587.7966,32071.94673181914,18.578037,6.73664,3.55712,0.2220142261146479,3511,6.5413957,175.0541860034209,65927.63610607106,0.23644671,15.253760000000005,7782.294,,,,,,,,,,,,,,,,,,,,,,,,,,,,,,,,,,,,,,,,,,,,,,,,,,,,,,,,,,,,,,,,,,,,,,,,,,,,,,,,,,,,,,,,,,,,,,,,,,,,,,,,,,,,,,,,,,,,,,,,,,,,,,,,,,,,,,,,,,,,,,,,,,,,,,,,,,,,
H0_10ft_32kHz_epoch_166,H0,10FT,False,0,False,0.06694616175000001,False,TOO_EARLY,False,,,,,,,,,,,,,,,,,11.494632110984396,157.4891267364876,7.374012448970327,1894.7460114025953,14.261308410548429,0.7963196529430728,28.900850875140172,5.190247610641275,2.81344,3.3164800000000003,256.9491202400169,0.20593335312215938,1.336393813032054,1346743372.7687492,32028.68427156967,16.236425072380317,6.28224,3.4688000000000003,0.2392787816714895,16,4.826809694555589,187.5811367900169,31932.628800829298,2.427439365283909e-06,10.929919999999996,13285.919894987512,42.063168,14.422054,35.260956,92984.87,77.71254,0.8040913896279466,119.65992,9.686347961425781,4.73344,,2637.0488,1e-10,14.675949,3078.2805,3.179341301525677,207.63542,,,0.09980884371591688,585,96.73587,149.4290411717068,38147.68610423137,0.21974519,75.16416,119652.34,,,,,,,,,,,,,,,,,,,,,,,,,,,,,,,,,,,,,,,,,,,,,,,,,,,,,,,,,,,,,,,,,,,,,,,,,,,,,,,,,,,,,,,,,,,,,,,,,,,,,,,,,,,,,,,,,,,,,,,,,,,,,,,,,,,,,,,,,,,,,,,,,,,,,,,,,,,,
H0_10ft_32kHz_epoch_167,H0,10FT,False,0,False,0.07965656175000001,False,TOO_EARLY,False,,,,,,,,,,,,,,,,,11.157974884469434,2756.345177697465,114.69773791037451,4031.6841448778596,26.92847600169031,0.7961598862997745,26.137612186872666,5.024485803325066,7.296,5.3209599999999995,35.150511407790546,0.06896549869699675,1.3771026295233066,67272870.57988049,31890.3829249533,25.978759498108317,10.85568,3.55968,0.07463755845772453,16,15.229250176390499,162.14640637781122,31939.663626117715,6.206125837710309e-05,25.345279999999914,14971.82441600023,11.726299,221.93294,26.839397,3998.4702,26.458666,0.7962687828632762,26.432028,5.056510925292969,7.13472,4.67968,148.97765,0.06903859,1.4540102,6521.859,31890.3829249533,26.389988,9.02656,1.8918400000000002,0.212775480970019,3155,15.985073,162.14640637781122,60103.74424164164,0.19950773,14.383360000000067,15112.138,,,,,,,,,,,,,,,,,,,,,,,,,,,,,,,,,,,,,,,,,,,,,,,,,,,,,,,,,,,,,,,,,,,,,,,,,,,,,,,,,,,,,,,,,,,,,,,,,,,,,,,,,,,,,,,,,,,,,,,,,,,,,,,,,,,,,,,,,,,,,,,,,,,,,,,,,,,,
H0_10ft_32kHz_epoch_168,H0,10FT,False,0,False,0.02390104175,False,TOO_EARLY,False,,,,,,,,,,,,,,,,,12.42875257715575,5.481578988626415,33.87377470666,2774.0023361195986,18.313152182108038,0.7962223315970136,30.52037103914406,5.362343490008644,7.3984000000000005,3.73888,81.8923299850255,0.3136337414088026,1.5017650758922902,24818809.26961427,32025.10852844679,13.586659639707685,10.883840000000001,3.4854399999999996,0.09550183048761982,32,0.4298040954983489,171.68409932955183,31942.839897871945,0.00016269448914601708,17.492480000000004,15147.596156765312,12.802867,5.6543765,33.70639,2864.6316,18.72489,0.7963395182776997,30.899551,5.4026007652282715,7.45216,3.37792,84.987785,0.31242928,1.5546572,6248.787,32025.10852844679,13.921024,10.88512,3.43296,0.10753107792792344,5009,0.61311007,171.68409932955183,61046.61530078146,0.20420071,17.6064,15298.522,,,,,,,,,,,,,,,,,,,,,,,,,,,,,,,,,,,,,,,,,,,,,,,,,,,,,,,,,,,,,,,,,,,,,,,,,,,,,,,,,,,,,,,,,,,,,,,,,,,,,,,,,,,,,,,,,,,,,,,,,,,,,,,,,,,,,,,,,,,,,,,,,,,,,,,,,,,,
H0_10ft_32kHz_epoch_169,H0,10FT,True,0,False,0.43840216175,True,VALID,False,,,,,,,,,,,,,,,,,14.607818649188848,1129.172196629648,32.129397464924295,3855.2058082240537,69.05931435579386,0.9933242325496575,56.37184222503835,7.25119940422697,11.79264,3.00032,119.98998152485038,0.048287598340671534,1.1008840687588308,15323524.963190164,32025.504930268144,27.14361474427799,15.06944,3.2767999999999997,0.17105322760742592,27,16.702309499983482,152.6083824732341,31920.24860877005,0.00017135084649230745,27.554560000000006,5582.455957152933,15.069144,154.90091,32.228302,3971.682,69.877235,0.9777837186643198,57.317173,7.324588298797607,11.89248,2.97216,123.23584,0.04786738,1.1459128,3220.6704,32025.504930268144,27.49601,15.01824,3.12576,0.17666748104807714,5021,16.921494,152.6083824732341,69841.8166002871,0.26228252,27.663360000000026,5683.7993,,,,,,,,,,,,,,,,,,,,,,,,,,,,,,,,,,,,,,,,,,,,,,,,,,,,,,,,,,,,,,,,,,,,,,,,,,,,,,,,,,,,,,,,,,,,,,,,,,,,,,,,,,,,,,,,,,,,,,,,,,,,,,,,,,,,,,,,,,,,,,,,,,,,,,,,,,,,
H0_10ft_32kHz_epoch_17,H0,10FT,True,0,False,0.29651160175,True,VALID,False,,,,,,,,,,,,,,,,,16.26562988854103,459.7284040341207,14.244132370988833,2022.966079715563,41.59129281560976,0.9927086202446969,47.980352123798234,6.5941250284062844,6.15424,2.7967999999999997,142.02101096970526,0.07514582235215517,1.1773986797590617,5354590.400958336,32019.767118683503,23.89618720823933,10.26304,4.1088000000000005,0.21780586120921092,20,11.733555139596259,156.53883940690866,31966.111550628226,0.0003891185859973053,16.398079999999982,4863.917283562475,17.035381,165.33293,15.234877,2085.4014,41.979683,0.9821390057580842,48.84021,6.653806686401367,6.20032,2.71104,136.88338,0.075516135,1.246197,2858.703,32019.767118683503,24.266996,10.48704,4.28672,0.21373934388624755,4667,11.731848,156.53883940690866,67648.00566802293,0.25136423,16.418560000000028,4967.6445,,,,,,,,,,,,,,,,,,,,,,,,,,,,,,,,,,,,,,,,,,,,,,,,,,,,,,,,,,,,,,,,,,,,,,,,,,,,,,,,,,,,,,,,,,,,,,,,,,,,,,,,,,,,,,,,,,,,,,,,,,,,,,,,,,,,,,,,,,,,,,,,,,,,,,,,,,,,
H0_10ft_32kHz_epoch_170,H0,10FT,True,0,False,0.20631768174999998,True,VALID,False,,,,,,,,,,,,,,,,,13.599230771342587,1855.0319835021535,43.079236932679386,2937.0549156739703,45.70174617975243,0.994038570037876,50.89480951640488,6.897798867007292,7.07712,4.74752,68.17796982475444,0.10102166208538198,1.1663496882952722,5633134.8804258285,32025.244484225273,21.239259168459323,11.0528,3.9756799999999997,0.09746547222725431,32,10.460486009858581,168.11151960222924,31966.826339007144,0.0003958157340290018,30.252799999999997,6426.570451207724,14.3429985,170.01791,25.011053,2902.836,44.5295,0.9845003285666015,51.55291,6.950998783111572,6.16064,3.50848,116.062126,0.10179282,1.2389454,3264.8284,32025.244484225273,21.635475,10.105599999999999,3.94496,0.25774718953390574,4093,10.733229,168.11151960222924,66536.91969914144,0.24158925,15.413759999999998,6518.906,,,,,,,,,,,,,,,,,,,,,,,,,,,,,,,,,,,,,,,,,,,,,,,,,,,,,,,,,,,,,,,,,,,,,,,,,,,,,,,,,,,,,,,,,,,,,,,,,,,,,,,,,,,,,,,,,,,,,,,,,,,,,,,,,,,,,,,,,,,,,,,,,,,,,,,,,,,,
H0_10ft_32kHz_epoch_171,H0,10FT,True,0,False,0.33491032175,True,VALID,False,,,,,,,,,,,,,,,,,14.011739338695302,2078.6589640573015,51.47082344672078,4116.864225514626,46.97053688902853,0.9943826278666985,51.46190417024855,6.989252795943279,7.61344,5.55648,79.98442515245529,0.09231286430574873,1.361514050096308,6395629.577850166,31890.159692507896,23.371405000376203,10.76096,3.14752,0.10383265932953095,30,12.823365819673434,159.90526606081767,31950.38494266301,0.00032640989868308406,19.447040000000026,8764.780005050792,14.712936,190.18213,50.503414,4203.4385,47.425842,0.9855023773701517,52.091118,7.038682460784912,7.66592,1.32864,83.23078,0.09219082,1.4376516,3622.0688,31890.159692507896,23.832293,10.72,3.05408,0.1112973113532654,5452,12.945303,159.90526606081767,64459.17407525603,0.22524367,19.532799999999963,8863.182,,,,,,,,,,,,,,,,,,,,,,,,,,,,,,,,,,,,,,,,,,,,,,,,,,,,,,,,,,,,,,,,,,,,,,,,,,,,,,,,,,,,,,,,,,,,,,,,,,,,,,,,,,,,,,,,,,,,,,,,,,,,,,,,,,,,,,,,,,,,,,,,,,,,,,,,,,,,
H0_10ft_32kHz_epoch_172,H0,10FT,True,0,False,0.43307224175000003,True,VALID,False,,,,,,,,,,,,,,,,,17.210789203929846,1974.6268583533772,35.09615333694419,4226.642389694365,50.40700797383151,0.9944333988940801,59.32772743241926,7.429047120826264,6.03008,5.23136,120.43036024810313,0.07655739115200184,1.5896321705660295,8124754.230839843,31895.15193690559,26.31431211025715,9.7728,3.7427200000000003,0.11907298119589443,28,14.976317039368697,155.7877237747598,31945.90486592643,0.00029089906060038117,15.412480000000006,8385.029303640777,17.693201,214.3868,34.8778,4424.908,52.129044,0.9814031784064217,60.060677,7.4810471534729,6.0736,3.5148800000000002,126.868904,0.07545093,1.6442288,3566.9949,31895.15193690559,26.708117,9.701120000000001,3.62752,0.12188979735863467,4858,15.336504,155.7877237747598,66256.53301305285,0.23575124,15.456000000000024,8488.374,,,,,,,,,,,,,,,,,,,,,,,,,,,,,,,,,,,,,,,,,,,,,,,,,,,,,,,,,,,,,,,,,,,,,,,,,,,,,,,,,,,,,,,,,,,,,,,,,,,,,,,,,,,,,,,,,,,,,,,,,,,,,,,,,,,,,,,,,,,,,,,,,,,,,,,,,,,,
H0_10ft_32kHz_epoch_173,H0,10FT,False,0,False,0.47947480175,False,TOO_LATE,False,,,,,,,,,,,,,,,,,15.189762447818875,53.54512938799225,40.298523890164574,3325.816196821197,42.37909614287332,0.9585294069960668,52.437225671577984,6.9677655396093545,7.37408,3.8182400000000003,82.52947938941455,0.07634167489672651,1.4396239286420305,420324.82433729153,32025.244484225273,25.50344990854097,10.494720000000001,3.12064,0.09274443646972025,29,13.652262565342975,185.9957238152383,32404.616968079536,0.005350735661204617,30.174719999999933,7847.775199378433,15.714508,54.003433,38.757866,3496.5427,44.022655,0.9549191079946376,53.197098,7.027171611785889,7.44576,3.31392,90.21505,0.07559747,1.4983283,3672.979,32025.244484225273,25.918991,10.45632,3.01056,0.15858065299168447,4778,13.972312,185.9957238152383,65035.43751407478,0.23214807,15.692799999999952,7942.5986,,,,,,,,,,,,,,,,,,,,,,,,,,,,,,,,,,,,,,,,,,,,,,,,,,,,,,,,,,,,,,,,,,,,,,,,,,,,,,,,,,,,,,,,,,,,,,,,,,,,,,,,,,,,,,,,,,,,,,,,,,,,,,,,,,,,,,,,,,,,,,,,,,,,,,,,,,,,
H0_10ft_32kHz_epoch_174,H0,10FT,False,0,False,8.408174999999998e-05,False,TOO_EARLY,False,,,,,,,,,,,,,,,,,12.676883358808045,7.471827537442971,30791.864182151723,2584.8955712742395,25.6362761690483,0.8132912291458777,35.522483970279055,5.7011156377874626,7.49568,2.8582400000000003,0.08394735547363738,0.8303653214681729,1.3618564209478718,57635.02395728881,32025.244484225273,4.251504810315571,,,0.0033559255496401165,1015,-14.959629632635664,169.89994002353342,34226.77789154898,0.035777874922704817,79.3792,10082.960388744219,13.049737,7.687104,237.21806,2521.0713,24.68814,0.813239025164845,36.08917,5.757516384124756,7.49824,,10.627653,0.8675676,1.410831,4326.422,32025.244484225273,4.161786,,,0.016089498488285673,24409,-15.445892,169.89994002353342,57802.78904351405,0.20789756,78.60352,10211.669,,,,,,,,,,,,,,,,,,,,,,,,,,,,,,,,,,,,,,,,,,,,,,,,,,,,,,,,,,,,,,,,,,,,,,,,,,,,,,,,,,,,,,,,,,,,,,,,,,,,,,,,,,,,,,,,,,,,,,,,,,,,,,,,,,,,,,,,,,,,,,,,,,,,,,,,,,,,
H0_10ft_32kHz_epoch_175,H0,10FT,True,0,False,0.22456408175,True,VALID,False,,,,,,,,,,,,,,,,,14.272466493311583,2146.946207985429,1.7495602920799591,2365.8819141100403,40.20409795496981,0.9937760065518161,53.80571513065984,7.080305872056237,2.10432,3.00928,1352.272296542118,0.07630236628370284,1.1713460050689541,22666762.206605278,31892.901373049048,23.703570318887337,5.37088,3.26656,0.7811134126207793,17,15.086725811665097,160.9578379170307,31923.43986388549,8.374414462808887e-05,8.515839999999997,5884.6785140158645,14.726238,169.85071,1.5544494,2315.2485,38.716064,0.9841472875305725,54.54669,7.1403703689575195,2.1427199999999997,2.9504,1489.4331,0.075428106,1.2183437,3102.1382,31892.901373049048,24.05672,5.26976,3.12704,0.7923301071759009,2331,15.175643,160.9578379170307,66830.44211426123,0.24301468,7.99999999999998,5980.0723,,,,,,,,,,,,,,,,,,,,,,,,,,,,,,,,,,,,,,,,,,,,,,,,,,,,,,,,,,,,,,,,,,,,,,,,,,,,,,,,,,,,,,,,,,,,,,,,,,,,,,,,,,,,,,,,,,,,,,,,,,,,,,,,,,,,,,,,,,,,,,,,,,,,,,,,,,,,
H0_10ft_32kHz_epoch_176,H0,10FT,True,0,False,0.32545752175000003,True,VALID,False,,,,,,,,,,,,,,,,,16.01118825114558,1958.7667631476854,2.587928409835272,3365.4624244103443,45.91781439726705,0.9940401499060534,66.49513470765395,7.820249490448939,2.31936,3.54176,1300.4464928859084,0.07135403565373462,1.345729992463559,4850948.233368849,32025.10852844679,25.485280441839542,5.61152,3.29216,0.7874159833536782,16,17.010539977658265,171.68409932955183,31958.566156320132,0.00041477179826140514,8.478719999999996,7329.317539579159,16.27978,176.32613,2.2380145,3369.1306,45.285942,0.9818131959533929,67.43097,7.885320663452148,2.4064,2.9888,1505.4105,0.06955513,1.3785688,3171.4814,32025.10852844679,25.865902,5.51296,3.10656,0.7902219188357107,2464,17.309454,171.68409932955183,67647.23678644333,0.24403961,8.624640000000017,7439.683,,,,,,,,,,,,,,,,,,,,,,,,,,,,,,,,,,,,,,,,,,,,,,,,,,,,,,,,,,,,,,,,,,,,,,,,,,,,,,,,,,,,,,,,,,,,,,,,,,,,,,,,,,,,,,,,,,,,,,,,,,,,,,,,,,,,,,,,,,,,,,,,,,,,,,,,,,,,
H0_10ft_32kHz_epoch_177,H0,10FT,True,0,False,0.38079064175000005,True,VALID,False,,,,,,,,,,,,,,,,,14.06780543464757,1594.9199880550998,28.764167537124617,2657.215100285536,43.04692641703058,0.9937630503101802,51.80270444545215,6.967631914980002,7.5328,5.26208,92.37934999694018,0.07506077003727464,1.1471711147294383,15955725.098603936,31891.842905834852,23.65245396093679,11.09632,3.56352,0.1262103311013601,28,12.584770466358135,156.53883940690503,31906.569204677176,0.00017298236449617805,30.388479999999994,6172.833513229004,14.346418,150.07787,24.502174,2630.928,41.916412,0.9808691986490529,52.62867,7.034997940063477,7.06688,1.92128,107.37528,0.07613678,1.1796836,3188.706,31891.842905834852,23.771723,10.70336,3.63648,0.1700852994415972,4844,12.575182,156.53883940690503,68085.02624218496,0.24745052,16.323840000000033,6276.606,,,,,,,,,,,,,,,,,,,,,,,,,,,,,,,,,,,,,,,,,,,,,,,,,,,,,,,,,,,,,,,,,,,,,,,,,,,,,,,,,,,,,,,,,,,,,,,,,,,,,,,,,,,,,,,,,,,,,,,,,,,,,,,,,,,,,,,,,,,,,,,,,,,,,,,,,,,,
H0_10ft_32kHz_epoch_178,H0,10FT,True,0,False,0.36667992175,True,VALID,False,,,,,,,,,,,,,,,,,15.12411783461033,2127.895642268933,2.6712524001387745,3055.4618018535903,45.86803973686895,0.9938706468545836,63.535242968319835,7.663269768227475,2.2950399999999997,3.0131200000000002,1143.831186335888,0.06419128072900238,1.2450791407266957,10630425.873842305,31887.203583651775,25.726413345228067,5.5935999999999995,3.2985599999999997,0.8527639721733433,16,17.522237367805637,170.0947596316255,31944.51059046916,0.0002289403323379205,8.449280000000003,6661.417883523698,15.297032,169.37614,2.5820568,2948.9773,43.607456,0.9821461379334101,64.41626,7.729861736297607,2.1670399999999996,2.9478400000000002,1142.104,0.06669967,1.2688377,3078.9429,31887.203583651775,25.529367,5.52576,3.35872,0.8569018982162543,2504,17.085234,170.0947596316255,66959.0408265077,0.24038734,8.355840000000004,6762.553,,,,,,,,,,,,,,,,,,,,,,,,,,,,,,,,,,,,,,,,,,,,,,,,,,,,,,,,,,,,,,,,,,,,,,,,,,,,,,,,,,,,,,,,,,,,,,,,,,,,,,,,,,,,,,,,,,,,,,,,,,,,,,,,,,,,,,,,,,,,,,,,,,,,,,,,,,,,
H0_10ft_32kHz_epoch_179,H0,10FT,True,0,False,0.39799128175000004,True,VALID,False,,,,,,,,,,,,,,,,,15.209901569984837,1804.4140653154923,1.2982893984636277,2208.6362340746996,37.07795454814688,0.993752259394719,60.31497211279141,7.496889008936074,1.84192,2.9836799999999997,1701.189454899832,0.05545691735064217,1.1524795164007844,5121349.726766078,31889.568450028724,26.351278210552177,5.12256,3.28064,0.7966718654519811,19,17.769583427208076,161.1420932303663,31961.19502808094,0.000435466496751601,8.514560000000005,5956.736990997385,15.448382,152.76244,1.2466309,2229.188,36.76311,0.9788741873891279,61.30105,7.5718255043029785,1.92512,2.9401599999999997,1788.1699,0.054894697,1.1810079,2864.285,31889.568450028724,26.59669,5.0572799999999996,3.1321600000000003,0.8217731542063339,2232,17.958158,161.1420932303663,69127.50317760423,0.25413945,9.63200000000003,6063.6543,,,,,,,,,,,,,,,,,,,,,,,,,,,,,,,,,,,,,,,,,,,,,,,,,,,,,,,,,,,,,,,,,,,,,,,,,,,,,,,,,,,,,,,,,,,,,,,,,,,,,,,,,,,,,,,,,,,,,,,,,,,,,,,,,,,,,,,,,,,,,,,,,,,,,,,,,,,,
H0_10ft_32kHz_epoch_18,H0,10FT,True,0,False,0.33449432175000005,True,VALID,False,,,,,,,,,,,,,,,,,13.859758909348024,1695.6363535207922,19.0997183033818,2527.7987292293224,61.920862158047285,0.992133151471037,37.33509040662814,5.8083220192094815,11.52128,4.08576,132.34743513362918,0.0518949090481055,0.947399654079439,5275030.433448206,32021.667643382672,25.216148239729435,15.333120000000001,3.81184,0.2080386805004487,25,14.168686393817989,155.5925766531327,31951.545473747574,0.0004764336996945843,26.41152000000002,4082.305447842906,13.982319,148.11711,6.3641577,1578.215,37.75798,0.9820174819904631,38.46681,5.890655040740967,6.10048,1.73952,247.9849,0.06605072,0.9671256,2873.349,32021.667643382672,23.102018,10.03136,3.93088,0.33154694642903915,4041,11.867528,155.5925766531327,67337.33757078268,0.24947496,16.38400000000001,4179.8184,,,,,,,,,,,,,,,,,,,,,,,,,,,,,,,,,,,,,,,,,,,,,,,,,,,,,,,,,,,,,,,,,,,,,,,,,,,,,,,,,,,,,,,,,,,,,,,,,,,,,,,,,,,,,,,,,,,,,,,,,,,,,,,,,,,,,,,,,,,,,,,,,,,,,,,,,,,,
H0_10ft_32kHz_epoch_180,H0,10FT,True,0,False,0.13944280174999998,True,VALID,False,,,,,,,,,,,,,,,,,14.690980870900962,1921.5686902322288,100.14477747080022,3712.382005979574,52.842647711792864,0.9945396985646294,52.99135492650658,7.0548898953904144,12.2048,5.15456,37.070150832897895,0.11922904492703894,1.2780398798046648,18784152.15428287,31917.09110573919,20.578976263357905,15.864320000000001,3.6595199999999997,0.0743088520434325,36,8.467037523225176,158.22205273386498,31927.71211448472,0.00013032803672754663,25.84703999999999,7025.351996416013,15.431768,175.01903,53.68123,3712.3276,52.091194,0.9798520686722735,53.77974,7.114854335784912,8.166400000000001,1.95072,69.155045,0.119877264,1.3521231,3269.2437,31917.09110573919,20.936771,10.33856,2.17216,0.11506649235953033,4825,10.275302,158.22205273386498,67217.42700038751,0.24215968,15.621119999999989,7126.5938,,,,,,,,,,,,,,,,,,,,,,,,,,,,,,,,,,,,,,,,,,,,,,,,,,,,,,,,,,,,,,,,,,,,,,,,,,,,,,,,,,,,,,,,,,,,,,,,,,,,,,,,,,,,,,,,,,,,,,,,,,,,,,,,,,,,,,,,,,,,,,,,,,,,,,,,,,,,
H0_10ft_32kHz_epoch_181,H0,10FT,False,0,False,0.09246552175,False,TOO_EARLY,False,,,,,,,,,,,,,,,,,13.599653268330446,1872.5379504731554,59.073260539937195,3834.476357592553,52.58176912499947,0.9942632225467674,52.58738517372566,7.05442183772121,7.1718399999999995,5.630719999999999,64.9105250419401,0.14669164030908974,1.2053768299969183,4031624.046197744,31891.842905834852,18.29080696655581,11.221760000000002,4.04992,0.10686365113801964,31,8.31244491318246,156.53883940690503,31965.901112612188,0.0006169119875870491,29.987839999999988,7292.406515416077,13.756463,167.09192,41.866077,3921.8232,53.079468,0.9785722117313361,53.214943,7.10477876663208,7.2896,5.00864,93.67544,0.14551526,1.2272897,3483.2183,31891.842905834852,18.493841,9.68448,2.3948799999999997,0.1949913537813353,4105,9.117175,156.53883940690503,66697.83019527588,0.24097553,15.17056,7388.5884,,,,,,,,,,,,,,,,,,,,,,,,,,,,,,,,,,,,,,,,,,,,,,,,,,,,,,,,,,,,,,,,,,,,,,,,,,,,,,,,,,,,,,,,,,,,,,,,,,,,,,,,,,,,,,,,,,,,,,,,,,,,,,,,,,,,,,,,,,,,,,,,,,,,,,,,,,,,
H0_10ft_32kHz_epoch_182,H0,10FT,True,0,False,0.17582808175,True,VALID,False,,,,,,,,,,,,,,,,,14.96136366986583,2281.314614121114,15.480190405792369,1215.7432005035976,16.371309631670687,0.9943966324003263,64.727602420348,7.785836066795709,3.95264,5.5910400000000005,78.53541646665686,0.14472367690501164,1.265764735859118,7859017.6218947545,31889.568450028724,18.82801773001372,8.895999999999999,4.94336,0.10618138884442344,28,4.4375485987265675,140.05808103200252,31953.52968690151,0.0003553499428828903,26.705919999999995,7426.059538643732,15.310195,180.70622,17.33371,1402.1484,18.641808,0.9794098371904157,65.35089,7.831206798553467,4.09472,3.6672,80.891426,0.14326872,1.3035761,3536.2546,31889.568450028724,19.131706,8.84224,4.74752,0.11355242694022023,4605,5.1702337,140.05808103200252,67271.03487208525,0.24511766,26.98879999999998,7521.5264,,,,,,,,,,,,,,,,,,,,,,,,,,,,,,,,,,,,,,,,,,,,,,,,,,,,,,,,,,,,,,,,,,,,,,,,,,,,,,,,,,,,,,,,,,,,,,,,,,,,,,,,,,,,,,,,,,,,,,,,,,,,,,,,,,,,,,,,,,,,,,,,,,,,,,,,,,,,
H0_10ft_32kHz_epoch_183,H0,10FT,True,0,False,0.21879000175,True,VALID,False,,,,,,,,,,,,,,,,,14.36492763756498,2505.797451444515,41.712439299991196,3794.390824891458,47.48158658251438,0.9947161442346194,52.08383436353778,7.042117857926033,6.682880000000001,5.35168,90.96545032042965,0.10749810374994619,1.3738415906896526,14098495.150482146,31889.324532206447,22.10600924539043,10.48064,3.79776,0.12048762051801544,27,11.26469933526864,155.59257665312907,31933.65909031257,0.00020001967906266218,18.07744,7991.289040641992,14.467765,189.44305,42.87623,4308.9727,53.295357,0.9861669543675396,52.620136,7.086263656616211,7.04,5.30176,100.49794,0.101438835,1.3917733,3823.7087,31889.324532206447,22.67659,10.374400000000001,3.3344,0.13317182355076954,4915,12.364952,155.59257665312907,65034.0961939771,0.22965094,15.600639999999999,8085.081,,,,,,,,,,,,,,,,,,,,,,,,,,,,,,,,,,,,,,,,,,,,,,,,,,,,,,,,,,,,,,,,,,,,,,,,,,,,,,,,,,,,,,,,,,,,,,,,,,,,,,,,,,,,,,,,,,,,,,,,,,,,,,,,,,,,,,,,,,,,,,,,,,,,,,,,,,,,
H0_10ft_32kHz_epoch_184,H0,10FT,True,0,False,0.23162456174999999,True,VALID,False,,,,,,,,,,,,,,,,,13.776758224005853,1509.4282613885484,30.607695277832384,1333.9802979190085,21.336575600972232,0.9937497117551757,49.311796117790514,6.733607481829954,3.6121600000000003,3.7376,43.58316710249277,0.11330956208525225,1.1654246044434406,6545632.980635435,31889.324532206447,20.235638662235473,16.19968,12.58752,0.11978345880086513,20,4.372888737840759,157.38099707442962,31961.71530554012,0.0003131386328062151,26.73407999999999,6252.08244690494,14.298534,160.20804,14.599947,1297.6729,20.448933,0.9844243049989237,50.079414,6.79606294631958,2.71744,3.31136,88.88203,0.113990195,1.2186071,3257.4893,31889.324532206447,20.472988,10.12608,7.40864,0.1457341864453387,4541,6.24636,157.38099707442962,67169.43978019759,0.24377613,20.636160000000014,6345.92,,,,,,,,,,,,,,,,,,,,,,,,,,,,,,,,,,,,,,,,,,,,,,,,,,,,,,,,,,,,,,,,,,,,,,,,,,,,,,,,,,,,,,,,,,,,,,,,,,,,,,,,,,,,,,,,,,,,,,,,,,,,,,,,,,,,,,,,,,,,,,,,,,,,,,,,,,,,
H0_10ft_32kHz_epoch_185,H0,10FT,False,0,False,0.06170200175,False,TOO_EARLY,False,,,,,,,,,,,,,,,,,13.870865371494373,2674.7904628591914,25.095628847605607,3895.261156635943,46.29003857626773,0.9941373046485964,50.38482840198155,6.9027940540284805,6.5855999999999995,5.12,155.2167184288384,0.20018888217697522,1.3612969542600246,5974232.728254316,31894.68979347035,16.628807494458982,9.59872,3.0131200000000002,0.1504423926998002,29,6.354495328040661,180.63046255133304,31957.160717825234,0.0003748376361664596,15.480319999999992,8414.901513244673,14.740291,208.49242,23.278332,3846.3647,45.230972,0.9808424642034893,51.01398,6.951687335968018,6.25152,5.13408,165.23369,0.20223619,1.454247,3627.2117,31894.68979347035,17.039122,9.288960000000001,3.03744,0.14474906689898967,4694,6.354521,180.63046255133304,64223.854456264446,0.22616218,14.36416,8503.829,,,,,,,,,,,,,,,,,,,,,,,,,,,,,,,,,,,,,,,,,,,,,,,,,,,,,,,,,,,,,,,,,,,,,,,,,,,,,,,,,,,,,,,,,,,,,,,,,,,,,,,,,,,,,,,,,,,,,,,,,,,,,,,,,,,,,,,,,,,,,,,,,,,,,,,,,,,,
H0_10ft_32kHz_epoch_186,H0,10FT,True,0,False,0.19722584175,True,VALID,False,,,,,,,,,,,,,,,,,13.374771524656943,1590.9501718641177,31.860055922850147,1368.4934502395345,27.671118322064192,0.993605211268987,47.45201462655971,6.653402504267194,3.5289599999999997,3.20768,42.95326579307289,0.10411431825263663,1.0062807747875566,7136802.543630065,31885.747691363846,19.672698254459316,15.338239999999999,11.80928,0.10864311721176442,27,5.4505737413632405,159.16941749573016,31943.71704960943,0.0003608697306976303,28.22527999999999,4945.566110887205,13.873894,139.96515,28.766756,1316.6871,26.119444,0.9816806670463246,48.258003,6.72355842590332,3.42272,3.1974400000000003,45.771137,0.10577792,1.0538595,2978.3594,31885.747691363846,19.94109,15.24352,11.8208,0.11736843574294145,6580,5.1842046,159.16941749573016,68413.5736124968,0.25163677,27.75936000000001,5041.023,,,,,,,,,,,,,,,,,,,,,,,,,,,,,,,,,,,,,,,,,,,,,,,,,,,,,,,,,,,,,,,,,,,,,,,,,,,,,,,,,,,,,,,,,,,,,,,,,,,,,,,,,,,,,,,,,,,,,,,,,,,,,,,,,,,,,,,,,,,,,,,,,,,,,,,,,,,,
H0_10ft_32kHz_epoch_187,H0,10FT,True,0,False,0.23181272175,True,VALID,False,,,,,,,,,,,,,,,,,13.381299327894673,1689.120355547362,24.8301160129462,1504.51948097495,23.000369698470795,0.9941493672179124,53.589498178485144,7.1292857915042696,4.94336,3.36512,60.592527243450014,0.11456838429197687,1.1232834313379396,6825372.37927561,31890.159692507896,19.805983394560474,9.52448,4.58112,0.10423916894902883,28,7.108838222085292,159.90526606081767,31944.752631479918,0.0003649367355282811,16.86271999999997,6541.283904123318,13.44625,150.90894,22.83817,1433.0762,21.58179,0.9831045610332887,54.229034,7.183518886566162,4.84096,3.2947200000000003,62.74917,0.116166145,1.1372386,3095.473,31890.159692507896,19.75026,9.50912,4.66816,0.12060515842546354,4888,6.7823954,159.90526606081767,66736.67499560329,0.24027437,16.706559999999982,6640.2095,,,,,,,,,,,,,,,,,,,,,,,,,,,,,,,,,,,,,,,,,,,,,,,,,,,,,,,,,,,,,,,,,,,,,,,,,,,,,,,,,,,,,,,,,,,,,,,,,,,,,,,,,,,,,,,,,,,,,,,,,,,,,,,,,,,,,,,,,,,,,,,,,,,,,,,,,,,,
H0_10ft_32kHz_epoch_188,H0,10FT,True,0,False,0.30278744175,True,VALID,False,,,,,,,,,,,,,,,,,14.935518754537723,1854.1118803446975,36.16812294447655,2274.048644003312,30.34656988115466,0.9942760073991745,61.305070901229755,7.5960346917858566,5.33888,4.44288,62.87438934806481,0.10272745075727804,1.2693108172629526,13054230.263459291,31921.194468326274,21.829552022720875,10.9312,5.59232,0.09539028464788762,30,9.251846018554327,159.6360923590546,31930.626885966263,0.00020503359699664328,28.567039999999988,7493.593684258446,15.0250635,166.95566,36.395187,2401.1619,31.597603,0.9821414169295927,62.09636,7.654561519622803,5.38496,3.13984,65.97471,0.10222414,1.2858865,3313.1895,31921.194468326274,21.979279,10.81344,5.42848,0.10140245047696267,5496,9.576486,159.6360923590546,67649.36368931374,0.24469738,28.776959999999963,7599.1904,,,,,,,,,,,,,,,,,,,,,,,,,,,,,,,,,,,,,,,,,,,,,,,,,,,,,,,,,,,,,,,,,,,,,,,,,,,,,,,,,,,,,,,,,,,,,,,,,,,,,,,,,,,,,,,,,,,,,,,,,,,,,,,,,,,,,,,,,,,,,,,,,,,,,,,,,,,,
H0_10ft_32kHz_epoch_189,H0,10FT,True,0,False,0.26851160175000005,True,VALID,False,,,,,,,,,,,,,,,,,13.680552619848163,1500.9561719429278,30.843834487668733,1286.8238736226924,22.756546283173318,0.9937716061110532,44.16123643770607,6.4138628676873095,3.9552,3.85408,41.72061920945906,0.09939654085152312,1.0677500202633117,9823817.302935945,31895.20933248876,20.612632962033377,11.594240000000001,7.63904,0.10285333465440921,29,6.81255588218386,207.03523921558372,31947.163230430524,0.00023567633626330668,26.63296000000004,5654.7415306784715,14.464409,146.13748,29.027609,1272.2051,22.101307,0.9823377272425919,44.967216,6.479670524597168,3.9296,3.87712,43.827415,0.10043159,1.139016,3042.8164,31895.20933248876,21.08922,11.53664,7.60704,0.10816882586991466,5655,6.6901064,207.03523921558372,68381.50176605707,0.25048333,26.47295999999999,5756.2437,,,,,,,,,,,,,,,,,,,,,,,,,,,,,,,,,,,,,,,,,,,,,,,,,,,,,,,,,,,,,,,,,,,,,,,,,,,,,,,,,,,,,,,,,,,,,,,,,,,,,,,,,,,,,,,,,,,,,,,,,,,,,,,,,,,,,,,,,,,,,,,,,,,,,,,,,,,,
H0_10ft_32kHz_epoch_19,H0,10FT,True,0,False,0.15725400174999998,True,VALID,False,,,,,,,,,,,,,,,,,13.849019270850478,2007.790714519046,63.44297988847902,2020.709912138129,36.015194047613036,0.9926842139384731,39.81498168994556,6.046300054445693,8.16896,2.8940799999999998,31.85080391374771,0.11706727192703123,1.0766825986106414,10524230.040572388,32073.629945146095,19.226253663020543,17.35424,9.18528,0.10277075395420379,29,5.593049233723852,213.768092523409,31957.594502331613,0.00021190064661313746,29.12767999999999,5610.715048395023,14.925575,164.27943,50.608322,2020.8336,35.357273,0.979666655683288,40.742916,6.117401123046875,6.93504,2.43712,39.930855,0.11819148,1.1711608,2784.6729,32073.629945146095,19.766315,16.06656,9.13152,0.1048826512108769,6455,5.842984,213.768092523409,66721.08360618657,0.24158399,29.656319999999987,5715.4683,,,,,,,,,,,,,,,,,,,,,,,,,,,,,,,,,,,,,,,,,,,,,,,,,,,,,,,,,,,,,,,,,,,,,,,,,,,,,,,,,,,,,,,,,,,,,,,,,,,,,,,,,,,,,,,,,,,,,,,,,,,,,,,,,,,,,,,,,,,,,,,,,,,,,,,,,,,,
H0_10ft_32kHz_epoch_190,H0,10FT,False,0,False,7.768175000000002e-05,False,TOO_EARLY,False,,,,,,,,,,,,,,,,,12.822552016822462,6.830344623798754,29522.555249186556,1665.8169261001867,13.853700861397241,0.8047574758264207,39.15480521212617,6.109906421760584,2.67136,3.48032,0.05642522840883937,0.878202121936492,1.4593678361226485,61053.423711709045,31878.3771992192,4.365160678241369,,,0.0015481069336670517,1637,-17.35531185433455,134.65706615648014,34272.564785068025,0.03632686464816578,180.4352,12024.346005202857,14.481581,7.709813,426.1289,4278.1147,35.117344,0.8047696534579466,39.823616,6.163355827331543,4.788480000000001,,10.039485,0.29941228,1.6589793,5419.355,31878.3771992192,14.054705,,,0.013284741857648823,24294,-16.14988,134.65706615648014,55982.24171563919,0.20294303,199.48544,12182.342,,,,,,,,,,,,,,,,,,,,,,,,,,,,,,,,,,,,,,,,,,,,,,,,,,,,,,,,,,,,,,,,,,,,,,,,,,,,,,,,,,,,,,,,,,,,,,,,,,,,,,,,,,,,,,,,,,,,,,,,,,,,,,,,,,,,,,,,,,,,,,,,,,,,,,,,,,,,
H0_10ft_32kHz_epoch_191,H0,10FT,False,0,False,0.027542641750000003,False,TOO_EARLY,False,,,,,,,,,,,,,,,,,12.171218571510485,5.8062392631760895,141.5274802916054,3062.2170741254117,25.539366113916877,0.7970456432670634,26.299977762646385,4.949416211702595,7.712,4.37888,21.636908025224642,0.06889846324321008,1.3832687297691775,20281499.341132965,31888.47647918094,26.053779608439797,18.43584,10.723840000000001,0.07752082499599021,20,11.741840338506664,148.12277277212343,31954.601346957927,0.00019723038542441987,28.410880000000027,11990.184331382941,12.418385,5.931329,77.162766,3023.244,24.897709,0.7972240193929225,26.740307,4.997610569000244,5.21088,4.376320000000001,39.180088,0.070009135,1.4203048,6204.0894,31888.47647918094,26.08203,15.90144,10.69056,0.08506392065722261,4297,12.191602,148.12277277212343,60982.41313808739,0.20265734,26.69056000000003,12142.659,,,,,,,,,,,,,,,,,,,,,,,,,,,,,,,,,,,,,,,,,,,,,,,,,,,,,,,,,,,,,,,,,,,,,,,,,,,,,,,,,,,,,,,,,,,,,,,,,,,,,,,,,,,,,,,,,,,,,,,,,,,,,,,,,,,,,,,,,,,,,,,,,,,,,,,,,,,,
H0_10ft_32kHz_epoch_192,H0,10FT,False,0,False,0.07809240175000001,False,TOO_EARLY,False,,,,,,,,,,,,,,,,,11.796675138298163,3002.0302978278237,57.717803649914025,3986.623513970131,23.932166744825018,0.797795682127832,28.464475015916694,5.246836195524896,6.11968,3.43552,69.07094972194594,0.08439266373411868,1.5357297135904528,73570332.78976725,31890.3829249533,25.198242901227324,9.47584,3.35616,0.09535794848012465,25,14.016280527842627,154.19805312399694,31936.90714488655,5.075945190373898e-05,18.718719999999966,16658.0132775991,11.843378,226.7178,51.715897,3781.9143,22.493776,0.7978875411542231,28.75263,5.27778434753418,6.010879999999999,3.27808,73.12866,0.086607985,1.5489733,7236.873,31890.3829249533,25.010735,9.46688,3.456,0.12105535708376271,3383,13.568994,154.19805312399694,58853.76248975487,0.18891856,18.630399999999938,16813.158,,,,,,,,,,,,,,,,,,,,,,,,,,,,,,,,,,,,,,,,,,,,,,,,,,,,,,,,,,,,,,,,,,,,,,,,,,,,,,,,,,,,,,,,,,,,,,,,,,,,,,,,,,,,,,,,,,,,,,,,,,,,,,,,,,,,,,,,,,,,,,,,,,,,,,,,,,,,
H0_10ft_32kHz_epoch_193,H0,10FT,False,0,False,0.036620401749999996,False,TOO_EARLY,False,,,,,,,,,,,,,,,,,10.382837079062929,4.25781739860172,21.1343141254543,2893.9771106702306,25.526015850856766,0.8008659743701624,27.317319966376868,5.179623599439743,6.75072,5.23776,136.9326249950356,0.23652311724869007,1.1827606452138213,27719740.42545875,31880.382430099944,13.958320881224012,9.13664,2.38592,0.23238704294358684,25,3.8340015362959785,153.80415623183217,31938.139326503435,0.00012516699069969807,15.162880000000003,11337.363134063362,10.54266,4.373891,21.104069,2946.3857,25.20752,0.8001156800100871,27.021313,5.166337013244629,6.784,1.34144,139.61221,0.23655578,1.2194241,5488.0225,31880.382430099944,14.199905,9.175040000000001,2.3910400000000003,0.2392116456783675,4172,3.8930917,153.80415623183217,56995.391813142975,0.19919275,14.140159999999998,11688.52,,,,,,,,,,,,,,,,,,,,,,,,,,,,,,,,,,,,,,,,,,,,,,,,,,,,,,,,,,,,,,,,,,,,,,,,,,,,,,,,,,,,,,,,,,,,,,,,,,,,,,,,,,,,,,,,,,,,,,,,,,,,,,,,,,,,,,,,,,,,,,,,,,,,,,,,,,,,
H0_10ft_32kHz_epoch_194,H0,10FT,False,0,False,0.46894424175000005,False,TOO_LATE,False,,,,,,,,,,,,,,,,,14.461549912074567,159.28834192680978,15.354800972784842,3022.686589344331,39.89711977429855,0.9855623213400435,53.87227877396669,7.161794963679447,6.31296,3.34848,196.85612302629426,0.07632081014145335,1.346683148735561,2752697.2183300643,31885.747691363846,24.9194038824162,7.9296,1.6166399999999999,0.21979357894317758,24,14.463832315170215,166.32309918093233,31977.25489943007,0.0007652223308051945,12.446719999999967,7576.202508962777,14.346096,120.88465,15.469511,3122.038,40.64319,0.9754027166333773,54.458134,7.210163593292236,6.368,3.24352,201.8188,0.076293476,1.3451906,3835.659,31885.747691363846,24.902805,7.928320000000001,1.56032,0.23091162597302423,3925,14.608454,166.32309918093233,64992.03794424124,0.22958948,12.549120000000025,7681.5776,,,,,,,,,,,,,,,,,,,,,,,,,,,,,,,,,,,,,,,,,,,,,,,,,,,,,,,,,,,,,,,,,,,,,,,,,,,,,,,,,,,,,,,,,,,,,,,,,,,,,,,,,,,,,,,,,,,,,,,,,,,,,,,,,,,,,,,,,,,,,,,,,,,,,,,,,,,,
H0_10ft_32kHz_epoch_195,H0,10FT,False,0,False,0.07416664175000001,False,TOO_EARLY,False,,,,,,,,,,,,,,,,,11.429262606837618,3231.7360187625036,50.81399296052588,3311.9932673330377,20.76448793761153,0.7959399124850721,29.801637846721718,5.365406805444073,5.934080000000001,3.36128,65.17876424119692,0.07770773246608167,1.417114429565677,13332710.867530163,31894.08645264266,25.21730350119952,15.383040000000001,9.44896,0.09317271434696367,23,11.823577247592956,165.66009584430503,31947.68457681035,0.0002547427462121332,28.119040000000094,15950.276632316436,11.588809,227.83783,15.501561,3268.164,20.302338,0.796032501884496,30.061031,5.392986297607422,5.9904,3.39712,210.82806,0.077605985,1.4435118,6562.1226,31894.08645264266,25.271564,8.3456,2.3552,0.2221617624166378,4018,14.426073,165.66009584430503,58928.13986067988,0.19339004,14.13120000000001,16097.477,,,,,,,,,,,,,,,,,,,,,,,,,,,,,,,,,,,,,,,,,,,,,,,,,,,,,,,,,,,,,,,,,,,,,,,,,,,,,,,,,,,,,,,,,,,,,,,,,,,,,,,,,,,,,,,,,,,,,,,,,,,,,,,,,,,,,,,,,,,,,,,,,,,,,,,,,,,,
H0_10ft_32kHz_epoch_196,H0,10FT,True,0,False,0.40798552175,True,VALID,False,,,,,,,,,,,,,,,,,15.433360443156642,2667.9227331285674,20.17109170842546,3511.897000201822,44.73598183913411,0.9943166773421623,63.696385241810475,7.7515111328774084,5.9392000000000005,3.34848,174.10545006509918,0.07984168362396415,1.3792610215549705,10117655.772344274,31888.793254302538,24.71414633062627,7.55968,1.6204800000000001,0.18411856979532917,23,14.924629929353465,166.91541833009978,31949.36489400467,0.00023459001231447492,14.060799999999984,7850.273662999482,15.416016,201.51813,20.958803,3773.9927,47.47194,0.983572250410331,64.22346,7.790350914001465,6.08512,3.232,180.06718,0.078074165,1.3864295,3469.106,31888.793254302538,24.95602,7.518719999999999,1.4336,0.2001421469974671,3902,15.453373,166.91541833009978,64959.564564955224,0.23157167,13.510399999999978,7949.9443,,,,,,,,,,,,,,,,,,,,,,,,,,,,,,,,,,,,,,,,,,,,,,,,,,,,,,,,,,,,,,,,,,,,,,,,,,,,,,,,,,,,,,,,,,,,,,,,,,,,,,,,,,,,,,,,,,,,,,,,,,,,,,,,,,,,,,,,,,,,,,,,,,,,,,,,,,,,
H0_10ft_32kHz_epoch_197,H0,10FT,True,0,False,0.32456536175,True,VALID,False,,,,,,,,,,,,,,,,,15.191915422339337,2361.5110239283376,40.88216925088486,2137.532507353534,30.99473916643676,0.9944033805836233,57.91810232053507,7.354682849562212,4.60928,4.44928,52.28520273060562,0.09491823551306028,1.272531291997617,7956879.506735292,31891.972595604064,22.506642885893807,9.94432,5.33504,0.08756324006790742,30,10.077650548470318,155.7877237747598,31940.83980031479,0.0003541374765799189,28.49024,6896.436507741839,15.523727,181.89384,37.749607,2230.665,31.853378,0.9838245622736017,58.644226,7.4049506187438965,4.61312,3.32672,59.09108,0.09479373,1.3103249,3530.6099,31891.972595604064,22.7529,9.856,5.24288,0.14478146986272133,4403,10.312003,155.7877237747598,67137.50965995342,0.24488975,14.832640000000008,7002.915,,,,,,,,,,,,,,,,,,,,,,,,,,,,,,,,,,,,,,,,,,,,,,,,,,,,,,,,,,,,,,,,,,,,,,,,,,,,,,,,,,,,,,,,,,,,,,,,,,,,,,,,,,,,,,,,,,,,,,,,,,,,,,,,,,,,,,,,,,,,,,,,,,,,,,,,,,,,
H0_10ft_32kHz_epoch_198,H0,10FT,True,0,False,0.35627480175000004,True,VALID,False,,,,,,,,,,,,,,,,,13.722122979100977,1968.065363895225,41.28986127814868,1488.2911253527168,25.946039338585337,0.9940041770463459,49.281318855255456,6.7735806610774105,4.70016,3.4048,36.04495339237717,0.08585659820093369,1.1118712861086653,6225637.461144317,31892.901373049048,22.241572560318108,15.45728,10.75712,0.09217080108421166,25,7.454373105882535,33.979988004706684,31983.613298766635,0.0005007147440012748,29.739519999999963,5736.101398487425,14.352187,167.06966,18.590721,1473.935,25.244764,0.9835690457606272,50.18173,6.841029167175293,4.672,3.36256,79.28337,0.08642248,1.1732659,3883.6973,31892.901373049048,22.637173,9.9584,5.2864,0.12091216500434665,5020,9.2790365,33.979988004706684,66798.835778999,0.244467,16.959999999999976,5838.5776,,,,,,,,,,,,,,,,,,,,,,,,,,,,,,,,,,,,,,,,,,,,,,,,,,,,,,,,,,,,,,,,,,,,,,,,,,,,,,,,,,,,,,,,,,,,,,,,,,,,,,,,,,,,,,,,,,,,,,,,,,,,,,,,,,,,,,,,,,,,,,,,,,,,,,,,,,,,
H0_10ft_32kHz_epoch_199,H0,10FT,True,0,False,0.38634200175000005,True,VALID,False,,,,,,,,,,,,,,,,,14.605075636080281,2002.46800975304,55.375757630701784,2555.011000329048,37.7519968197085,0.9942633835934321,51.46067200035348,6.891350667512946,4.47616,4.50944,46.13952223214269,0.08205219362529032,1.285449534419026,10480184.454134198,31894.68979347035,23.894551511292672,15.20256,10.7264,0.09648267672692858,20,10.277498346698495,152.01573581053162,31947.950423350485,0.0002811588387293519,26.821120000000032,6767.883067300857,15.271442,179.14642,51.706966,2536.21,36.88605,0.982568374691786,52.25676,6.95133638381958,4.44416,3.48928,49.049675,0.0831574,1.3547729,3764.8274,31894.68979347035,24.194727,15.136000000000001,10.69184,0.10312651043907256,5255,10.150775,152.01573581053162,65940.02305348177,0.23596807,26.81984000000004,6875.797,,,,,,,,,,,,,,,,,,,,,,,,,,,,,,,,,,,,,,,,,,,,,,,,,,,,,,,,,,,,,,,,,,,,,,,,,,,,,,,,,,,,,,,,,,,,,,,,,,,,,,,,,,,,,,,,,,,,,,,,,,,,,,,,,,,,,,,,,,,,,,,,,,,,,,,,,,,,
H0_10ft_32kHz_epoch_2,H0,10FT,True,0,False,0.12588504174999998,True,VALID,False,,,,,,,,,,,,,,,,,14.404002527648071,1693.0645897235195,10.067574806390947,2167.1850024733967,38.282344785108926,0.993198612724577,44.19766866997037,6.390160677711774,6.0582400000000005,2.50624,215.2638588885031,0.12464270724961511,1.1594625205420126,21351397.34741675,32027.032904646574,19.361400247779464,9.16224,3.104,0.35095340925179136,18,8.13187732290977,166.32309918093233,31937.650286660995,0.00012766977714480832,14.416640000000008,5661.056068113024,14.953953,160.44565,8.200435,2184.1187,37.870617,0.9791977992784299,45.239307,6.461902141571045,5.162240000000001,2.40512,266.34183,0.12469673,1.2149764,3247.2395,32027.032904646574,19.737747,8.14848,2.98624,0.3433570585680224,3015,8.6654215,166.32309918093233,66707.36246029184,0.24135457,14.480639999999989,5767.317,,,,,,,,,,,,,,,,,,,,,,,,,,,,,,,,,,,,,,,,,,,,,,,,,,,,,,,,,,,,,,,,,,,,,,,,,,,,,,,,,,,,,,,,,,,,,,,,,,,,,,,,,,,,,,,,,,,,,,,,,,,,,,,,,,,,,,,,,,,,,,,,,,,,,,,,,,,,
H0_10ft_32kHz_epoch_20,H0,10FT,False,0,False,0.055371121749999995,False,TOO_EARLY,False,,,,,,,,,,,,,,,,,14.98648703062654,18.14550036471189,6.688228908739459,1941.7559555235603,42.53067668282257,0.9926011941357966,37.46111733309319,5.851460295858333,3.10016,2.5791999999999997,290.32438662283425,0.15156290040112053,1.083355061058423,4077197.764200234,31891.112952627747,17.06225538765744,7.17952,4.079359999999999,0.3569165097671376,18,7.012486698752918,160.95783791703434,31965.6130485088,0.0005451600704884737,14.455040000000002,4565.542114470425,16.123264,19.41363,6.3401747,1945.3578,41.67144,0.9729186517568083,38.70291,5.937427520751953,3.1078400000000004,2.528,306.83032,0.15305096,1.1785784,2713.1887,31891.112952627747,17.674343,7.02848,3.9206400000000006,0.3472426959959671,3384,7.022525,160.95783791703434,67031.32376557935,0.24359423,14.451199999999996,4668.3237,,,,,,,,,,,,,,,,,,,,,,,,,,,,,,,,,,,,,,,,,,,,,,,,,,,,,,,,,,,,,,,,,,,,,,,,,,,,,,,,,,,,,,,,,,,,,,,,,,,,,,,,,,,,,,,,,,,,,,,,,,,,,,,,,,,,,,,,,,,,,,,,,,,,,,,,,,,,
H0_10ft_32kHz_epoch_21,H0,10FT,True,0,False,0.16356568175,True,VALID,False,,,,,,,,,,,,,,,,,15.774987292074306,436.76477014864474,5.4687553336439745,1825.6388163139688,45.259257181878525,0.991117787568373,55.06376794841976,6.97231101684984,8.143360000000001,3.9654399999999996,333.83077225671957,0.08470787196137083,0.9836154391023666,4346221.698852143,32020.590525832857,21.292946078341384,11.9232,3.77984,0.32542382390611746,27,9.588621137888838,170.17809845824013,31988.095157406067,0.0004774603814777777,19.877119999999998,4033.735704007303,15.273439,123.05477,5.4948945,1866.8967,44.950172,0.9700114609419092,56.457478,7.074920177459717,8.156160000000002,3.99488,339.75116,0.08545675,0.96634895,2429.566,32020.590525832857,20.98088,11.884799999999998,3.72864,0.3492521115462653,5151,9.623412,170.17809845824013,70653.5364165919,0.2699221,19.863039999999998,4153.2583,,,,,,,,,,,,,,,,,,,,,,,,,,,,,,,,,,,,,,,,,,,,,,,,,,,,,,,,,,,,,,,,,,,,,,,,,,,,,,,,,,,,,,,,,,,,,,,,,,,,,,,,,,,,,,,,,,,,,,,,,,,,,,,,,,,,,,,,,,,,,,,,,,,,,,,,,,,,
H0_10ft_32kHz_epoch_22,H0,10FT,True,0,False,0.17675992175,True,VALID,False,,,,,,,,,,,,,,,,,11.9301372625664,1311.5220246034944,48.62245796064947,4198.970823811025,69.68025398348776,0.992744732053716,33.99753920071156,5.700115359941489,11.7184,4.04992,86.35867045644673,0.0786369377398909,0.9612172909181739,6734373.239843774,32023.133545337416,21.6901463490952,15.51616,3.79776,0.1565842475836678,31,12.7104287666846,159.90526606081767,31968.261305813594,0.00038521418566104637,28.471040000000002,6026.055566338769,12.556563,131.42043,29.802164,2873.2214,46.828373,0.9800555053199752,34.779133,5.762505531311035,6.3219199999999995,5.5552,96.40983,0.10388882,1.0208465,3366.6282,32023.133545337416,19.774693,11.00544,4.68352,0.20044141512079025,4625,10.139828,159.90526606081767,67007.06180854506,0.24192247,16.51328000000002,6135.6426,,,,,,,,,,,,,,,,,,,,,,,,,,,,,,,,,,,,,,,,,,,,,,,,,,,,,,,,,,,,,,,,,,,,,,,,,,,,,,,,,,,,,,,,,,,,,,,,,,,,,,,,,,,,,,,,,,,,,,,,,,,,,,,,,,,,,,,,,,,,,,,,,,,,,,,,,,,,
H0_10ft_32kHz_epoch_23,H0,10FT,True,0,False,0.13232216175,True,VALID,False,,,,,,,,,,,,,,,,,13.751707668929786,1601.380821199214,9.188794613210511,1740.5834307776954,37.28250483237018,0.9930731585536179,42.2532340869914,6.172060544868493,5.48352,4.2278400000000005,189.42456590273346,0.1110353424863741,1.0052551586542864,29874016.152829718,31889.324532206447,19.123364399788912,10.10816,4.62464,0.29118335983961835,25,7.755275821687967,153.80415623183217,31931.621527745334,8.088109416542923e-05,15.639039999999993,4668.633286855805,14.663737,162.58824,8.933265,1715.8547,36.001213,0.9806403509023426,43.31935,6.24495792388916,5.39904,4.10624,192.07477,0.11295444,1.0830567,2847.2168,31889.324532206447,19.53802,10.08,4.68096,0.2833476035784249,4542,7.5525837,153.80415623183217,65960.73962418179,0.24053428,15.641600000000006,4766.1025,,,,,,,,,,,,,,,,,,,,,,,,,,,,,,,,,,,,,,,,,,,,,,,,,,,,,,,,,,,,,,,,,,,,,,,,,,,,,,,,,,,,,,,,,,,,,,,,,,,,,,,,,,,,,,,,,,,,,,,,,,,,,,,,,,,,,,,,,,,,,,,,,,,,,,,,,,,,
H0_10ft_32kHz_epoch_24,H0,10FT,True,0,False,0.24235224175,True,VALID,False,,,,,,,,,,,,,,,,,14.772160081741553,1589.1849763225118,6.0454839850093665,2851.659710658967,51.0986990147396,0.9917605464468906,47.7995708751545,6.56997831798545,8.570879999999999,3.9807999999999995,471.70081299188894,0.07659097592665332,1.0834042448767596,6080658.47789956,32020.590525832857,22.990085854181114,12.35072,3.77984,0.42769321324883347,20,12.254584388221843,203.31011762710114,31972.048774832798,0.0004031469389582726,19.910400000000024,5580.68946106895,14.829953,143.94179,25.601906,2328.2412,40.871067,0.9777460716613127,48.988297,6.655212879180908,3.104,1.80992,90.940155,0.09086545,1.0988753,2865.4883,32020.590525832857,21.594814,12.24704,9.14304,0.1690019395675911,4498,9.926404,203.31011762710114,68800.63708946292,0.2533512,23.032319999999995,5696.551,,,,,,,,,,,,,,,,,,,,,,,,,,,,,,,,,,,,,,,,,,,,,,,,,,,,,,,,,,,,,,,,,,,,,,,,,,,,,,,,,,,,,,,,,,,,,,,,,,,,,,,,,,,,,,,,,,,,,,,,,,,,,,,,,,,,,,,,,,,,,,,,,,,,,,,,,,,,
H0_10ft_32kHz_epoch_25,H0,10FT,True,0,False,0.17008856175,True,VALID,False,,,,,,,,,,,,,,,,,14.625673469044905,1853.4869505650033,49.07897178309702,2856.269067417401,45.57623622734812,0.9933673945495142,40.18948095284522,6.080524876932506,6.26176,3.96032,58.197410492536086,0.10943746750554308,1.238713869863193,7044419.290993837,32023.456063803973,21.047257784568778,15.52768,9.265920000000001,0.12520097987736467,22,8.166965230702088,159.16941749573016,31960.88376446207,0.0003771750708638113,23.55968,6267.013917449034,15.120383,170.30688,16.301872,2838.0894,44.533245,0.9821221277035176,41.008823,6.145442008972168,6.32448,3.91296,174.09592,0.10914185,1.2913932,3462.9004,32023.456063803973,21.339317,10.22848,3.904,0.21827997457027334,4917,9.969145,159.16941749573016,66346.51295051655,0.237518,16.202240000000007,6372.968,,,,,,,,,,,,,,,,,,,,,,,,,,,,,,,,,,,,,,,,,,,,,,,,,,,,,,,,,,,,,,,,,,,,,,,,,,,,,,,,,,,,,,,,,,,,,,,,,,,,,,,,,,,,,,,,,,,,,,,,,,,,,,,,,,,,,,,,,,,,,,,,,,,,,,,,,,,,
H0_10ft_32kHz_epoch_26,H0,10FT,True,0,False,0.23012568175,True,VALID,False,,,,,,,,,,,,,,,,,13.509468456300207,1831.9085797881526,2.65868741356765,1972.559958977306,39.14427460884277,0.9929040500692458,46.58990362173644,6.544990113997623,1.45408,3.98848,741.9300023428077,0.07690340982161273,1.0259921575260451,3998756.697384167,32021.667643382672,22.46938164484284,5.2288,3.77472,0.5420025302289571,15,14.346132892669981,171.68836044483396,32002.273419407607,0.0005291246509955732,11.233280000000011,5039.20427364788,13.32802,146.78511,1.2597378,2400.0647,46.691483,0.9835633742920047,47.34499,6.606352806091309,3.92704,3.99232,1905.2096,0.039231826,1.0223113,2939.492,32021.667643382672,28.267422,5.16736,1.24032,0.9962683229923753,2239,21.092823,171.68836044483396,66696.80530724548,0.24349402,7.916800000000002,5140.262,,,,,,,,,,,,,,,,,,,,,,,,,,,,,,,,,,,,,,,,,,,,,,,,,,,,,,,,,,,,,,,,,,,,,,,,,,,,,,,,,,,,,,,,,,,,,,,,,,,,,,,,,,,,,,,,,,,,,,,,,,,,,,,,,,,,,,,,,,,,,,,,,,,,,,,,,,,,
H0_10ft_32kHz_epoch_27,H0,10FT,False,0,False,0.05247320175,False,TOO_EARLY,False,,,,,,,,,,,,,,,,,11.68062298482218,8.048585116111532,45.39407745300352,2461.8181024255427,22.948354702395694,0.7971445608630364,19.25699499134062,4.303491864597809,5.43232,4.908799999999999,54.23214305808336,0.06905486724456679,1.255676532692184,15831724.883193335,31888.47647918094,25.151755070289525,10.18368,4.75136,0.1914485251384739,4,13.353146757280554,146.43955944517074,31960.19396201622,0.0002345624381591994,15.330559999999993,10727.645333843991,11.745688,8.08906,41.240013,2519.6006,23.124647,0.797307820730276,19.657845,4.343814849853516,5.4784,4.12928,61.09602,0.069466114,1.2725251,5912.0684,31888.47647918094,25.21207,10.1696,4.6912,0.20038480656249902,963,13.407242,132.97385282952382,59679.63674529558,0.19549347,15.375359999999949,10895.736,,,,,,,,,,,,,,,,,,,,,,,,,,,,,,,,,,,,,,,,,,,,,,,,,,,,,,,,,,,,,,,,,,,,,,,,,,,,,,,,,,,,,,,,,,,,,,,,,,,,,,,,,,,,,,,,,,,,,,,,,,,,,,,,,,,,,,,,,,,,,,,,,,,,,,,,,,,,
H0_10ft_32kHz_epoch_28,H0,10FT,False,0,False,0.06617688175,False,TOO_EARLY,False,,,,,,,,,,,,,,,,,14.397811208771298,1825.8941749036767,16.912309790719128,2257.394642319814,56.15992095597711,0.9908087957171697,39.644984530796705,5.994846918849908,11.81696,4.04608,133.47642458376092,0.12223495274197135,0.9765888767318253,8620477.836297832,31968.015030743663,18.039075485043945,15.60192,3.78496,0.23162019151871313,24,6.162195690587207,146.65047454663,31956.71388361697,0.0002510366545046048,26.46656,4019.5830120368128,13.838339,154.39026,16.821451,2350.3694,57.06327,0.9749162496380072,40.652615,6.0734405517578125,11.884799999999998,4.00896,139.72453,0.121286444,0.95016396,2805.7327,31968.015030743663,17.838228,15.54304,3.65824,0.25476576092022724,4033,6.422085,146.65047454663,67265.61054109035,0.25247356,26.556159999999995,4118.8833,,,,,,,,,,,,,,,,,,,,,,,,,,,,,,,,,,,,,,,,,,,,,,,,,,,,,,,,,,,,,,,,,,,,,,,,,,,,,,,,,,,,,,,,,,,,,,,,,,,,,,,,,,,,,,,,,,,,,,,,,,,,,,,,,,,,,,,,,,,,,,,,,,,,,,,,,,,,
H0_10ft_32kHz_epoch_29,H0,10FT,True,0,False,0.10196056175000001,True,VALID,False,,,,,,,,,,,,,,,,,13.239800916930564,1871.7480457083373,36.94689317163029,3503.3406078354765,66.43343525727765,0.9925449356009621,38.525748574964744,5.943875506919528,12.58752,4.00128,94.82097971154515,0.10107100565833374,1.0286179029457598,8146133.011914102,31885.747691363846,20.122647117151704,15.89888,3.31136,0.1749950554186882,28,9.638667660330784,207.45676887083755,31961.250630016446,0.0002788435625025037,29.003520000000005,5273.459959232841,13.552203,153.96861,36.917828,3628.0862,67.5641,0.9786501600094066,39.408863,6.012939453125,12.692480000000002,3.99232,98.274635,0.09929348,1.0624676,2939.792,31885.747691363846,20.452078,15.834879999999998,3.1424,0.18375815865226672,4959,9.961237,207.45676887083755,66389.91805156734,0.24087803,29.045760000000005,5369.843,,,,,,,,,,,,,,,,,,,,,,,,,,,,,,,,,,,,,,,,,,,,,,,,,,,,,,,,,,,,,,,,,,,,,,,,,,,,,,,,,,,,,,,,,,,,,,,,,,,,,,,,,,,,,,,,,,,,,,,,,,,,,,,,,,,,,,,,,,,,,,,,,,,,,,,,,,,,
H0_10ft_32kHz_epoch_3,H0,10FT,True,0,False,0.23383000175,True,VALID,False,,,,,,,,,,,,,,,,,14.163670257043307,121.58567983209907,70.63014079826604,2296.958073187306,43.58737557207471,0.9887897365410141,36.31009002912812,5.797351024399082,6.303999999999999,2.68032,32.5209329504357,0.0880718327134325,1.1000103686558005,1221533566.7841697,32021.667643382672,21.915477077703432,15.54048,9.23648,0.08391294101246874,17,9.096687471027147,200.30308718563901,31923.607765848235,1.7311548673019828e-06,29.597439999999974,5269.778331547136,40.39869,13.41499,497.54688,92073.95,79.214165,0.8305958220502713,116.56484,9.788241386413574,4.93952,,185.05583,1e-10,14.735307,3251.126,3.5768408426006895,207.62804,,,0.005686934813300215,15762,96.7285,143.07363370402757,38172.62507889214,0.22756724,75.34976,116234.195,,,,,,,,,,,,,,,,,,,,,,,,,,,,,,,,,,,,,,,,,,,,,,,,,,,,,,,,,,,,,,,,,,,,,,,,,,,,,,,,,,,,,,,,,,,,,,,,,,,,,,,,,,,,,,,,,,,,,,,,,,,,,,,,,,,,,,,,,,,,,,,,,,,,,,,,,,,,
H0_10ft_32kHz_epoch_30,H0,10FT,True,0,False,0.15762136175,True,VALID,False,,,,,,,,,,,,,,,,,15.90646468393596,541.8389453320792,79.12323450052303,2386.4949085352705,44.31830919668679,0.9931396807217326,47.16976737952593,6.598855673753725,6.478079999999999,2.84416,30.161746086247057,0.10676006219392918,1.1459480482325568,24042368.650578253,31891.074450900036,20.601776341142894,15.660799999999998,9.18272,0.09485009636818477,20,7.565935225763867,152.1060880024961,31936.599464516374,9.857326358912367e-05,24.28543999999999,5384.896111320148,16.747368,159.95349,12.717697,2243.0144,40.765625,0.9743415463463464,48.305897,6.673066139221191,6.45376,2.71872,176.36954,0.108120754,1.2196022,2919.9062,31891.074450900036,20.997763,10.3872,3.93344,0.19451744322149908,4486,8.968716,152.1060880024961,68490.63549239466,0.2546321,16.22527999999998,5502.22,,,,,,,,,,,,,,,,,,,,,,,,,,,,,,,,,,,,,,,,,,,,,,,,,,,,,,,,,,,,,,,,,,,,,,,,,,,,,,,,,,,,,,,,,,,,,,,,,,,,,,,,,,,,,,,,,,,,,,,,,,,,,,,,,,,,,,,,,,,,,,,,,,,,,,,,,,,,
H0_10ft_32kHz_epoch_31,H0,10FT,False,0,False,0.02971864175,False,TOO_EARLY,False,,,,,,,,,,,,,,,,,11.585993484489695,5.368510816916285,16089626988821.219,1608.962698882122,16.16523705599008,0.796697849783427,21.499269256946157,4.547559284336827,5.207039999999999,4.1113599999999995,0.0,0.06986227171791784,1.2366307074890635,174015030.2586058,31898.26663431295,24.950113667977718,10.064639999999999,4.8576,0,0,14.228357714924728,155.5925766531327,31935.613840239428,1.8061968145939227e-05,0,9953.22675015087,11.770858,5.461129,16725733000000.0,1672.5734,16.55459,0.7968830621646084,21.798943,4.577179431915283,5.18784,2.8032,0.0,0.07010945,1.2658038,4992.5376,31898.26663431295,25.064342,10.0096,4.821759999999999,0,0,14.352165,155.5925766531327,59758.03081197086,0.19709371,0,10103.381,,,,,,,,,,,,,,,,,,,,,,,,,,,,,,,,,,,,,,,,,,,,,,,,,,,,,,,,,,,,,,,,,,,,,,,,,,,,,,,,,,,,,,,,,,,,,,,,,,,,,,,,,,,,,,,,,,,,,,,,,,,,,,,,,,,,,,,,,,,,,,,,,,,,,,,,,,,,
H0_10ft_32kHz_epoch_32,H0,10FT,True,0,False,0.12517976174999998,True,VALID,False,,,,,,,,,,,,,,,,,14.377061002896488,1871.3744933662367,264.794170811096,3930.7143833010687,57.36653989865206,0.9928899841563712,52.59291186632319,6.8650497041471095,18.49856,3.87584,14.844414328436097,0.12030601753923952,1.2003837209212649,9861015.126717774,32020.735918315855,19.936989594690658,22.24512,3.74656,0.05773255380578304,32,7.165592082860427,39.74176626907138,31985.043607598836,0.0003382087212059307,34.97472000000001,6851.928650822065,14.387242,163.07697,15.268897,5840.6006,83.9557,0.9773618264613789,53.49612,6.931872367858887,11.84256,3.61472,382.5162,0.059346154,1.2103887,4038.7607,32020.735918315855,26.170519,13.25056,1.408,0.3450445689732265,3791,17.275919,39.74176626907138,67395.7104482769,0.24468628,22.133760000000002,6956.764,,,,,,,,,,,,,,,,,,,,,,,,,,,,,,,,,,,,,,,,,,,,,,,,,,,,,,,,,,,,,,,,,,,,,,,,,,,,,,,,,,,,,,,,,,,,,,,,,,,,,,,,,,,,,,,,,,,,,,,,,,,,,,,,,,,,,,,,,,,,,,,,,,,,,,,,,,,,
H0_10ft_32kHz_epoch_33,H0,10FT,True,0,False,0.17104856175,True,VALID,False,,,,,,,,,,,,,,,,,13.25020479206694,1911.5808477679288,25.35167076683235,2568.9911476413417,35.07210147971635,0.9932607318093216,44.01668690560922,6.340813104447023,2.9632,3.69792,101.33419494386239,0.1286889519663497,1.2132430093658157,7309345.775894735,32019.879222961372,19.48436958040425,12.14976,9.18656,0.16772635237389105,25,7.361147673247879,160.9578379170307,32014.598595123367,0.00040302914563064416,20.985599999999994,7324.885134490902,14.289095,179.06534,24.616585,2559.7385,34.45026,0.9839071952509559,44.751392,6.398616790771484,2.96576,3.54432,103.98431,0.12989067,1.3177445,3948.7012,32019.879222961372,20.08767,12.116480000000001,9.15072,0.1683663767515991,4253,7.2719693,160.9578379170307,64650.63379182298,0.2273925,20.90496,7430.2446,,,,,,,,,,,,,,,,,,,,,,,,,,,,,,,,,,,,,,,,,,,,,,,,,,,,,,,,,,,,,,,,,,,,,,,,,,,,,,,,,,,,,,,,,,,,,,,,,,,,,,,,,,,,,,,,,,,,,,,,,,,,,,,,,,,,,,,,,,,,,,,,,,,,,,,,,,,,
H0_10ft_32kHz_epoch_34,H0,10FT,True,0,False,0.19025240175,True,VALID,False,,,,,,,,,,,,,,,,,14.070028630109048,1669.7444674034755,59.188806250890174,2888.499557267268,58.93754372775002,0.9933657163684763,44.824470641552196,6.413174048805394,11.50208,3.95136,48.80144980484223,0.0805738015146303,1.0538041762606585,19094654.47482901,32023.456063803973,22.310127271059798,15.258880000000001,3.7567999999999997,0.14594841826716612,30,10.945840970355817,105.5168048567175,31948.899142768863,0.0001237160883360245,23.45984000000001,4900.950013475357,13.918119,145.41588,9.476996,3099.1616,62.037926,0.9819129079803787,45.689285,6.479950428009033,8.643839999999999,3.97184,327.01938,0.07149973,1.0524437,2925.8855,32023.456063803973,23.307627,11.773439999999999,3.1296000000000004,0.3843139996678952,3741,13.417254,105.5168048567175,67526.68997465941,0.24679215,20.455680000000005,4995.592,,,,,,,,,,,,,,,,,,,,,,,,,,,,,,,,,,,,,,,,,,,,,,,,,,,,,,,,,,,,,,,,,,,,,,,,,,,,,,,,,,,,,,,,,,,,,,,,,,,,,,,,,,,,,,,,,,,,,,,,,,,,,,,,,,,,,,,,,,,,,,,,,,,,,,,,,,,,
H0_10ft_32kHz_epoch_35,H0,10FT,True,0,False,0.22321624175,True,VALID,False,,,,,,,,,,,,,,,,,14.542649580255185,1681.2453550224766,2.9486318227566857,2222.3439257178775,41.60652620706167,0.9930990815670521,46.79018866117907,6.524759062079363,1.5462399999999998,3.9616000000000002,753.6864753904425,0.07842390595707659,1.1370858198940101,7939623.20300705,32073.53183560038,23.215480148217654,5.31456,3.76832,0.5504716098874896,15,14.623463817520559,207.4567688708412,31958.844054463916,0.000256628079852075,9.224960000000005,5341.334949853728,14.539723,150.8138,5.3833046,1711.8167,31.433264,0.9826867049046263,47.753063,6.599184513092041,2.77248,1.85088,317.9862,0.09633786,1.147929,2709.181,32073.53183560038,21.436033,6.57792,3.8054400000000004,0.2694278513812622,3370,10.784598,207.4567688708412,66697.90825301464,0.24037978,14.475520000000019,5445.8765,,,,,,,,,,,,,,,,,,,,,,,,,,,,,,,,,,,,,,,,,,,,,,,,,,,,,,,,,,,,,,,,,,,,,,,,,,,,,,,,,,,,,,,,,,,,,,,,,,,,,,,,,,,,,,,,,,,,,,,,,,,,,,,,,,,,,,,,,,,,,,,,,,,,,,,,,,,,
H0_10ft_32kHz_epoch_36,H0,10FT,True,0,False,0.25263960175,True,VALID,False,,,,,,,,,,,,,,,,,14.41610022191215,129.11456739910975,46.02849208931149,3155.2242342759005,55.02846690948937,0.9889898558205051,49.53151987976748,6.734001871510992,13.43744,3.94624,68.54937216168305,0.07915774368908489,1.1678686439904011,18969157.96180185,32025.244484225273,23.346660047054122,17.19936,3.7619200000000004,0.10699812862786769,28,10.96947680177947,66.17155558811282,31942.164848181434,0.00016368300874236645,34.93759999999996,5733.8036319738785,58.81788,20.13865,1025.7036,31713.025,72.22054,0.8323905013270967,280.6713,14.668351173400879,1.81376,,30.918312,1e-10,13.186295,1119.6732,5.365261263901035,207.6573,,,0.0030957538755081422,16250,92.10272,32071.74341517908,42209.83324363388,0.2527009,77.75872,43911.367,,,,,,,,,,,,,,,,,,,,,,,,,,,,,,,,,,,,,,,,,,,,,,,,,,,,,,,,,,,,,,,,,,,,,,,,,,,,,,,,,,,,,,,,,,,,,,,,,,,,,,,,,,,,,,,,,,,,,,,,,,,,,,,,,,,,,,,,,,,,,,,,,,,,,,,,,,,,
H0_10ft_32kHz_epoch_37,H0,10FT,True,0,False,0.26303064175,True,VALID,False,,,,,,,,,,,,,,,,,13.750462834271293,2532.7900627474473,2.6317786017908107,4223.06255859141,41.630796390649714,0.9937311584676133,56.15966488767848,7.256762748283029,1.53088,3.6531200000000004,1604.6420301911176,0.10004090769858237,1.481659848447454,13867819.642548691,32025.244484225273,23.3650689856316,5.26976,3.73888,0.3315490295885833,11,15.32926870098365,146.65047454662636,31974.169887088952,0.00019452729568335478,19.910399999999996,10144.083046030484,13.505161,198.54015,3.658578,2728.7014,26.645601,0.9876078622184038,56.70236,7.298670291900635,2.78656,3.65184,745.8366,0.12525855,1.4621434,4692.913,32025.244484225273,21.26007,4.57984,1.79328,0.34742756585463375,2289,12.096051,146.65047454662636,63147.47399526092,0.21735664,13.285119999999983,10240.72,,,,,,,,,,,,,,,,,,,,,,,,,,,,,,,,,,,,,,,,,,,,,,,,,,,,,,,,,,,,,,,,,,,,,,,,,,,,,,,,,,,,,,,,,,,,,,,,,,,,,,,,,,,,,,,,,,,,,,,,,,,,,,,,,,,,,,,,,,,,,,,,,,,,,,,,,,,,
H0_10ft_32kHz_epoch_38,H0,10FT,True,0,False,0.30035288175,True,VALID,False,,,,,,,,,,,,,,,,,13.122243434912303,1963.864142143046,81.89616451382689,2482.321966708535,42.109202383578406,0.9929626438368271,38.57301888720399,5.9599001471922755,7.872000000000001,2.7136,30.31060100844215,0.08367459610178149,1.0778874998819885,7851060.422956921,32023.456063803973,22.19376439450732,17.13408,9.262080000000001,0.08331744231107123,34,9.455961776190797,187.7841442365352,31959.930417182957,0.00032762691344944133,26.06464000000003,5894.963158163594,13.753627,180.89906,69.34604,2547.3694,42.56272,0.9858468975301431,39.158634,6.006824493408203,6.97984,2.6009599999999997,36.734173,0.08374143,1.1383438,3650.8384,32023.456063803973,22.626556,16.117759999999997,9.137920000000001,0.08805740738413592,6829,9.830868,187.7841442365352,64987.07866397158,0.23369732,26.00832000000003,5984.978,,,,,,,,,,,,,,,,,,,,,,,,,,,,,,,,,,,,,,,,,,,,,,,,,,,,,,,,,,,,,,,,,,,,,,,,,,,,,,,,,,,,,,,,,,,,,,,,,,,,,,,,,,,,,,,,,,,,,,,,,,,,,,,,,,,,,,,,,,,,,,,,,,,,,,,,,,,,
H0_10ft_32kHz_epoch_39,H0,10FT,True,0,False,0.33135960175,True,VALID,False,,,,,,,,,,,,,,,,,14.686014856308534,1635.007013245538,9.824369957788848,2704.593485019336,56.45936836362918,0.9929414196517814,45.00815830089579,6.413809971047942,8.093440000000001,3.9974399999999997,275.29434423162456,0.058767803620628535,1.0549855774478154,13671647.82005708,32024.816758664372,25.0798516230763,11.87712,3.7836800000000004,0.3466126039651887,28,14.494765896819677,200.30238590776207,31964.937307475244,0.0001797828935316947,19.912960000000034,4790.336065398784,14.379274,145.89212,24.68417,1607.234,32.874443,0.9818151473218324,45.97378,6.484918117523193,2.61888,1.7408000000000001,65.11193,0.07757928,1.0435344,2867.0244,32024.816758664372,22.519604,11.77216,9.15328,0.1280056514878508,5524,9.857763,200.30238590776207,68120.90843292436,0.2515443,20.104960000000005,4889.0073,,,,,,,,,,,,,,,,,,,,,,,,,,,,,,,,,,,,,,,,,,,,,,,,,,,,,,,,,,,,,,,,,,,,,,,,,,,,,,,,,,,,,,,,,,,,,,,,,,,,,,,,,,,,,,,,,,,,,,,,,,,,,,,,,,,,,,,,,,,,,,,,,,,,,,,,,,,,
H0_10ft_32kHz_epoch_4,H0,10FT,True,0,False,0.17761368175,True,VALID,False,,,,,,,,,,,,,,,,,14.497304850422857,1221.70880839832,1.2008288787967032,1434.1501308926822,43.14185490574764,0.9909902105133639,37.34373530085557,5.757988660707453,4.57984,4.035839999999999,1194.3001673391298,0.02735132106425954,0.8675504534588793,6173771.700504415,31969.270718874825,30.01281020851981,5.20832,0.6284799999999999,0.9587384080657652,13,21.956871488391055,163.27169271472667,31966.834821003933,0.0003418595062062202,8.54784,3324.266270019772,15.430745,122.58442,1.2167764,1378.606,40.06471,0.9738096655561306,38.916813,5.872926712036133,3.9807999999999995,4.00768,1132.9987,0.026752077,0.93947566,2171.7227,31969.270718874825,30.910393,4.48128,0.5004799999999999,0.9502560813857008,1928,22.635815,163.27169271472667,69962.6070194243,0.2619853,8.648960000000011,3440.9482,,,,,,,,,,,,,,,,,,,,,,,,,,,,,,,,,,,,,,,,,,,,,,,,,,,,,,,,,,,,,,,,,,,,,,,,,,,,,,,,,,,,,,,,,,,,,,,,,,,,,,,,,,,,,,,,,,,,,,,,,,,,,,,,,,,,,,,,,,,,,,,,,,,,,,,,,,,,
H0_10ft_32kHz_epoch_40,H0,10FT,True,0,False,0.44418904175,True,VALID,False,,,,,,,,,,,,,,,,,15.504923656986353,335.88584451828314,2.3361920443881345,2249.2425007233114,51.785720806690016,0.9891736111886712,53.789859320399444,6.7035632046903535,3.71968,3.9360000000000004,962.7815085348304,0.03094729937358036,1.0932199733334815,3349092.349127094,31969.803451164964,30.95138206427734,5.16736,1.44768,0.5310922701194463,11,22.873946188299307,198.51466676433847,31998.542804886754,0.0007135405185116286,11.503360000000018,4343.364282056469,15.284329,140.14334,2.3094087,2271.0833,51.044052,0.974517134058977,54.986298,6.799142360687256,3.75808,3.97312,983.40466,0.032012638,1.0907252,2664.545,31969.803451164964,30.584734,5.1417600000000006,1.38368,0.6068841747884568,2476,22.646954,198.51466676433847,67864.12610237769,0.25173825,11.402240000000008,4449.261,,,,,,,,,,,,,,,,,,,,,,,,,,,,,,,,,,,,,,,,,,,,,,,,,,,,,,,,,,,,,,,,,,,,,,,,,,,,,,,,,,,,,,,,,,,,,,,,,,,,,,,,,,,,,,,,,,,,,,,,,,,,,,,,,,,,,,,,,,,,,,,,,,,,,,,,,,,,
H0_10ft_32kHz_epoch_41,H0,10FT,False,0,False,0.03740888175,False,TOO_EARLY,False,,,,,,,,,,,,,,,,,11.512406192739407,5.409074584088333,3729674158241.4727,372.9674158241473,5.249056349174996,0.7974234624804848,26.110134665978382,4.978297846327031,0.6515200000000001,2.12736,0.0,0.06614462775970419,1.0382112493299445,12717836.544538109,32027.032904646574,23.896667255788714,9.89952,9.248,0,0,18.181022265011553,69.74839643071027,31955.16340312132,0.00023685228709440848,0,7105.418403114723,12.261884,5.8345885,5732342700000.0,573.23425,7.730446,0.7976679950813921,26.261168,5.002494812011719,,,0.0,0.0666097,1.1296551,3720.7407,32027.032904646574,24.51978,,4.7206399999999995,0,0,19.813656,69.74839643071027,63447.1416492639,0.23539378,0,7415.2803,,,,,,,,,,,,,,,,,,,,,,,,,,,,,,,,,,,,,,,,,,,,,,,,,,,,,,,,,,,,,,,,,,,,,,,,,,,,,,,,,,,,,,,,,,,,,,,,,,,,,,,,,,,,,,,,,,,,,,,,,,,,,,,,,,,,,,,,,,,,,,,,,,,,,,,,,,,,
H0_10ft_32kHz_epoch_42,H0,10FT,True,0,False,0.14845528175,True,VALID,False,,,,,,,,,,,,,,,,,14.99379201824653,154.02856468408058,13.462347926059586,3612.157156220458,48.06269739672268,0.9917112735180055,56.8478852035157,7.096326099989753,9.01248,3.9807999999999995,268.31554020580023,0.1237340242889639,1.349119123998117,3439674827.3622913,32026.49997199133,20.73936204861542,12.73728,3.7248,0.25418049164524,24,8.978306040450127,171.6877593495119,31952.10378470934,8.299036069957242e-07,19.893759999999983,7515.5106805693285,40.806606,13.65779,12.216557,94694.02,77.84369,0.8244887209435796,116.108734,9.724194526672363,5.07904,,7751.286,1e-10,14.772011,3333.815,8.416066634779874,207.62592,,,0.09264343323535777,1286,96.85147,138.0234928103899,38039.0864197137,0.22527345,151.7696,121646.375,,,,,,,,,,,,,,,,,,,,,,,,,,,,,,,,,,,,,,,,,,,,,,,,,,,,,,,,,,,,,,,,,,,,,,,,,,,,,,,,,,,,,,,,,,,,,,,,,,,,,,,,,,,,,,,,,,,,,,,,,,,,,,,,,,,,,,,,,,,,,,,,,,,,,,,,,,,,
H0_10ft_32kHz_epoch_43,H0,10FT,False,0,False,0.01990232175,False,TOO_EARLY,False,,,,,,,,,,,,,,,,,11.4018201380199,4.932544822086969,12.205291684063504,3407.9809273531264,24.846491304291657,0.7965258339359281,26.61914358954625,4.940951618174947,8.9728,3.9833600000000002,279.2215881085185,0.3226868726045773,1.385957130547662,20214780.136387322,32071.94673181914,12.627638304174019,12.702720000000001,3.72992,0.2842599826145928,28,0.4093765614431536,63.96210642432925,31949.58409833843,0.00017195596717839567,19.936000000000003,13716.145614348581,11.122247,4.820105,12.4067135,3593.2456,25.900602,0.7966864991580386,27.06294,4.988460063934326,9.09696,3.6569599999999998,289.62106,0.31709737,1.3596922,6832.9927,32071.94673181914,12.626583,12.66432,3.56736,0.2980491937304515,4397,0.8103334,63.96210642432925,59880.53040859553,0.19401772,20.006399999999996,13873.213,,,,,,,,,,,,,,,,,,,,,,,,,,,,,,,,,,,,,,,,,,,,,,,,,,,,,,,,,,,,,,,,,,,,,,,,,,,,,,,,,,,,,,,,,,,,,,,,,,,,,,,,,,,,,,,,,,,,,,,,,,,,,,,,,,,,,,,,,,,,,,,,,,,,,,,,,,,,
H0_10ft_32kHz_epoch_44,H0,10FT,False,0,False,0.02384984175,False,TOO_EARLY,False,,,,,,,,,,,,,,,,,13.745050748253664,4.358705808865341,97.55114258687985,3573.6368573099194,53.20325467682386,0.9936156098664127,47.36924828895105,6.570456804886945,13.81888,3.9795200000000004,36.63347001925122,0.2699862562205291,1.2447223209660085,14149796.896799142,32071.512987932623,13.250545114994171,17.547520000000002,3.72864,0.08029288937309771,31,0.7631633666758768,43.8760884322146,31957.400737833723,0.00022975468010562016,27.69536,6716.951583164321,13.579703,4.3190084,16.294395,3590.6687,52.689606,0.977080126019249,48.034893,6.624093055725098,9.48736,3.9859199999999997,220.3622,0.26437905,1.2386696,4181.6367,32071.512987932623,13.372989,13.02144,3.5340800000000003,0.2928501111665666,3229,2.2608888,43.8760884322146,65672.39169167278,0.23469456,20.1024,6814.757,,,,,,,,,,,,,,,,,,,,,,,,,,,,,,,,,,,,,,,,,,,,,,,,,,,,,,,,,,,,,,,,,,,,,,,,,,,,,,,,,,,,,,,,,,,,,,,,,,,,,,,,,,,,,,,,,,,,,,,,,,,,,,,,,,,,,,,,,,,,,,,,,,,,,,,,,,,,
H0_10ft_32kHz_epoch_45,H0,10FT,True,0,False,0.36894552175,True,VALID,False,,,,,,,,,,,,,,,,,13.8554244106308,122.43230063497113,23.161328215080374,1595.858180317805,28.51155851190303,0.9854615490084611,47.36519565087119,6.63099952927344,7.0656,3.0976,68.90184213513382,0.08150462866892198,1.0758855378160184,1150425528.6956544,32024.816758664372,22.408719124920804,12.286719999999999,5.22112,0.10993587264881013,35,9.208382816810825,40.39711984694077,31925.199642168613,2.0437758431226745e-06,25.702400000000015,5597.232363329195,41.64049,13.8256,510.9411,91996.31,78.994194,0.8182880887771331,122.89279,10.037662506103516,4.93056,,180.05267,1e-10,14.749013,3219.9263,5.049639980867924,207.63002,,,0.005590254268851087,16055,96.72576,143.07313279125785,38275.4324253875,0.22830436,75.11936,116459.59,,,,,,,,,,,,,,,,,,,,,,,,,,,,,,,,,,,,,,,,,,,,,,,,,,,,,,,,,,,,,,,,,,,,,,,,,,,,,,,,,,,,,,,,,,,,,,,,,,,,,,,,,,,,,,,,,,,,,,,,,,,,,,,,,,,,,,,,,,,,,,,,,,,,,,,,,,,,
H0_10ft_32kHz_epoch_46,H0,10FT,True,0,False,0.44660824175,True,VALID,False,,,,,,,,,,,,,,,,,15.69868683885184,953.7518783775051,3.23304981970337,2875.433559690694,41.701069712641676,0.9932125010242168,57.6533358694722,7.231626638317996,1.504,3.90784,889.3873339552156,0.0652610379796006,1.3148764968102278,6728863.572273606,32022.325588966618,26.081125236819027,5.26208,3.75808,0.47876179229704485,13,17.3845535576597,170.0947596316255,31966.889010295534,0.0003787029487744367,8.537600000000033,6895.347240502478,15.175393,185.03857,3.1803703,2920.3018,41.77365,0.9807552265246444,58.460182,7.287235260009766,1.5296,3.66848,918.2269,0.06516503,1.2798121,3264.766,32022.325588966618,25.80816,5.18784,3.65824,0.5121168884564434,2690,17.52623,170.0947596316255,66059.4763684173,0.23908956,8.586240000000023,6990.7744,,,,,,,,,,,,,,,,,,,,,,,,,,,,,,,,,,,,,,,,,,,,,,,,,,,,,,,,,,,,,,,,,,,,,,,,,,,,,,,,,,,,,,,,,,,,,,,,,,,,,,,,,,,,,,,,,,,,,,,,,,,,,,,,,,,,,,,,,,,,,,,,,,,,,,,,,,,,
H0_10ft_32kHz_epoch_47,H0,10FT,True,0,False,0.39656792175000005,True,VALID,False,,,,,,,,,,,,,,,,,15.28037934580583,2506.0720617757056,3.4912366273336937,2125.323638227288,36.31705751581664,0.993075666513257,54.10025535949739,6.934728525502478,1.48224,3.93856,608.7595500079518,0.06826185959528977,1.2505934307676714,6446123.662695381,32025.244484225273,25.241515047557673,5.23648,3.75424,0.365307194210248,15,15.703883721403464,198.51466676433847,31963.584708172773,0.000339955655411431,9.27743999999997,5852.136113454787,14.810205,179.70985,3.5631864,2121.3086,35.692715,0.98220108899002,54.952797,6.999207973480225,1.4208,3.96032,595.34033,0.06904977,1.221513,3027.834,32025.244484225273,24.903103,5.1392,3.7184000000000004,0.4327716064166021,2569,15.669714,198.51466676433847,66110.62306568923,0.23841017,9.354239999999958,5943.2534,,,,,,,,,,,,,,,,,,,,,,,,,,,,,,,,,,,,,,,,,,,,,,,,,,,,,,,,,,,,,,,,,,,,,,,,,,,,,,,,,,,,,,,,,,,,,,,,,,,,,,,,,,,,,,,,,,,,,,,,,,,,,,,,,,,,,,,,,,,,,,,,,,,,,,,,,,,,
H0_10ft_32kHz_epoch_48,H0,10FT,True,0,False,0.47520728175000004,True,VALID,False,,,,,,,,,,,,,,,,,15.288538968928409,71.41884472780703,2.5468746522356875,2480.7799398339785,36.9416221148551,0.9681164714218795,56.35810934026186,7.084417740481395,1.49888,3.90656,974.0486983354501,0.06405030297725237,1.26370496013194,319916.89057030133,32019.146247665092,25.89737433841507,5.24672,3.74784,0.43009025704019516,14,16.9117565387554,74.71452058585419,32587.26241686644,0.006573491737525111,8.532479999999953,6715.406086178228,15.020751,66.087906,1.5433401,3418.415,50.16271,0.9630108272464831,57.34006,7.155905246734619,3.7593599999999996,3.68384,2214.946,0.03331223,1.2507114,3439.0642,32019.146247665092,31.405712,5.158399999999999,1.39904,0.9350793310692004,2506,24.060623,74.71452058585419,66520.2992212222,0.24325979,7.75039999999999,6814.654,,,,,,,,,,,,,,,,,,,,,,,,,,,,,,,,,,,,,,,,,,,,,,,,,,,,,,,,,,,,,,,,,,,,,,,,,,,,,,,,,,,,,,,,,,,,,,,,,,,,,,,,,,,,,,,,,,,,,,,,,,,,,,,,,,,,,,,,,,,,,,,,,,,,,,,,,,,,
H0_10ft_32kHz_epoch_49,H0,10FT,False,0,False,0.00014424175,False,TOO_EARLY,False,,,,,,,,,,,,,,,,,11.050107053859634,5.517507563438605,95.79383429184473,3288.050726535566,27.33758038889903,0.7995039430262864,27.552196819464374,5.0241570753555305,3.4611199999999998,3.1027199999999997,34.32424175139119,0.07353605778818499,1.2223603918047627,30358.1807358556,32019.146247665092,24.41154565590965,12.71424,9.253120000000001,0.09283333429707162,319,13.100079166775316,25.43473041220568,40642.07758879812,0.09362472031521442,22.91456000000003,12027.585030424701,11.696812,5.8304467,90.42581,3342.016,27.342245,0.7994704395358309,28.01271,5.073646545410156,3.5123200000000003,3.10016,36.958652,0.073953174,1.3043624,5728.127,32019.146247665092,24.77105,12.67328,9.16096,0.09622791208198662,6395,13.130999,25.43473041220568,62752.20660250726,0.23907374,23.000320000000073,12222.903,,,,,,,,,,,,,,,,,,,,,,,,,,,,,,,,,,,,,,,,,,,,,,,,,,,,,,,,,,,,,,,,,,,,,,,,,,,,,,,,,,,,,,,,,,,,,,,,,,,,,,,,,,,,,,,,,,,,,,,,,,,,,,,,,,,,,,,,,,,,,,,,,,,,,,,,,,,,
H0_10ft_32kHz_epoch_5,H0,10FT,False,0,False,0.04902488175,False,TOO_EARLY,False,,,,,,,,,,,,,,,,,10.748990391092779,5.296913575182301,11.783572353547108,1922.1302637325293,18.01304412197319,0.7961383061431133,21.303662312630973,4.491931939682625,1.31328,2.0339199999999997,163.11948584528773,0.18247205482587014,1.0901044828004958,108434803.46664116,31886.5564482861,15.520723776255803,10.496,9.18272,0.23347839396381095,17,3.709386868174325,158.1300914877429,31936.261803800484,2.8812501671583318e-05,16.275200000000005,10670.76864252946,11.393049,5.624701,2.1251738,1389.4208,12.798161,0.796342572812332,21.911863,4.551755905151367,1.3312,1.27104,653.7916,0.18329546,1.1654288,5759.749,31886.5564482861,16.01646,5.20448,3.8732800000000003,0.49548393695995174,2688,5.2961836,158.1300914877429,61193.11742895073,0.20334648,14.476800000000004,10856.41,,,,,,,,,,,,,,,,,,,,,,,,,,,,,,,,,,,,,,,,,,,,,,,,,,,,,,,,,,,,,,,,,,,,,,,,,,,,,,,,,,,,,,,,,,,,,,,,,,,,,,,,,,,,,,,,,,,,,,,,,,,,,,,,,,,,,,,,,,,,,,,,,,,,,,,,,,,,
H0_10ft_32kHz_epoch_50,H0,10FT,True,0,False,0.48749272175,True,VALID,False,,,,,,,,,,,,,,,,,14.547530611738003,27.026823573997106,4.098283257141316,3191.693370406211,43.173916809165824,0.9238512328702079,52.5154605488214,6.860214251121541,2.27072,3.8464,778.7878899888706,0.06609200785401699,1.2982212192618428,110672.02778046195,32021.45033201046,25.82660408065601,6.0147200000000005,3.7439999999999998,0.3780050386489553,17,17.14399139120105,37.030693193031766,33837.72271415586,0.02502246596382604,10.31167999999999,7392.642609920838,14.043131,25.927723,4.0104423,3174.1614,42.374928,0.922236783188244,53.413223,6.930486679077148,2.2528,3.61984,791.4741,0.06701359,1.261489,4212.0005,32021.45033201046,25.49213,5.9827200000000005,3.72992,0.40055241205060943,3007,17.026194,37.030693193031766,65228.164608573126,0.23765254,10.156799999999965,7490.659,,,,,,,,,,,,,,,,,,,,,,,,,,,,,,,,,,,,,,,,,,,,,,,,,,,,,,,,,,,,,,,,,,,,,,,,,,,,,,,,,,,,,,,,,,,,,,,,,,,,,,,,,,,,,,,,,,,,,,,,,,,,,,,,,,,,,,,,,,,,,,,,,,,,,,,,,,,,
H0_10ft_32kHz_epoch_51,H0,10FT,False,0,False,0.48048216175,False,TOO_LATE,False,,,,,,,,,,,,,,,,,14.085819085799624,53.45829649171839,65.25874328846983,4053.0090927865845,58.298954210497996,0.9611553357977323,45.0959800587658,6.487323203399098,13.427200000000001,3.97184,62.10675977721686,0.061257413768228616,1.2565081522456152,367332.9695774737,32027.032904646574,26.23723525515569,17.19552,3.76832,0.09381238383253834,35,14.2807742465344,189.57256465783576,32420.81755224304,0.0070968222290121435,34.88768000000003,6952.112859782128,13.742129,50.32477,62.518116,4083.7024,57.948597,0.9565427947937428,45.843098,6.549516677856445,13.455359999999999,3.97312,65.320305,0.061931465,1.2341971,3523.4365,32027.032904646574,25.86779,17.17376,3.7184000000000004,0.10677967219011404,7318,14.221574,189.57256465783576,65980.79336182201,0.23947646,34.90048000000001,7047.1123,,,,,,,,,,,,,,,,,,,,,,,,,,,,,,,,,,,,,,,,,,,,,,,,,,,,,,,,,,,,,,,,,,,,,,,,,,,,,,,,,,,,,,,,,,,,,,,,,,,,,,,,,,,,,,,,,,,,,,,,,,,,,,,,,,,,,,,,,,,,,,,,,,,,,,,,,,,,
H0_10ft_32kHz_epoch_52,H0,10FT,False,0,False,0.005993841749999999,False,TOO_EARLY,False,,,,,,,,,,,,,,,,,11.866386646612089,5.2765652022707155,10.696942088527695,2814.631869147501,17.234000412290758,0.7958539831410221,35.36434674080499,5.580697890491428,8.02304,3.82592,263.1249048422054,0.6210131615311703,1.6224116018912973,18905245.04456974,32069.954994757783,8.31983997396755,11.745280000000001,3.7222399999999998,0.1829946215299748,33,-5.760508160813971,50.075771796407935,31953.58288336461,0.0002041725247784924,22.11584,16331.854484233243,11.605431,5.16599,11.748369,3151.77,19.122208,0.795991927483313,35.876274,5.630823612213135,8.21504,3.59808,268.27298,0.6093059,1.5940226,7351.0713,32069.954994757783,8.319668,11.73632,3.52128,0.19670812782674005,5203,-5.1058817,50.075771796407935,57766.65904806607,0.18089913,22.183680000000003,16482.25,,,,,,,,,,,,,,,,,,,,,,,,,,,,,,,,,,,,,,,,,,,,,,,,,,,,,,,,,,,,,,,,,,,,,,,,,,,,,,,,,,,,,,,,,,,,,,,,,,,,,,,,,,,,,,,,,,,,,,,,,,,,,,,,,,,,,,,,,,,,,,,,,,,,,,,,,,,,
H0_10ft_32kHz_epoch_53,H0,10FT,True,0,False,0.32626520175,True,VALID,False,,,,,,,,,,,,,,,,,14.96967449591806,1890.8445031215817,46.90488176398712,3821.5707380929307,52.04929846058375,0.9931878594334662,53.97420671939635,6.938139209337654,12.872959999999999,3.9052800000000003,81.47490398371255,0.08166722230645336,1.3313291351839232,4252022.4568473315,32024.816758664372,24.221613250763085,16.62848,3.75552,0.11683942694408761,21,11.677074669559342,58.91246644345665,31993.58685711535,0.0006425388588884069,31.564800000000005,7342.213730290533,14.656111,171.22049,51.423622,4565.8076,61.3272,0.9838437669020463,54.967823,7.011429786682129,13.44768,3.9360000000000004,88.78814,0.073458456,1.312534,4205.4736,32024.816758664372,24.99304,16.58752,3.13984,0.13147412298974065,4378,13.3743725,58.91246644345665,66081.86153386325,0.2345412,32.108799999999995,7444.9956,,,,,,,,,,,,,,,,,,,,,,,,,,,,,,,,,,,,,,,,,,,,,,,,,,,,,,,,,,,,,,,,,,,,,,,,,,,,,,,,,,,,,,,,,,,,,,,,,,,,,,,,,,,,,,,,,,,,,,,,,,,,,,,,,,,,,,,,,,,,,,,,,,,,,,,,,,,,
H0_10ft_32kHz_epoch_54,H0,10FT,True,0,False,0.28733016175000003,True,VALID,False,,,,,,,,,,,,,,,,,15.040794510204536,2371.9436461250493,17.533482832749478,3897.8945165267896,48.579695073087144,0.9939263285772321,58.85766255180006,7.265003946730899,9.03552,3.68768,222.3114799099955,0.0927258037553164,1.3983567873801652,25327060.724549394,32024.816758664372,23.559736445228552,12.77696,3.74144,0.2667353717110418,27,11.79667682349502,67.32853307823825,31937.577047879033,8.761313354654851e-05,19.934720000000016,8023.711368839265,15.016601,226.46245,19.743423,4723.4224,58.2187,0.9874348706664938,59.39376,7.302945613861084,9.59872,3.57376,239.2403,0.08314982,1.4038745,3908.3706,32024.816758664372,24.450874,12.72448,3.12576,0.2803274226337707,4373,13.600064,67.32853307823825,63885.64764094307,0.22616363,20.432640000000003,8113.2393,,,,,,,,,,,,,,,,,,,,,,,,,,,,,,,,,,,,,,,,,,,,,,,,,,,,,,,,,,,,,,,,,,,,,,,,,,,,,,,,,,,,,,,,,,,,,,,,,,,,,,,,,,,,,,,,,,,,,,,,,,,,,,,,,,,,,,,,,,,,,,,,,,,,,,,,,,,,
H0_10ft_32kHz_epoch_55,H0,10FT,True,0,False,0.39098712175,True,VALID,False,,,,,,,,,,,,,,,,,14.688998527180054,1957.3314212667794,5.178305754382843,3505.069970062286,46.89788691119955,0.9933468866756466,55.01741892737199,7.111823633044139,1.43488,3.8592,676.875823158014,0.0709721600110962,1.318024441052239,17159562.947037835,32026.49997199133,25.37480855772632,5.18656,3.75168,0.3831387882160907,15,17.579207549898456,190.2031059460278,31956.734539480098,0.0001298591438685357,9.27232,7473.83347292179,14.194087,175.25111,5.0507174,3489.5698,46.071747,0.9829798426023759,55.78118,7.169281482696533,1.41312,3.61984,690.90576,0.07185041,1.2821405,3396.9048,32026.49997199133,24.985828,5.1392,3.72608,0.44673946252357194,2484,17.494331,190.2031059460278,65612.82461023892,0.23497702,7.710720000000004,7574.2075,,,,,,,,,,,,,,,,,,,,,,,,,,,,,,,,,,,,,,,,,,,,,,,,,,,,,,,,,,,,,,,,,,,,,,,,,,,,,,,,,,,,,,,,,,,,,,,,,,,,,,,,,,,,,,,,,,,,,,,,,,,,,,,,,,,,,,,,,,,,,,,,,,,,,,,,,,,,
H0_10ft_32kHz_epoch_56,H0,10FT,True,0,False,0.46984280175000004,True,VALID,False,,,,,,,,,,,,,,,,,14.837722393577337,176.88689947565746,13.987191302973649,3961.1104111131694,55.6058070417605,0.9862358749253595,55.7412170727148,7.162868009785568,8.866560000000002,3.92448,283.19555551296753,0.06239903827124664,1.2631624496543963,509442.4433643285,32025.504930268144,26.09888191421526,12.62848,3.7619200000000004,0.3133198998545479,25,15.359634472132456,69.94550863356562,32338.252085574688,0.0045040084831294335,19.991040000000016,7123.555293673341,14.425037,124.743355,7.6676064,2499.4087,34.585716,0.9756996658138593,56.612938,7.226192951202393,3.41376,2.912,325.96988,0.076348245,1.2368891,3406.2056,32025.504930268144,24.14354,7.2678400000000005,3.85408,0.331701608303493,3499,14.009523,69.94550863356562,67163.48699522208,0.24453783,14.657279999999995,7226.7085,,,,,,,,,,,,,,,,,,,,,,,,,,,,,,,,,,,,,,,,,,,,,,,,,,,,,,,,,,,,,,,,,,,,,,,,,,,,,,,,,,,,,,,,,,,,,,,,,,,,,,,,,,,,,,,,,,,,,,,,,,,,,,,,,,,,,,,,,,,,,,,,,,,,,,,,,,,,
H0_10ft_32kHz_epoch_57,H0,10FT,True,0,False,0.49993944175000005,True,VALID,False,,,,,,,,,,,,,,,,,14.470030732886464,11.713101257702526,9.284892504688221,3234.317997797841,40.034635826657805,0.8480196461197089,43.68595342766919,6.092595775411408,8.96128,3.86688,348.3419970843829,0.07437056990507471,1.3118568176929486,34980.36261889526,32027.094600918907,24.871767354792716,12.70912,3.74784,0.3384901594433291,37,12.92599975298206,60.40748472898849,38065.25165926313,0.06302083786881221,19.838719999999977,8078.79959693344,13.991382,11.247979,3.4071915,2729.541,33.24008,0.8469850114267649,44.51817,6.163360595703125,2.3155200000000002,3.62368,801.1117,0.07492689,1.278845,4143.359,32027.094600918907,24.584995,6.0172799999999995,3.70176,0.36439287383191726,2993,15.370205,60.40748472898849,64446.39001904618,0.24003962,10.431999999999997,8211.596,,,,,,,,,,,,,,,,,,,,,,,,,,,,,,,,,,,,,,,,,,,,,,,,,,,,,,,,,,,,,,,,,,,,,,,,,,,,,,,,,,,,,,,,,,,,,,,,,,,,,,,,,,,,,,,,,,,,,,,,,,,,,,,,,,,,,,,,,,,,,,,,,,,,,,,,,,,,
H0_10ft_32kHz_epoch_58,H0,10FT,True,0,False,0.49560664175,True,VALID,False,,,,,,,,,,,,,,,,,14.5067740622667,13.813900968687596,12.181832291044332,3113.9036077025753,45.921151302807225,0.8653864946217262,46.45069268304352,6.390524641203306,8.9792,3.9052800000000003,255.61865680835166,0.06611284966169022,1.2049266530937417,177816.23948080666,32019.146247665092,25.159321369780297,12.73728,3.75808,0.3128044301541617,20,13.779917165250195,23.845059761442826,33466.906606698234,0.015174794567946973,19.965439999999944,6780.978959280083,13.944781,13.302489,12.273914,3206.517,46.527584,0.8650047297930759,47.57909,6.480114936828613,9.04192,3.9539199999999997,261.2465,0.06616845,1.1676612,4674.901,32019.146247665092,24.902048,12.68992,3.648,0.33961741601780165,3294,13.916443,23.845059761442826,66440.14531581919,0.24061176,19.91807999999995,6891.648,,,,,,,,,,,,,,,,,,,,,,,,,,,,,,,,,,,,,,,,,,,,,,,,,,,,,,,,,,,,,,,,,,,,,,,,,,,,,,,,,,,,,,,,,,,,,,,,,,,,,,,,,,,,,,,,,,,,,,,,,,,,,,,,,,,,,,,,,,,,,,,,,,,,,,,,,,,,
H0_10ft_32kHz_epoch_59,H0,10FT,False,0,False,0.040466801749999996,False,TOO_EARLY,False,,,,,,,,,,,,,,,,,12.613226401786482,5.429535824987151,8038543158656.418,803.8543158656419,8.00134729800899,0.8004006897606519,35.097861873821856,5.688365767458455,1.42976,3.94496,0.0,0.07015967057754977,1.3525648656481326,27864221.30711909,32028.821325067875,25.696137048883486,5.19296,3.7632,0,0,14.527344139445837,46.49893095380685,31959.111147732234,0.00012738443934247413,0,10046.4869968294,12.244154,5.283198,8517206000000.0,851.7206,8.350658,0.8005253247355182,35.310627,5.710509300231934,1.4208,3.6288,0.0,0.07057903,1.3229455,5573.4,32028.821325067875,25.418816,5.126399999999999,3.7056,0,0,14.748499,46.49893095380685,61403.308389232436,0.2107072,0,10199.442,,,,,,,,,,,,,,,,,,,,,,,,,,,,,,,,,,,,,,,,,,,,,,,,,,,,,,,,,,,,,,,,,,,,,,,,,,,,,,,,,,,,,,,,,,,,,,,,,,,,,,,,,,,,,,,,,,,,,,,,,,,,,,,,,,,,,,,,,,,,,,,,,,,,,,,,,,,,
H0_10ft_32kHz_epoch_6,H0,10FT,False,0,False,0.07772376175000001,False,TOO_EARLY,False,,,,,,,,,,,,,,,,,12.412211054252468,1560.5845230794148,44.90065082507951,1695.6039066966118,40.00106462965475,0.9924333101793663,36.807510451209566,5.87159881042624,6.77632,1.89568,37.76345944956844,0.13609143957004277,0.864570431534161,3596838.539266957,31968.015030743663,15.987644009695185,15.89888,9.12256,0.12241634875092315,31,3.9036381410548064,128.76627033362456,31968.608009165728,0.000603760574796961,30.670080000000002,4238.896945356643,12.889631,126.91292,0.92222834,1787.1461,41.127434,0.9743004551049976,37.92128,5.9533162117004395,3.96032,4.02304,1937.8564,0.03778641,0.90903294,2777.8462,31968.015030743663,27.548027,4.44672,0.4864,0.9946529555160887,1914,20.795012,128.76627033362456,67213.23294870828,0.24514654,8.616959999999994,4345.3867,,,,,,,,,,,,,,,,,,,,,,,,,,,,,,,,,,,,,,,,,,,,,,,,,,,,,,,,,,,,,,,,,,,,,,,,,,,,,,,,,,,,,,,,,,,,,,,,,,,,,,,,,,,,,,,,,,,,,,,,,,,,,,,,,,,,,,,,,,,,,,,,,,,,,,,,,,,,
H0_10ft_32kHz_epoch_60,H0,10FT,False,0,False,0.06789080175000001,False,TOO_EARLY,False,,,,,,,,,,,,,,,,,13.872598370185848,1804.1966087055332,12.877925769850256,3335.8697862051868,52.022666367666496,0.9933288362495792,49.866926295779756,6.7122537648121705,9.04192,3.93088,259.03781756638347,0.15891868917618435,1.1884771923679955,6513396.056323362,32069.954994757783,17.45179220219265,12.766720000000001,3.7248,0.28210946306266493,25,6.4518318685246046,69.74839643071391,31939.64038444468,0.00039862823342113436,22.00064,6412.339118931568,13.868124,158.14516,18.889917,5436.05,83.49164,0.9767451051073459,50.722458,6.779621124267578,11.21792,3.9641600000000006,287.7752,0.08299807,1.1971896,3672.48,32069.954994757783,23.131943,12.71168,1.49376,0.30247410222335425,5039,14.232465,69.74839643071391,66820.21316434337,0.24038625,24.220160000000003,6510.891,,,,,,,,,,,,,,,,,,,,,,,,,,,,,,,,,,,,,,,,,,,,,,,,,,,,,,,,,,,,,,,,,,,,,,,,,,,,,,,,,,,,,,,,,,,,,,,,,,,,,,,,,,,,,,,,,,,,,,,,,,,,,,,,,,,,,,,,,,,,,,,,,,,,,,,,,,,,
H0_10ft_32kHz_epoch_61,H0,10FT,True,0,False,0.19166424175,True,VALID,False,,,,,,,,,,,,,,,,,14.442356804391139,140.2579129098865,11.863871309679988,5410.51208884245,81.56047105310044,0.9907517832178293,51.96129582888853,6.86387133866076,11.30496,3.9155199999999994,456.0494586979134,0.05047766429923785,1.2208911943759626,926656680.8753736,32024.816758664372,27.655898648417182,12.80512,1.50016,0.3202608519427891,29,18.495429168084446,30.297839885206486,31935.19071824012,3.4328694104637713e-06,19.41248000000001,6633.74306080187,42.091145,14.040785,20.944841,88150.77,78.12128,0.8236659541911217,125.548706,10.11158561706543,4.73344,,4208.7104,1e-10,14.675018,3109.9534,1.6832133269559746,207.62915,,,0.0858552274154607,490,96.540115,148.12277277212576,38378.38863809434,0.22892714,192.83968000000002,112838.36,,,,,,,,,,,,,,,,,,,,,,,,,,,,,,,,,,,,,,,,,,,,,,,,,,,,,,,,,,,,,,,,,,,,,,,,,,,,,,,,,,,,,,,,,,,,,,,,,,,,,,,,,,,,,,,,,,,,,,,,,,,,,,,,,,,,,,,,,,,,,,,,,,,,,,,,,,,,
H0_10ft_32kHz_epoch_62,H0,10FT,True,0,False,0.12857432175,True,VALID,False,,,,,,,,,,,,,,,,,15.167508297008675,2413.497435676554,58.95731716533148,3169.3997067372993,44.23793717680138,0.9937468790103755,53.13661093439689,6.944678958994579,3.4496,2.94144,53.757529329965806,0.135468621912069,1.373504579357511,12055526.898841964,32023.456063803973,20.116109361580918,12.74624,9.29664,0.08294550214093,31,7.615327425206918,71.53681685201445,31943.879176183043,0.00024991933485148213,28.54656,7164.438283074614,15.552101,198.86784,56.83755,3194.233,43.983345,0.9821709351509744,53.848118,6.9979777336120605,3.47008,2.82368,56.19934,0.13609919,1.4179246,4005.9094,32023.456063803973,20.315619,12.70016,9.23008,0.0929976457856604,5892,7.6296835,71.53681685201445,65725.20872258868,0.23408943,28.535040000000013,7262.3696,,,,,,,,,,,,,,,,,,,,,,,,,,,,,,,,,,,,,,,,,,,,,,,,,,,,,,,,,,,,,,,,,,,,,,,,,,,,,,,,,,,,,,,,,,,,,,,,,,,,,,,,,,,,,,,,,,,,,,,,,,,,,,,,,,,,,,,,,,,,,,,,,,,,,,,,,,,,
H0_10ft_32kHz_epoch_63,H0,10FT,True,0,False,0.12482136175000001,True,VALID,False,,,,,,,,,,,,,,,,,12.207781092411327,1773.4510833017544,2.8171256651328602,2146.4199016315065,18.649168587524205,0.7965625364631542,28.08676066364025,5.081548124598886,1.40416,3.9219199999999996,761.9184078996334,0.0666901879362827,1.2857808040484335,13082568.172478305,32019.084524961545,25.66992295493414,5.163519999999999,3.7593599999999996,0.49178476875782445,14,16.01090786848371,183.73210630004905,31960.916148704244,0.0002791323433728099,9.22496000000006,11509.466985393576,11.772727,160.03297,2.7801313,2151.378,18.413773,0.7967165976644167,28.603523,5.134147644042969,1.41056,3.69792,773.8404,0.06751213,1.2492999,5683.1484,32019.084524961545,25.333473,5.130240000000001,3.71968,0.5338938291987309,2578,15.933821,183.73210630004905,61913.20518430107,0.20726274,9.33503999999996,11683.526,,,,,,,,,,,,,,,,,,,,,,,,,,,,,,,,,,,,,,,,,,,,,,,,,,,,,,,,,,,,,,,,,,,,,,,,,,,,,,,,,,,,,,,,,,,,,,,,,,,,,,,,,,,,,,,,,,,,,,,,,,,,,,,,,,,,,,,,,,,,,,,,,,,,,,,,,,,,
H0_10ft_32kHz_epoch_64,H0,10FT,True,0,False,0.15513688174999998,True,VALID,False,,,,,,,,,,,,,,,,,13.568097722958465,2131.65157127795,38.01179299543995,2501.827012208947,40.245974512456044,0.9934080364980858,43.42160107921897,6.329279721924126,7.068160000000001,2.8723199999999998,65.81712713486773,0.11928465541000183,1.144487820329399,8303155.013456285,32075.32025602168,19.611499910350798,16.31616,9.248,0.11071121955030025,21,6.626365284933437,69.74839643071391,31963.711147977032,0.00033661141039081595,25.768960000000007,6216.340994388387,14.209275,179.8933,35.374535,2553.904,40.487053,0.9833754625486795,44.11559,6.385029315948486,6.565119999999999,1.8368,72.19612,0.11948719,1.2073717,3524.669,32073.53183560038,19.957195,15.70816,9.14304,0.11763057741538252,5912,6.8634214,69.74839643071391,65393.667563991454,0.23541622,25.70496,6307.952,,,,,,,,,,,,,,,,,,,,,,,,,,,,,,,,,,,,,,,,,,,,,,,,,,,,,,,,,,,,,,,,,,,,,,,,,,,,,,,,,,,,,,,,,,,,,,,,,,,,,,,,,,,,,,,,,,,,,,,,,,,,,,,,,,,,,,,,,,,,,,,,,,,,,,,,,,,,
H0_10ft_32kHz_epoch_65,H0,10FT,True,0,False,0.29355480175000004,True,VALID,False,,,,,,,,,,,,,,,,,13.684638317360127,1786.6971585476872,1.9308937735644212,3831.27441763793,55.64206922204761,0.9934935431759887,48.41569019132369,6.620417852579704,3.81696,4.04096,1984.1974064503931,0.04091732295399662,1.214865264743611,5059231.223058331,32027.032904646574,29.44576678450233,5.30944,1.49248,0.8691527637679592,17,22.645124559935205,71.53681685201445,31973.106853503203,0.0005329698358928038,8.778239999999993,6885.571423213303,13.663865,164.52621,1.8766509,3765.9565,53.9065,0.9853181049823698,49.136932,6.678163051605225,3.74784,4.003839999999999,2006.7432,0.043986797,1.2218434,3600.0027,32027.032904646574,28.81117,5.25184,1.504,0.8926316385134393,2478,21.987984,71.53681685201445,65043.58775017151,0.23021953,8.764160000000022,6986.09,,,,,,,,,,,,,,,,,,,,,,,,,,,,,,,,,,,,,,,,,,,,,,,,,,,,,,,,,,,,,,,,,,,,,,,,,,,,,,,,,,,,,,,,,,,,,,,,,,,,,,,,,,,,,,,,,,,,,,,,,,,,,,,,,,,,,,,,,,,,,,,,,,,,,,,,,,,,
H0_10ft_32kHz_epoch_66,H0,10FT,True,0,False,0.32423512175,True,VALID,False,,,,,,,,,,,,,,,,,16.419840459582407,1853.0266552992202,8.1524696950968,2026.8744439974068,38.39650927228662,0.993478872757368,50.913648954372775,6.77556568556822,3.43424,2.03776,248.6209111842059,0.07541978991397898,1.2382149774557787,3220105.069830325,32024.816758664372,24.295426606502055,7.3472,3.91296,0.28757526608852707,22,13.152285128981474,175.0541860034209,31970.301032446,0.0007420927964841615,14.397440000000039,5278.79873043642,16.72419,171.41026,8.191986,2099.2756,39.00421,0.982052467005687,51.871513,6.843406677246094,3.46752,2.0364799999999996,256.25967,0.075377755,1.2734549,2986.0288,32024.816758664372,24.503298,7.2896,3.8220799999999997,0.29420005908721486,3241,13.355783,175.0541860034209,68107.96346500149,0.25018004,14.43968000000001,5382.1772,,,,,,,,,,,,,,,,,,,,,,,,,,,,,,,,,,,,,,,,,,,,,,,,,,,,,,,,,,,,,,,,,,,,,,,,,,,,,,,,,,,,,,,,,,,,,,,,,,,,,,,,,,,,,,,,,,,,,,,,,,,,,,,,,,,,,,,,,,,,,,,,,,,,,,,,,,,,
H0_10ft_32kHz_epoch_67,H0,10FT,True,0,False,0.29506520175,True,VALID,False,,,,,,,,,,,,,,,,,14.741500331080145,1786.0230674586935,1.246442465314155,2412.6234869265213,43.100381582433165,0.9919078384368327,48.70940924487572,6.58950831836137,3.6736,3.97312,1935.6075824312643,0.03866752637047332,1.1124729768263975,17503640.736875106,32073.19504979103,29.172060649411144,5.1456,1.472,0.831243536462247,14,21.260365578747866,63.5868260305142,31955.27894680391,0.00015877117759492728,7.7644800000000185,5597.684749755937,14.61765,150.54741,1.1600591,2346.0283,41.10917,0.9810284714636782,49.65848,6.662625312805176,3.62624,4.0,2022.3352,0.03990342,1.1138287,3384.201,32073.19504979103,28.91594,5.04704,1.4208,0.9105752122979552,2503,20.955738,63.5868260305142,68594.26743462375,0.25318527,7.712000000000052,5706.825,,,,,,,,,,,,,,,,,,,,,,,,,,,,,,,,,,,,,,,,,,,,,,,,,,,,,,,,,,,,,,,,,,,,,,,,,,,,,,,,,,,,,,,,,,,,,,,,,,,,,,,,,,,,,,,,,,,,,,,,,,,,,,,,,,,,,,,,,,,,,,,,,,,,,,,,,,,,
H0_10ft_32kHz_epoch_68,H0,10FT,True,0,False,0.26854232175000003,True,VALID,False,,,,,,,,,,,,,,,,,13.487772443634958,1789.2116699741503,39.927855282654974,1876.4859510811443,34.23830490089859,0.9927187211561106,38.690349537530274,6.014716205892588,7.2064,4.1433599999999995,46.996913252496036,0.09059840829388173,1.0363735711344222,9800503.059549704,32024.816758664372,21.153601803286413,16.39552,9.18912,0.12707839069956575,29,7.739914778145421,201.9855992347184,31945.388330572878,0.00024130478763898734,25.653760000000027,5480.662540136037,14.573611,159.12419,36.916283,1888.087,33.847,0.9832904061048785,39.498768,6.077415466308594,7.06944,2.05056,51.145103,0.09136366,1.1297379,3005.5652,32024.816758664372,21.772083,16.19328,9.12384,0.12846444016457653,5812,7.7548656,201.9855992347184,67446.54961318626,0.24873114,25.72928000000002,5578.2993,,,,,,,,,,,,,,,,,,,,,,,,,,,,,,,,,,,,,,,,,,,,,,,,,,,,,,,,,,,,,,,,,,,,,,,,,,,,,,,,,,,,,,,,,,,,,,,,,,,,,,,,,,,,,,,,,,,,,,,,,,,,,,,,,,,,,,,,,,,,,,,,,,,,,,,,,,,,
H0_10ft_32kHz_epoch_69,H0,10FT,True,0,False,0.28481368175000005,True,VALID,False,,,,,,,,,,,,,,,,,15.675038916999098,2081.523783702964,7.909717984236566,2024.2992107050723,42.33126076684261,0.992751722610842,44.108091951583894,6.301149663634206,6.35264,3.42272,255.9255860624295,0.0737676015280773,1.1596853654041535,8251742.2017446365,32023.456063803973,23.907574154512197,9.37984,3.0271999999999997,0.37622622517295484,24,12.283710907577115,166.32309918093233,31976.315503318343,0.0003125980606329082,14.46016,4782.043279680984,16.661764,177.18515,7.821948,2037.5509,41.72488,0.9833569256716943,45.10834,6.372341632843018,6.33728,2.1235199999999996,260.4915,0.07471279,1.2456688,3032.0564,32023.456063803973,24.396122,9.35552,3.01824,0.35651210827158275,3752,12.216681,166.32309918093233,67576.95264267367,0.2467969,14.45504000000003,4883.3,,,,,,,,,,,,,,,,,,,,,,,,,,,,,,,,,,,,,,,,,,,,,,,,,,,,,,,,,,,,,,,,,,,,,,,,,,,,,,,,,,,,,,,,,,,,,,,,,,,,,,,,,,,,,,,,,,,,,,,,,,,,,,,,,,,,,,,,,,,,,,,,,,,,,,,,,,,,
H0_10ft_32kHz_epoch_7,H0,10FT,True,0,False,0.19936984175,True,VALID,False,,,,,,,,,,,,,,,,,13.45656397066851,1717.7539949457919,3.7792753284332528,973.5642277775869,21.5841958341345,0.992242926066192,39.33026371345819,6.0678774336457595,2.7123199999999996,2.09664,257.6060602022379,0.09914893103843211,0.8872604991748854,7382405.365335241,31967.880495336944,18.988722529011934,6.01984,3.30752,0.4672420081779283,16,8.469452646959102,106.92606186314151,31919.68642499787,0.0003135362746663029,10.700799999999983,4510.542043164352,14.39164,141.31374,3.90817,1024.3496,22.169443,0.9759695654287016,40.57736,6.1495442390441895,2.76736,1.9929599999999998,262.10468,0.09956639,0.9604165,2585.518,31967.880495336944,19.657825,6.02112,3.25376,0.4621069234595545,2757,8.640948,106.92606186314151,68143.27936002148,0.253514,10.741760000000017,4620.5474,,,,,,,,,,,,,,,,,,,,,,,,,,,,,,,,,,,,,,,,,,,,,,,,,,,,,,,,,,,,,,,,,,,,,,,,,,,,,,,,,,,,,,,,,,,,,,,,,,,,,,,,,,,,,,,,,,,,,,,,,,,,,,,,,,,,,,,,,,,,,,,,,,,,,,,,,,,,
H0_10ft_32kHz_epoch_70,H0,10FT,True,0,False,0.23913432175,True,VALID,False,,,,,,,,,,,,,,,,,14.826815769819271,1679.7507324895275,14.507232153537695,1448.4375788507095,34.687793409566495,0.9923783096360367,41.84376311047138,6.187812542532853,2.61632,2.3936,99.84244847808868,0.08232150809813552,0.966391300868071,4474850.400707452,32023.91525961738,21.33189918436664,11.88992,9.2736,0.1649094253932917,27,8.843358519407154,205.0675139484083,31967.209696512604,0.000500206611757791,22.17471999999998,4175.640582693312,15.692442,146.24825,3.1085,1194.221,27.881416,0.9785202776274129,43.197067,6.281413555145264,2.6432,2.23488,384.17917,0.08258891,1.035903,2362.017,32023.91525961738,21.882763,6.640639999999999,3.9974399999999997,0.36400947940708306,3506,10.518474,205.0675139484083,69483.79709139487,0.2607807,16.515840000000004,4283.215,,,,,,,,,,,,,,,,,,,,,,,,,,,,,,,,,,,,,,,,,,,,,,,,,,,,,,,,,,,,,,,,,,,,,,,,,,,,,,,,,,,,,,,,,,,,,,,,,,,,,,,,,,,,,,,,,,,,,,,,,,,,,,,,,,,,,,,,,,,,,,,,,,,,,,,,,,,,
H0_10ft_32kHz_epoch_71,H0,10FT,True,0,False,0.22631128174999998,True,VALID,False,,,,,,,,,,,,,,,,,14.677811784048805,2297.072126642343,23.470795018265548,2202.1870984700918,37.941244926072244,0.9929790577584249,46.40462906301284,6.52895394884147,3.3600000000000003,3.79776,93.82669384458211,0.0976328269375702,1.1963477320133593,4385163.66968323,32025.244484225273,21.757176399765083,12.62848,9.26848,0.13491501531634328,30,8.929061603649506,73.325237273315,31978.57223284772,0.0005743973428215835,22.59071999999998,5804.2035857309675,14.925879,181.42761,23.744686,2310.2847,39.162354,0.9847174564536924,47.110897,6.582746982574463,2.82752,2.93376,97.29691,0.09721371,1.2264876,3296.906,32025.244484225273,21.932085,11.94368,9.11616,0.13950887172931706,5505,9.406264,73.325237273315,66216.54592739037,0.2411165,22.751999999999995,5899.249,,,,,,,,,,,,,,,,,,,,,,,,,,,,,,,,,,,,,,,,,,,,,,,,,,,,,,,,,,,,,,,,,,,,,,,,,,,,,,,,,,,,,,,,,,,,,,,,,,,,,,,,,,,,,,,,,,,,,,,,,,,,,,,,,,,,,,,,,,,,,,,,,,,,,,,,,,,,
H0_10ft_32kHz_epoch_72,H0,10FT,True,0,False,0.34197976175,True,VALID,False,,,,,,,,,,,,,,,,,14.963659843979272,1700.9682847284123,5.120099525333236,1393.383762253385,23.625258141193267,0.9934995020606311,47.75450896607967,6.638216766898917,2.75072,2.69824,272.1399760607556,0.08750078775534809,1.2294467300078782,4194829.201739366,32027.032904646574,22.938672425057348,6.60736,3.85664,0.26523594978760573,23,10.696961767417761,64.38313516681228,31989.205977005135,0.0006061914636207378,14.501120000000034,5897.856243203716,16.248653,178.093,5.28208,1461.0146,24.361576,0.9829564480313616,48.65872,6.70738410949707,2.8416,2.528,276.59836,0.08763057,1.3462226,3618.9863,32027.032904646574,23.596443,6.6291199999999995,3.7875199999999998,0.2531426066954788,3587,10.876889,64.38313516681228,66622.99782971459,0.23932092,14.485760000000013,5997.209,,,,,,,,,,,,,,,,,,,,,,,,,,,,,,,,,,,,,,,,,,,,,,,,,,,,,,,,,,,,,,,,,,,,,,,,,,,,,,,,,,,,,,,,,,,,,,,,,,,,,,,,,,,,,,,,,,,,,,,,,,,,,,,,,,,,,,,,,,,,,,,,,,,,,,,,,,,,
H0_10ft_32kHz_epoch_73,H0,10FT,True,0,False,0.38478552175,True,VALID,False,,,,,,,,,,,,,,,,,14.73586296519125,2156.41637686202,39.092886674130106,2432.59589105353,42.33477871874637,0.9931148721420435,43.967249126189756,6.3478194315628205,10.99264,3.64544,62.22604923824676,0.07266116661594778,1.195051741843276,9254077.404546592,32025.244484225273,24.318943564422018,14.940159999999999,3.9475200000000004,0.13763419940401786,21,11.195575044242773,73.325237273315,31951.13969500814,0.00031488658392617137,22.55999999999997,5746.093317776818,14.891818,171.6036,5.7115536,2243.8418,38.442142,0.9819741389966093,44.651928,6.404881954193115,3.52,3.54176,392.86014,0.071810305,1.2172084,3624.727,32025.244484225273,24.482727,7.3024,3.7824,0.3874316353341265,3588,14.047548,73.325237273315,66932.77000084853,0.24376518,14.504960000000011,5836.932,,,,,,,,,,,,,,,,,,,,,,,,,,,,,,,,,,,,,,,,,,,,,,,,,,,,,,,,,,,,,,,,,,,,,,,,,,,,,,,,,,,,,,,,,,,,,,,,,,,,,,,,,,,,,,,,,,,,,,,,,,,,,,,,,,,,,,,,,,,,,,,,,,,,,,,,,,,,
H0_10ft_32kHz_epoch_74,H0,10FT,True,0,False,0.42132568175,True,VALID,False,,,,,,,,,,,,,,,,,13.746871532834323,1692.8492175125955,1.691057304565667,2945.588080376171,52.80604704650278,0.9927522399823134,48.37527879954402,6.635322098601273,3.63264,4.11264,1741.861776311921,0.03060415602514939,1.065632899065677,21341731.111608557,32026.49997199133,30.806476207222136,5.10464,1.472,0.9580852228723725,17,24.197317830402948,203.6688125616747,31946.02651350898,9.624724409844232e-05,7.763200000000026,5578.126455445784,14.400853,157.96457,4.8595986,1611.7853,28.40343,0.9795759421525804,49.194206,6.696579933166504,3.09504,2.46144,331.67044,0.07396256,1.1259419,3054.1611,32026.49997199133,23.56437,6.83648,3.74144,0.3440998413460546,3312,12.6404085,203.6688125616747,66929.69494778763,0.24499133,14.504960000000011,5674.6147,,,,,,,,,,,,,,,,,,,,,,,,,,,,,,,,,,,,,,,,,,,,,,,,,,,,,,,,,,,,,,,,,,,,,,,,,,,,,,,,,,,,,,,,,,,,,,,,,,,,,,,,,,,,,,,,,,,,,,,,,,,,,,,,,,,,,,,,,,,,,,,,,,,,,,,,,,,,
H0_10ft_32kHz_epoch_75,H0,10FT,True,0,False,0.40281944175,True,VALID,False,,,,,,,,,,,,,,,,,15.39980471588382,1752.7761723803578,6.084318323858293,2350.060083233119,33.27564011925654,0.9928451387324401,58.45141903764574,7.283742896093126,4.04864,3.1321600000000003,386.2487066163642,0.08176332663122778,1.270556804125238,10397391.216598239,32026.614529318103,23.81132026968134,7.952640000000001,3.904,0.31490808476715815,22,12.758591411971366,66.26403833772201,31953.986934141496,0.0002960587164729706,14.398720000000031,7062.403832986253,16.092176,176.5981,6.319683,2488.1785,34.696095,0.9801809565628885,59.431553,7.355437278747559,4.08192,2.9696000000000002,393.71887,0.08119255,1.3378823,3673.7632,32026.614529318103,24.317024,7.86304,3.7811199999999996,0.31701490336336996,4131,13.119465,66.26403833772201,67919.79873361549,0.24725221,14.457600000000015,7171.35,,,,,,,,,,,,,,,,,,,,,,,,,,,,,,,,,,,,,,,,,,,,,,,,,,,,,,,,,,,,,,,,,,,,,,,,,,,,,,,,,,,,,,,,,,,,,,,,,,,,,,,,,,,,,,,,,,,,,,,,,,,,,,,,,,,,,,,,,,,,,,,,,,,,,,,,,,,,
H0_10ft_32kHz_epoch_76,H0,10FT,True,0,False,0.44037464175,True,VALID,False,,,,,,,,,,,,,,,,,15.629195151559582,1327.0299277169802,13.942052745667493,2234.7561084193585,36.77709865496184,0.993217952970929,48.53502659408778,6.662969331926234,6.65088,2.7904,160.2888863773964,0.07242056843663644,1.2645107219883986,5416491.251019769,32026.49997199133,24.835921537391116,10.55488,3.904,0.23342894584218488,22,12.357034090849838,161.588479387774,31957.252054007728,0.00045141538042761117,16.17792000000001,6076.488331462808,16.468754,191.87292,5.284691,2021.8903,32.74027,0.9796463507667165,49.248013,6.717543125152588,3.13472,2.69952,382.59384,0.07295324,1.3432535,3383.4797,32026.49997199133,25.239162,7.08864,3.9539199999999997,0.2837704196129455,3549,13.591095,161.588479387774,66900.23739980234,0.24480213,11.46495999999997,6175.546,,,,,,,,,,,,,,,,,,,,,,,,,,,,,,,,,,,,,,,,,,,,,,,,,,,,,,,,,,,,,,,,,,,,,,,,,,,,,,,,,,,,,,,,,,,,,,,,,,,,,,,,,,,,,,,,,,,,,,,,,,,,,,,,,,,,,,,,,,,,,,,,,,,,,,,,,,,,
H0_10ft_32kHz_epoch_77,H0,10FT,True,0,False,0.24872664175,True,VALID,False,,,,,,,,,,,,,,,,,14.864360860327954,1952.528064184667,1.5783716909676206,3219.2044994218263,51.04501374158619,0.9930049259755016,49.296682675925524,6.669178061154253,3.7401600000000004,3.7952,2039.5731359374138,0.04194933672411243,1.2628991129981257,56501522.18398803,32021.667643382672,29.568148901348216,5.18912,1.44896,0.8057815285065719,14,21.766189611397827,28.614726740805054,31942.967551095382,5.5103068854404306e-05,8.541439999999984,6306.599339396594,14.79826,168.93677,1.4954411,3162.676,49.345703,0.9843032257827028,50.11523,6.733372211456299,3.73888,3.6224,2114.8784,0.04305122,1.2674714,3866.607,32021.667643382672,29.377348,5.13664,1.3977600000000001,0.9843741549940037,2322,21.522614,28.614726740805054,66579.00904985318,0.23898272,7.729920000000029,6409.2227,,,,,,,,,,,,,,,,,,,,,,,,,,,,,,,,,,,,,,,,,,,,,,,,,,,,,,,,,,,,,,,,,,,,,,,,,,,,,,,,,,,,,,,,,,,,,,,,,,,,,,,,,,,,,,,,,,,,,,,,,,,,,,,,,,,,,,,,,,,,,,,,,,,,,,,,,,,,
H0_10ft_32kHz_epoch_78,H0,10FT,True,0,False,0.28550360175,True,VALID,False,,,,,,,,,,,,,,,,,14.448547203954119,2252.571485724956,33.047014483565015,1667.7329890289723,27.47802630243636,0.9939777933967211,47.3971053417068,6.588707010085024,3.2294400000000003,3.85024,50.465466096947026,0.09712866254688361,1.2042578087686633,7011015.0089816,32025.244484225273,21.851510766994014,13.37984,10.150400000000001,0.10845511920813221,27,7.503444015495672,25.037885898203967,31958.19902714597,0.0003958491364047518,20.687359999999988,6069.333258047992,14.915801,193.6595,6.1296277,1603.2463,26.041075,0.9864179490697406,47.959137,6.630664348602295,3.36128,3.73248,261.5569,0.096234724,1.252109,4000.1816,32025.244484225273,22.282455,8.032,4.670719999999999,0.30801978244866546,3684,9.628594,25.037885898203967,65484.039230622926,0.2362322,13.647359999999997,6156.6055,,,,,,,,,,,,,,,,,,,,,,,,,,,,,,,,,,,,,,,,,,,,,,,,,,,,,,,,,,,,,,,,,,,,,,,,,,,,,,,,,,,,,,,,,,,,,,,,,,,,,,,,,,,,,,,,,,,,,,,,,,,,,,,,,,,,,,,,,,,,,,,,,,,,,,,,,,,,
H0_10ft_32kHz_epoch_79,H0,10FT,True,0,False,0.27752792175,True,VALID,False,,,,,,,,,,,,,,,,,14.101545226800516,1860.6533681227174,1.3540388068932072,2651.2635838825177,48.33844559103393,0.9929824568927076,49.16641085875456,6.704443251203437,3.65056,4.08832,1958.0410623279033,0.036370888745537185,1.0839428516296132,13836143.377178067,32073.629945146095,29.47078390657307,5.10592,1.45536,0.9931966887732602,14,22.240789600071874,40.397119846944406,31944.51594130318,0.00021325213274818772,7.791359999999969,5484.792800979599,14.832739,157.58076,6.8874865,1895.3372,33.920074,0.982810097094153,50.088066,6.775294780731201,3.5584000000000002,1.95072,275.1856,0.08658197,1.150789,3475.6707,32073.629945146095,22.466097,7.362559999999999,3.80416,0.27761842884635424,3699,11.662897,40.397119846944406,67716.8609887246,0.24813852,14.453760000000038,5587.6562,,,,,,,,,,,,,,,,,,,,,,,,,,,,,,,,,,,,,,,,,,,,,,,,,,,,,,,,,,,,,,,,,,,,,,,,,,,,,,,,,,,,,,,,,,,,,,,,,,,,,,,,,,,,,,,,,,,,,,,,,,,,,,,,,,,,,,,,,,,,,,,,,,,,,,,,,,,,
H0_10ft_32kHz_epoch_8,H0,10FT,False,0,False,0.05087064175,False,TOO_EARLY,False,,,,,,,,,,,,,,,,,9.717723856137505,6.448863120227658,10753494764189.842,1075.3494764189843,11.877479936750966,0.7970224477187575,15.786358801027106,3.916329021089028,7.42912,1.15712,0.0,0.064866764526877,0.9597028465783684,32883012.38155382,31888.47647918094,23.379662660164936,15.06816,7.63904,0,0,9.426753568071407,25.248199904341163,31936.97719934155,0.00011700741248829604,0,9053.683796102709,11.105251,7.3565364,0.8503833,1636.237,17.70847,0.7972101045165039,16.663172,3.99609375,0.9792,1.07904,1924.1172,0.11563376,1.107951,6210.3906,31888.47647918094,19.598892,4.98304,4.003839999999999,0.7527367971761213,2529,10.21047,25.248199904341163,60039.07452287133,0.19875172,7.8463999999999965,9239.856,,,,,,,,,,,,,,,,,,,,,,,,,,,,,,,,,,,,,,,,,,,,,,,,,,,,,,,,,,,,,,,,,,,,,,,,,,,,,,,,,,,,,,,,,,,,,,,,,,,,,,,,,,,,,,,,,,,,,,,,,,,,,,,,,,,,,,,,,,,,,,,,,,,,,,,,,,,,
H0_10ft_32kHz_epoch_80,H0,10FT,False,0,False,0.00534488175,False,TOO_EARLY,False,,,,,,,,,,,,,,,,,11.758571271067717,4.840580567186577,2.922874599163319,2217.507866295471,28.876269152624157,0.7998184916961467,32.746005339408484,5.5474476904032946,2.8544,3.87072,758.6736245646482,0.366853860734615,1.138561831873482,11828132.485476753,32054.344083763495,9.80492220775298,5.28768,2.43328,0.6556989534771397,19,1.2354987683187082,38.15312037584226,31955.92039733818,0.0002123060756815021,8.4544,7679.3433894624995,11.640133,4.8204293,2.2412798,2056.9976,26.11258,0.7998006070638304,32.46835,5.535787582397461,2.57408,3.0233600000000003,917.7781,0.37216684,1.1415371,3902.3118,32054.344083763495,9.693939,4.9792,2.40512,0.7100368142673065,2017,1.0499426,38.15312037584226,59813.389333497995,0.21128026,8.454400000000001,7877.42,,,,,,,,,,,,,,,,,,,,,,,,,,,,,,,,,,,,,,,,,,,,,,,,,,,,,,,,,,,,,,,,,,,,,,,,,,,,,,,,,,,,,,,,,,,,,,,,,,,,,,,,,,,,,,,,,,,,,,,,,,,,,,,,,,,,,,,,,,,,,,,,,,,,,,,,,,,,
H0_10ft_32kHz_epoch_81,H0,10FT,True,0,False,0.15429848175,True,VALID,False,,,,,,,,,,,,,,,,,13.728229823700378,1718.9227075695796,2.4158694496418676,3012.3190520933804,60.26603985360588,0.9937160202488778,48.19799284745989,6.712954655897706,3.8336,4.0,1246.8881762380372,0.04711409407700433,1.038373260287313,3931492.9698831993,32027.032904646574,26.849125236359278,5.22752,1.39392,0.8546636521845816,18,20.448309098338147,180.63046255133668,31975.018321932483,0.0005402727719602371,8.874239999999977,4998.368997549264,13.767778,141.06874,2.9630103,2389.9119,46.86462,0.9801470972515731,48.849,6.769455909729004,2.18368,4.0217600000000004,806.58234,0.08290703,1.051858,2664.7014,32027.032904646574,21.976257,5.0368,2.8531199999999997,0.8128359730650354,1906,14.686246,180.63046255133668,66455.90485718437,0.23842733,8.01792000000001,5099.608,,,,,,,,,,,,,,,,,,,,,,,,,,,,,,,,,,,,,,,,,,,,,,,,,,,,,,,,,,,,,,,,,,,,,,,,,,,,,,,,,,,,,,,,,,,,,,,,,,,,,,,,,,,,,,,,,,,,,,,,,,,,,,,,,,,,,,,,,,,,,,,,,,,,,,,,,,,,
H0_10ft_32kHz_epoch_82,H0,10FT,True,0,False,0.25660504175000004,True,VALID,False,,,,,,,,,,,,,,,,,13.889863878467295,1971.734818007286,2.7658935492930503,3862.2991559329535,62.66208083627064,0.9935477587143501,48.378184968375514,6.6617590895045105,3.91936,3.9616000000000002,1396.4019536904675,0.03911694445432812,1.1666573880537336,24754511.467557065,32027.032904646574,29.480110635830474,5.31712,1.3977600000000001,0.7887315615736874,15,23.064216287716835,193.14940550043684,31929.528757197495,8.122937307331171e-05,8.816639999999987,6163.694381654303,13.797229,159.99333,2.3697956,3708.2393,59.18455,0.9848403308414956,48.965088,6.7124481201171875,3.63904,4.01152,1564.7928,0.040533427,1.1684133,3206.5173,32027.032904646574,29.13841,4.98304,1.3439999999999999,0.8144036833252035,2035,22.858448,193.14940550043684,64785.54634913628,0.22938797,8.805119999999999,6265.5527,,,,,,,,,,,,,,,,,,,,,,,,,,,,,,,,,,,,,,,,,,,,,,,,,,,,,,,,,,,,,,,,,,,,,,,,,,,,,,,,,,,,,,,,,,,,,,,,,,,,,,,,,,,,,,,,,,,,,,,,,,,,,,,,,,,,,,,,,,,,,,,,,,,,,,,,,,,,
H0_10ft_32kHz_epoch_83,H0,10FT,True,0,False,0.33320920175,True,VALID,False,,,,,,,,,,,,,,,,,14.33677901824359,1917.0292004776086,1.9025507827797765,3646.747491042132,56.305466865075246,0.9934558073240638,49.703692122545924,6.744655964648273,3.88224,4.0128,1916.7674913327446,0.03486130793800337,1.1975364021549944,4303713.5648033125,32026.49997199133,30.683795606161638,5.28256,1.40032,0.8551554738750643,14,23.8484468387837,201.9855992347184,31972.122815865845,0.000520775238706887,8.829439999999966,6476.720102118635,14.212598,163.03593,1.7480294,3546.374,53.84919,0.9833518337472241,50.350178,6.800013065338135,3.68768,4.0192,2028.784,0.036430296,1.1971147,3005.7373,32026.49997199133,30.272621,5.03424,1.34656,0.8721181152277914,2059,23.549433,201.9855992347184,65590.12770179014,0.23189327,8.806399999999993,6585.752,,,,,,,,,,,,,,,,,,,,,,,,,,,,,,,,,,,,,,,,,,,,,,,,,,,,,,,,,,,,,,,,,,,,,,,,,,,,,,,,,,,,,,,,,,,,,,,,,,,,,,,,,,,,,,,,,,,,,,,,,,,,,,,,,,,,,,,,,,,,,,,,,,,,,,,,,,,,
H0_10ft_32kHz_epoch_84,H0,10FT,True,0,False,0.28319576175,True,VALID,False,,,,,,,,,,,,,,,,,15.134631545689613,2483.6840507376896,5.353630374666371,4901.669175982846,74.25959500302916,0.9931093987751249,65.92665488386028,7.740261548807037,5.7561599999999995,4.00256,915.5785575293428,0.040192583117310464,1.2071748020752981,5306425.877026397,31916.67646571234,29.524067458969114,7.18208,1.42592,0.5085388646378971,19,22.55714995067028,200.29811588447774,31972.47005881496,0.0004082140250412276,13.438720000000014,6600.7216653724345,15.5953245,210.65717,5.333149,1622.9272,24.230856,0.984365629108795,66.288506,7.769010543823242,5.9712000000000005,2.74176,304.3094,0.10180035,1.2530321,3097.7158,31916.67646571234,21.76006,8.634879999999999,2.66368,0.3176614552389143,3972,8.893061,200.29811588447774,65473.917825933204,0.2384151,15.229439999999983,6697.771,,,,,,,,,,,,,,,,,,,,,,,,,,,,,,,,,,,,,,,,,,,,,,,,,,,,,,,,,,,,,,,,,,,,,,,,,,,,,,,,,,,,,,,,,,,,,,,,,,,,,,,,,,,,,,,,,,,,,,,,,,,,,,,,,,,,,,,,,,,,,,,,,,,,,,,,,,,,
H0_10ft_32kHz_epoch_85,H0,10FT,True,0,False,0.40756056175000005,True,VALID,False,,,,,,,,,,,,,,,,,15.187999234509874,2116.1720929568037,1.3491207438204196,2849.1100317563423,49.24371986928559,0.9930106100880508,57.203966109829786,7.147208941163362,3.97056,3.88224,2111.827310347435,0.03122598016753298,1.1652612838015868,12495092.755669495,32027.094600918907,31.429447707730127,5.37728,1.40672,0.993615142990782,17,23.651715465742353,152.6083824732341,31941.079318811127,0.00020088837170892826,8.767999999999997,5785.7327580432175,15.307703,165.1014,18.323902,1773.8324,30.086378,0.980029331341411,57.8722,7.200963020324707,5.5705599999999995,2.83264,96.80429,0.07841118,1.1855639,3156.3582,32027.094600918907,23.48674,10.250240000000002,4.67968,0.221594953400278,4590,10.791679,152.6083824732341,66431.5052899954,0.24050273,15.56479999999999,5895.7993,,,,,,,,,,,,,,,,,,,,,,,,,,,,,,,,,,,,,,,,,,,,,,,,,,,,,,,,,,,,,,,,,,,,,,,,,,,,,,,,,,,,,,,,,,,,,,,,,,,,,,,,,,,,,,,,,,,,,,,,,,,,,,,,,,,,,,,,,,,,,,,,,,,,,,,,,,,,
H0_10ft_32kHz_epoch_86,H0,10FT,True,0,False,0.30519128175000004,True,VALID,False,,,,,,,,,,,,,,,,,15.191746827261785,2213.9605323023284,5.182265033983004,1522.870192434979,22.52257978959886,0.99374455752436,59.76490041926459,7.358053319873825,3.04128,2.8505599999999998,293.8618890481577,0.10015704601057397,1.2600090249959197,9581601.099905072,32027.094600918907,21.977964581142636,7.83232,4.79104,0.3212222664729671,21,9.17496499752606,135.12200531484268,31955.60737864429,0.00024450105289066374,13.434879999999982,6761.526462160574,15.344177,202.19765,5.1350965,1512.1023,22.050028,0.9852412872983474,60.205494,7.392441749572754,3.02848,2.78784,294.46423,0.10107733,1.2816613,3434.6575,32027.094600918907,22.003311,7.84,4.81152,0.3191301067753885,3783,9.053619,135.12200531484268,64707.653694371686,0.23188518,13.465600000000022,6857.598,,,,,,,,,,,,,,,,,,,,,,,,,,,,,,,,,,,,,,,,,,,,,,,,,,,,,,,,,,,,,,,,,,,,,,,,,,,,,,,,,,,,,,,,,,,,,,,,,,,,,,,,,,,,,,,,,,,,,,,,,,,,,,,,,,,,,,,,,,,,,,,,,,,,,,,,,,,,
H0_10ft_32kHz_epoch_87,H0,10FT,True,0,False,0.21769688175,True,VALID,False,,,,,,,,,,,,,,,,,15.149552893112922,12.73891594252586,6.005421590902172,1988.197121749085,4.720097288721756,0.4961930639475353,44.53223674909747,6.4162354479892345,2.7315199999999997,2.70464,331.0670352869939,0.0737214720408816,1.2862285104671023,43894574.14656474,32027.126282881927,24.82151308361301,6.58048,3.84896,0.3265403105590781,19,13.749193276675458,193.3243078957712,31955.548370329794,0.00015386305471659311,14.430720000000008,42121.95215763236,15.8129635,13.304017,6.2306027,2106.3857,4.919348,0.4960171158172124,45.18168,6.471342086791992,2.7852799999999998,2.56,338.07095,0.07343637,1.3536068,7512.2153,32027.126282881927,25.272068,6.56128,3.776,0.3256237826266194,3256,14.054073,193.3243078957712,70162.39382096309,0.26384842,14.493439999999858,42818.395,,,,,,,,,,,,,,,,,,,,,,,,,,,,,,,,,,,,,,,,,,,,,,,,,,,,,,,,,,,,,,,,,,,,,,,,,,,,,,,,,,,,,,,,,,,,,,,,,,,,,,,,,,,,,,,,,,,,,,,,,,,,,,,,,,,,,,,,,,,,,,,,,,,,,,,,,,,,
H0_10ft_32kHz_epoch_88,H0,10FT,True,0,False,0.10126680175000001,True,VALID,False,,,,,,,,,,,,,,,,,17.14106617169531,13.886926311090063,16.821062337494144,3122.603697767814,6.4442687439460915,0.4831006975733838,44.22134725012319,6.354817473330105,5.77152,3.09504,185.6365332411764,0.0834311318984205,1.5756888136284066,86639736.26439747,32023.213337779118,25.498325414997144,10.05696,4.2854399999999995,0.23633840065017914,21,12.796430016223521,154.22631101301522,31950.89091266729,6.969378780804041e-05,15.191039999999933,48455.51639511093,17.576862,14.25553,16.348217,3107.959,6.3240924,0.48315621628487215,44.93229,6.41130256652832,5.68192,3.06944,190.10997,0.08430249,1.6272004,8371.029,32023.213337779118,25.606794,10.036480000000001,4.35456,0.24025792849290392,3793,12.694074,154.22631101301522,68309.33968381454,0.250771,15.205120000000072,49144.746,,,,,,,,,,,,,,,,,,,,,,,,,,,,,,,,,,,,,,,,,,,,,,,,,,,,,,,,,,,,,,,,,,,,,,,,,,,,,,,,,,,,,,,,,,,,,,,,,,,,,,,,,,,,,,,,,,,,,,,,,,,,,,,,,,,,,,,,,,,,,,,,,,,,,,,,,,,,
H0_10ft_32kHz_epoch_89,H0,10FT,True,0,False,0.48111704175000003,True,VALID,False,,,,,,,,,,,,,,,,,14.044388092300645,45.275079558776476,24.336932574641747,2731.3735710066107,40.51858367178105,0.9545654869237923,45.55968545524702,6.465966392822869,6.65088,3.87072,112.2316283133469,0.07133324142766563,1.196811664423258,366893.6410001663,32023.133545337416,24.48281664373323,10.641919999999999,3.9910400000000004,0.20141887182710083,25,13.324310389937208,28.614626558250166,32582.064852967786,0.008499777157653772,16.280320000000014,6741.039107220376,14.318301,44.800266,8.57608,2685.8218,39.266373,0.9504167801449235,46.32415,6.530896186828613,4.47872,3.86304,313.1759,0.070672266,1.2290775,4283.705,32023.133545337416,24.724567,8.290560000000001,3.81184,0.33938850555403655,3610,14.426014,28.614626558250166,66952.38299466712,0.24366572,14.452480000000046,6840.005,,,,,,,,,,,,,,,,,,,,,,,,,,,,,,,,,,,,,,,,,,,,,,,,,,,,,,,,,,,,,,,,,,,,,,,,,,,,,,,,,,,,,,,,,,,,,,,,,,,,,,,,,,,,,,,,,,,,,,,,,,,,,,,,,,,,,,,,,,,,,,,,,,,,,,,,,,,,
H0_10ft_32kHz_epoch_9,H0,10FT,True,0,False,0.14602584175,True,VALID,False,,,,,,,,,,,,,,,,,14.638117897763221,1760.4305380022486,0.7481718724585052,1110.548123924179,33.79403860186837,0.9914500324960699,32.6426284952447,5.422934969620512,4.408320000000001,1.0726399999999998,1484.348937463827,0.03105423334853145,0.8977567559419909,16511148.808271537,31889.324532206447,29.201883152531924,5.05344,0.64512,0.8114481463738656,16,19.87198569905128,25.037885898207605,31949.399112779698,0.0001649968782912948,8.563199999999993,3286.2249375034635,15.500918,144.86424,0.753974,1152.5997,34.016014,0.9772647638433019,34.664017,5.553640842437744,4.5120000000000005,0.97792,1528.6996,0.029609231,0.965339,2917.062,31889.324532206447,30.212967,5.02272,0.51072,0.8118113566062994,2455,20.485332,25.037885898207605,67990.78307660586,0.25381136,8.660479999999998,3388.4033,,,,,,,,,,,,,,,,,,,,,,,,,,,,,,,,,,,,,,,,,,,,,,,,,,,,,,,,,,,,,,,,,,,,,,,,,,,,,,,,,,,,,,,,,,,,,,,,,,,,,,,,,,,,,,,,,,,,,,,,,,,,,,,,,,,,,,,,,,,,,,,,,,,,,,,,,,,,
H0_10ft_32kHz_epoch_90,H0,10FT,False,0,False,0.0012629617500000002,False,TOO_EARLY,False,,,,,,,,,,,,,,,,,10.410996264201197,4.414104579627867,23.67867110981742,2158.290608950222,16.492855381345553,0.7974347070283767,20.813043911307936,4.483699217292515,6.08256,3.8873599999999997,91.14914426312568,0.5603462283962153,1.274160458177188,161136.44416299296,32025.244484225273,7.116104346905808,10.873600000000001,4.79104,0.11479128554873623,32,-5.688249656503127,175.26520128743505,33459.334964695925,0.0163834266416269,28.929280000000002,13086.215570600145,10.498235,4.4567614,23.31492,2201.5486,16.640963,0.7975368375069029,21.01749,4.50962495803833,6.0416,3.8848,94.4266,0.5617583,1.291862,6445.987,32025.244484225273,7.214017,10.8288,4.7872,0.12077709966407442,4960,-5.606762,175.26520128743505,57460.06183811866,0.18299794,28.93184,13229.695,,,,,,,,,,,,,,,,,,,,,,,,,,,,,,,,,,,,,,,,,,,,,,,,,,,,,,,,,,,,,,,,,,,,,,,,,,,,,,,,,,,,,,,,,,,,,,,,,,,,,,,,,,,,,,,,,,,,,,,,,,,,,,,,,,,,,,,,,,,,,,,,,,,,,,,,,,,,
H0_10ft_32kHz_epoch_91,H0,10FT,True,0,False,0.10160472175,True,VALID,False,,,,,,,,,,,,,,,,,11.86725541096721,2558.226497396393,30.95876848786834,2205.719255655966,16.414292588399736,0.7977604901906341,27.954209616810825,5.156275362803065,7.24096,2.7712000000000003,71.24699603336013,0.17380880909726307,1.3875795381856688,19945501.407911997,32060.477684584926,18.025392977713775,12.01792,4.77696,0.09665111406504015,31,4.130204124989841,171.68443028238835,31946.70318822926,0.00018099567243707825,28.919039999999992,13437.796626183997,12.111948,209.72827,9.885154,2037.3265,14.975489,0.7978566739562689,28.08794,5.1708173751831055,2.47936,2.67776,206.09964,0.1749689,1.4249429,6052.139,32060.477684584926,18.157269,7.2793600000000005,4.8,0.21297735928201172,3431,5.904009,171.68443028238835,58933.38955127193,0.19325012,13.424639999999988,13604.408,,,,,,,,,,,,,,,,,,,,,,,,,,,,,,,,,,,,,,,,,,,,,,,,,,,,,,,,,,,,,,,,,,,,,,,,,,,,,,,,,,,,,,,,,,,,,,,,,,,,,,,,,,,,,,,,,,,,,,,,,,,,,,,,,,,,,,,,,,,,,,,,,,,,,,,,,,,,
H0_10ft_32kHz_epoch_92,H0,10FT,False,0,False,0.033806961749999996,False,TOO_EARLY,False,,,,,,,,,,,,,,,,,10.071437274068025,4.440229630262962,20306154984619.59,2030.615498461959,14.79456402905531,0.7966701007124899,24.454210831266135,4.886014900976397,3.2896,3.67104,0.0,0.07728484901399835,1.2623477553149967,22227928.339862123,32046.705529280876,24.254359411144147,7.306240000000001,4.01664,0,0,16.218813253990348,153.80415623183217,31952.67874128799,0.0001723407174841361,0,13725.416270962645,10.141626,4.484552,20058277000000.0,2005.8278,14.403686,0.7967827635614334,24.453634,4.888329029083252,3.1948800000000004,2.9952,0.0,0.07860993,1.2803907,6211.335,32044.917108859576,24.21036,7.28064,4.08576,0,0,16.08086,153.80415623183217,58927.573446344664,0.1962753,0,13925.795,,,,,,,,,,,,,,,,,,,,,,,,,,,,,,,,,,,,,,,,,,,,,,,,,,,,,,,,,,,,,,,,,,,,,,,,,,,,,,,,,,,,,,,,,,,,,,,,,,,,,,,,,,,,,,,,,,,,,,,,,,,,,,,,,,,,,,,,,,,,,,,,,,,,,,,,,,,,
H0_10ft_32kHz_epoch_93,H0,10FT,False,0,False,0.055490161749999996,False,TOO_EARLY,False,,,,,,,,,,,,,,,,,12.065963866372263,7.735105658540923,17.85476419564113,2933.6388691712364,21.245154572307676,0.7977557204501625,26.55338159305037,5.005489338699019,3.4112,3.6159999999999997,164.30566301657672,0.07992315800530692,1.4716175765072512,20650235.117598508,32033.232825299154,25.271865457921358,7.392,3.9807999999999995,0.22076824476787843,8,14.236968740074648,171.6877593495119,31949.78866381551,0.0001768642978379161,14.337280000000007,13808.508002079268,12.133748,7.7844696,16.866665,2869.952,20.55484,0.7978448607934688,26.780214,5.029932022094727,3.38816,3.5686400000000003,170.15527,0.08116327,1.4881092,6156.0596,32033.232825299154,25.175934,7.43296,4.0448,0.21874061986683666,1502,13.97716,171.6877593495119,58541.81045188544,0.19027485,14.356480000000005,13962.414,,,,,,,,,,,,,,,,,,,,,,,,,,,,,,,,,,,,,,,,,,,,,,,,,,,,,,,,,,,,,,,,,,,,,,,,,,,,,,,,,,,,,,,,,,,,,,,,,,,,,,,,,,,,,,,,,,,,,,,,,,,,,,,,,,,,,,,,,,,,,,,,,,,,,,,,,,,,
H0_10ft_32kHz_epoch_94,H0,10FT,True,0,False,0.16808152175,True,VALID,False,,,,,,,,,,,,,,,,,13.568784873903933,2156.175121484282,18.32429505980001,2181.397217603175,31.0776613385448,0.9936209545663093,43.465294371066896,6.36432036707507,6.08256,3.8208,119.04399107755634,0.130203754149579,1.216211112298872,7365042.378007524,31896.47821389165,19.371112088351204,11.12576,5.043200000000001,0.1421464049274943,22,6.9373548028941245,191.3609850791363,31948.161845951036,0.0003301863773396172,21.533440000000013,7019.180735126985,13.682564,174.99434,18.063522,2195.8367,30.83532,0.9840492326776582,43.911602,6.405476093292236,6.1696,3.27552,121.56193,0.13107358,1.2352877,3410.4207,31896.47821389165,19.362581,11.09248,4.92288,0.14557575004265444,4457,6.91306,191.3609850791363,64122.1437575662,0.22544599,21.432320000000004,7121.174,,,,,,,,,,,,,,,,,,,,,,,,,,,,,,,,,,,,,,,,,,,,,,,,,,,,,,,,,,,,,,,,,,,,,,,,,,,,,,,,,,,,,,,,,,,,,,,,,,,,,,,,,,,,,,,,,,,,,,,,,,,,,,,,,,,,,,,,,,,,,,,,,,,,,,,,,,,,
H0_10ft_32kHz_epoch_95,H0,10FT,True,0,False,0.29648984175000004,True,VALID,False,,,,,,,,,,,,,,,,,15.793654738815732,2473.9425681413177,29.606372865634977,2289.7837423657625,32.623002543529886,0.9936414913704027,56.40659908852008,7.175349350223311,7.31648,2.7712000000000003,77.34090740377805,0.09852331348467859,1.373338124890583,29214591.013223067,31917.09110573919,22.874447112533524,11.584000000000001,4.26752,0.09448488032236252,27,9.394860201645388,193.5695325999368,31946.37492270004,7.4802134996006e-05,28.890880000000006,7018.923961123445,16.068293,244.94604,29.38005,2340.4707,32.91984,0.9871304678658811,56.656586,7.1971893310546875,7.31648,2.7123199999999996,79.6619,0.09880357,1.4062159,3236.4194,31917.09110573919,22.980408,11.61216,4.29568,0.09897000464726165,5312,9.451878,193.5695325999368,63519.761972679386,0.22581775,28.930559999999993,7109.605,,,,,,,,,,,,,,,,,,,,,,,,,,,,,,,,,,,,,,,,,,,,,,,,,,,,,,,,,,,,,,,,,,,,,,,,,,,,,,,,,,,,,,,,,,,,,,,,,,,,,,,,,,,,,,,,,,,,,,,,,,,,,,,,,,,,,,,,,,,,,,,,,,,,,,,,,,,,
H0_10ft_32kHz_epoch_96,H0,10FT,True,0,False,0.11288792175000001,True,VALID,False,,,,,,,,,,,,,,,,,14.878681412907682,2414.0167931357632,18.369211218823782,2323.8143480307285,30.69732315589168,0.9934966431910304,50.0135049472799,6.7735205834334815,6.40128,3.00928,126.50594085648986,0.16362680490485668,1.384967886918366,16313276.043064686,32025.244484225273,18.542702789027775,11.21408,4.8128,0.13162998687988336,18,5.189820443006473,166.32309918093233,31937.70095956519,0.00016825739924013994,21.49119999999999,7570.087907110208,15.288243,209.35841,18.231348,2337.0093,30.487526,0.98280316972689,50.513046,6.814669609069824,6.423039999999999,2.98624,128.18631,0.1644301,1.4320287,3727.4482,32025.244484225273,18.776184,11.24352,4.82048,0.13636797456564193,4361,5.1641445,166.32309918093233,63631.448806048145,0.22277945,21.47199999999999,7665.461,,,,,,,,,,,,,,,,,,,,,,,,,,,,,,,,,,,,,,,,,,,,,,,,,,,,,,,,,,,,,,,,,,,,,,,,,,,,,,,,,,,,,,,,,,,,,,,,,,,,,,,,,,,,,,,,,,,,,,,,,,,,,,,,,,,,,,,,,,,,,,,,,,,,,,,,,,,,
H0_10ft_32kHz_epoch_97,H0,10FT,True,0,False,0.22731736175,True,VALID,False,,,,,,,,,,,,,,,,,15.066335488980005,2494.3020641357252,38.56820663046232,3080.0509444638733,33.94202590006256,0.9939365949463002,46.3189209202338,6.545270173387055,5.9648,3.14112,79.85984347084731,0.12658188216348865,1.5354741204623819,9460453.30751863,32023.456063803973,21.67473385586888,10.70592,4.74112,0.08608067846656488,30,8.83638248247461,157.38099707443325,31948.261260656735,0.00030680641774084844,17.451520000000027,9074.44639142227,15.133181,210.1335,36.767544,3008.1353,32.76973,0.9867390377280087,46.721764,6.5791239738464355,5.934080000000001,3.18208,81.814964,0.12813455,1.5511984,4170.116,32023.456063803973,21.577625,10.810880000000001,4.876799999999999,0.09639548484348961,5312,8.592223,157.38099707443325,62950.55488467329,0.21590407,17.491199999999985,9179.616,,,,,,,,,,,,,,,,,,,,,,,,,,,,,,,,,,,,,,,,,,,,,,,,,,,,,,,,,,,,,,,,,,,,,,,,,,,,,,,,,,,,,,,,,,,,,,,,,,,,,,,,,,,,,,,,,,,,,,,,,,,,,,,,,,,,,,,,,,,,,,,,,,,,,,,,,,,,
H0_10ft_32kHz_epoch_98,H0,10FT,True,0,False,0.26336088175,True,VALID,False,,,,,,,,,,,,,,,,,15.510491686441663,2411.6152805275956,8.40109093477168,1898.458338437273,28.82861397786447,0.9937831902460557,47.67548389329622,6.6035421222228186,1.77152,2.65088,225.9775966212688,0.10189107003586068,1.3907665617356126,9647336.885508914,32027.636899500405,22.683664236353213,6.57408,4.80256,0.2157849304954522,21,10.741811388442501,183.13497780404214,31973.979266470204,0.00021687972541865698,13.469439999999999,6585.326439540038,15.899702,198.26501,8.123544,1868.9402,27.958193,0.9865892472600185,48.215393,6.647812366485596,1.7254399999999999,2.59584,230.06464,0.103110135,1.4363893,3476.8948,32027.636899500405,22.726793,6.56768,4.84224,0.21974288645811746,3527,10.575781,183.13497780404214,63821.90721384693,0.22192882,13.415680000000041,6684.7676,,,,,,,,,,,,,,,,,,,,,,,,,,,,,,,,,,,,,,,,,,,,,,,,,,,,,,,,,,,,,,,,,,,,,,,,,,,,,,,,,,,,,,,,,,,,,,,,,,,,,,,,,,,,,,,,,,,,,,,,,,,,,,,,,,,,,,,,,,,,,,,,,,,,,,,,,,,,
H0_10ft_32kHz_epoch_99,H0,10FT,True,0,False,0.36478936175000004,True,VALID,False,,,,,,,,,,,,,,,,,15.025163956751033,1845.6067467442533,17.474046939834626,1726.0014215743067,25.129200939298535,0.9939537482033011,50.39958733668036,6.857271320612607,6.00448,3.68256,98.77513935469,0.09279207268247312,1.3322178624394794,5428677.9202782465,32027.032904646574,23.12274089540803,10.76352,4.75904,0.12864654846712759,18,9.004999397660423,182.41888297263358,31967.369682141965,0.0004452814878623381,17.364480000000015,6868.508973857017,15.298014,178.74828,14.376818,1745.883,25.022009,0.9834399892245013,50.9092,6.9026336669921875,4.995839999999999,3.5801600000000002,121.43738,0.09330869,1.3671193,3321.7795,32027.032904646574,23.310492,9.76768,4.77184,0.1362021883415642,4869,9.422254,182.41888297263358,64128.45268101974,0.22169332,15.16287999999999,6977.3896,,,,,,,,,,,,,,,,,,,,,,,,,,,,,,,,,,,,,,,,,,,,,,,,,,,,,,,,,,,,,,,,,,,,,,,,,,,,,,,,,,,,,,,,,,,,,,,,,,,,,,,,,,,,,,,,,,,,,,,,,,,,,,,,,,,,,,,,,,,,,,,,,,,,,,,,,,,,
H0_15ft_32kHz_epoch_0,H0,15FT,True,0,False,0.32186968175,True,VALID,False,,,,,,,,,,,,,,,,,13.880777416241559,1410.413938862127,0.8372003608065129,971.1895699472437,35.65612208843715,0.9918549278404352,35.019186462700155,5.699702688722729,2.09664,1.888,1160.0443757711346,0.03289330889416851,0.7750389680387141,15375258.562149948,32028.821325067875,27.427124512741038,6.51648,4.419840000000001,0.8723299341699426,20,17.687295837472575,25.037885898203967,31996.76816040417,0.00014060425615165974,14.835200000000048,2723.766671929119,15.658651,126.76469,0.6563801,842.6836,29.737938,0.9783047995061304,37.453575,5.850074768066406,1.48608,0.99712,1283.8347,0.035409,0.8917765,2189.1252,32028.821325067875,27.816032,5.99296,4.50688,0.8060572293189058,2842,16.795717,25.037885898203967,69387.0160369418,0.2627193,14.73279999999999,2833.6987,,,,,,,,,,,,,,,,,,,,,,,,,,,,,,,,,,,,,,,,,,,,,,,,,,,,,,,,,,,,,,,,,,,,,,,,,,,,,,,,,,,,,,,,,,,,,,,,,,,,,,,,,,,,,,,,,,,,,,,,,,,,,,,,,,,,,,,,,,,,,,,,,,,,,,,,,,,,
H0_15ft_32kHz_epoch_1,H0,15FT,True,0,False,0.44121944175000005,True,VALID,False,,,,,,,,,,,,,,,,,12.261262116460582,531.6786908568166,101.96482700733486,773.5838627813104,26.605993294168094,0.9898630697527719,31.964900615728318,5.506224584501471,8.12416,3.85024,7.586771688588909,0.05439831155707869,0.6862126300463748,3459121.1741732596,32023.133545337416,21.968369730127808,14.535680000000001,6.41152,0.06282268109542671,38,8.845729704971664,250.79878571644076,32013.722767813488,0.0005232515797027302,27.10656,2907.5549039954453,13.224924,105.80482,0.7708482,987.2255,32.659477,0.9706998756382061,33.048775,5.587330341339111,2.8825600000000002,1.22368,1280.7003,0.022821143,0.7546686,1902.9973,32023.133545337416,30.388203,4.6950400000000005,1.81248,0.9550609505958264,2237,22.366787,250.79878571644076,69399.7374620618,0.2617952,7.064319999999958,3022.7842,,,,,,,,,,,,,,,,,,,,,,,,,,,,,,,,,,,,,,,,,,,,,,,,,,,,,,,,,,,,,,,,,,,,,,,,,,,,,,,,,,,,,,,,,,,,,,,,,,,,,,,,,,,,,,,,,,,,,,,,,,,,,,,,,,,,,,,,,,,,,,,,,,,,,,,,,,,,
H0_15ft_32kHz_epoch_10,H0,15FT,True,0,False,0.31670104175,True,VALID,False,,,,,,,,,,,,,,,,,21.67146250980841,2401.2432541867292,8.973497501684243,1747.045725798416,46.576658371208,0.9937506128508873,86.6416307100426,8.266331450799912,2.5625600000000004,1.8905599999999998,194.68949821066028,0.05933608416412162,1.4199759577129096,3251160.1425170563,31844.614021673937,27.5511430271208,7.47648,4.913919999999999,0.1448294754319408,21,14.526001439471564,100.15154359281951,32050.191430795436,0.00044945509473257923,15.44576000000003,3750.903965404117,21.61257,195.40228,8.571244,1686.6753,43.48107,0.980804380788121,87.54201,8.32986068725586,2.57024,1.8892799999999998,196.78302,0.0620892,1.4401143,2294.1401,31844.614021673937,27.291555,7.45472,4.88448,0.311202718848821,3228,13.988531,98.36312317151896,65915.92817619149,0.23774865,11.18336000000003,3879.1023,,,,,,,,,,,,,,,,,,,,,,,,,,,,,,,,,,,,,,,,,,,,,,,,,,,,,,,,,,,,,,,,,,,,,,,,,,,,,,,,,,,,,,,,,,,,,,,,,,,,,,,,,,,,,,,,,,,,,,,,,,,,,,,,,,,,,,,,,,,,,,,,,,,,,,,,,,,,
H0_15ft_32kHz_epoch_100,H0,15FT,True,0,False,0.31830488175000005,True,VALID,False,,,,,,,,,,,,,,,,,18.79579740365517,427.83979901752076,19.824157151412212,2167.2794288665787,70.86508787588636,0.993317853380864,73.96409804339025,8.022822828383232,7.11552,2.49344,109.32517394366025,0.039059336677435316,1.020480344005683,2529204.318192837,31964.868493594317,28.336581675058742,8.50816,1.3926399999999999,0.2365328875144295,27,18.523251755469463,105.42006099182981,32036.985916906746,0.0007006929277978719,12.855039999999985,3058.317563455643,19.550013,139.87935,17.916405,2130.8096,66.93294,0.9743600999925582,75.19836,8.098745346069336,6.9862400000000004,1.56544,118.93065,0.04201961,1.082934,1942.0686,31964.868493594317,28.182516,8.33792,1.35168,0.24686074086647647,3965,17.911505,6011.955478276963,70814.83586834565,0.27243716,12.817919999999983,3183.4995,,,,,,,,,,,,,,,,,,,,,,,,,,,,,,,,,,,,,,,,,,,,,,,,,,,,,,,,,,,,,,,,,,,,,,,,,,,,,,,,,,,,,,,,,,,,,,,,,,,,,,,,,,,,,,,,,,,,,,,,,,,,,,,,,,,,,,,,,,,,,,,,,,,,,,,,,,,,
H0_15ft_32kHz_epoch_101,H0,15FT,True,0,False,0.28179288175,True,VALID,False,,,,,,,,,,,,,,,,,14.710566236881718,104.61245456174153,21.536839178047273,1394.0776604250582,39.04792102098425,0.9854300696904199,42.578604230557595,6.175542978180283,3.40224,2.46912,64.72990994165488,0.06788537574303348,0.9122911962279339,345370037.7730621,31883.42683920007,22.533692374628952,10.69312,7.29088,0.1551909659254768,34,10.813114804855939,245.7491457355718,31966.146230877654,4.602052923131434e-06,19.36384000000002,3570.171276662452,42.69747,14.048254,537.61646,87973.38,80.28543,0.8206876859775454,132.33064,10.465758323669434,4.71552,,163.63596,1e-10,14.669623,3098.3518,5.049639980867924,207.62735,,,0.005433968811546321,18346,96.53179,148.12277277212576,38483.457418806225,0.23161396,75.28192,109575.77,,,,,,,,,,,,,,,,,,,,,,,,,,,,,,,,,,,,,,,,,,,,,,,,,,,,,,,,,,,,,,,,,,,,,,,,,,,,,,,,,,,,,,,,,,,,,,,,,,,,,,,,,,,,,,,,,,,,,,,,,,,,,,,,,,,,,,,,,,,,,,,,,,,,,,,,,,,,
H0_15ft_32kHz_epoch_102,H0,15FT,True,0,False,0.28853464175000004,True,VALID,False,,,,,,,,,,,,,,,,,14.348531570711883,1552.7703663678478,222.58721552595918,1408.189938030103,34.93049738015587,0.9930331346332955,39.50549502424209,5.937316422439034,13.59488,2.30656,6.326463695052667,0.07467684888359401,0.9455734279674374,6939228.373551155,31886.793265853983,22.006509528173144,21.3824,7.78752,0.05607367008663858,38,7.022827341470059,242.38271908165916,31996.446215685864,0.0002595601358279289,32.97279999999997,4031.4053438874453,14.834811,130.70119,188.58286,2658.0537,64.049545,0.9799081829954184,40.822273,6.02348518371582,17.98912,1.21088,14.094886,0.056199264,0.9918945,2199.0552,31886.793265853983,24.829042,21.33888,3.34976,0.07819205860288676,9913,12.258254,242.38271908165916,68058.16774454719,0.24917212,32.14847999999998,4149.996,,,,,,,,,,,,,,,,,,,,,,,,,,,,,,,,,,,,,,,,,,,,,,,,,,,,,,,,,,,,,,,,,,,,,,,,,,,,,,,,,,,,,,,,,,,,,,,,,,,,,,,,,,,,,,,,,,,,,,,,,,,,,,,,,,,,,,,,,,,,,,,,,,,,,,,,,,,,
H0_15ft_32kHz_epoch_103,H0,15FT,True,0,False,0.24058072175,True,VALID,False,,,,,,,,,,,,,,,,,13.488740039671141,1394.844419402974,6.095497801588594,1371.5664437758019,30.58507111062888,0.9926818469793788,37.4651591178259,5.907193516086055,2.86592,1.97248,225.01303231013193,0.08527666902150063,0.9375288294232433,2246069.2564156153,31977.686785509606,20.8140684826931,6.096640000000001,3.23072,0.4068426246863007,19,11.208709783125574,233.96665244687756,32030.759603994513,0.0008436024943835382,9.369599999999977,4484.431109591655,14.233866,130.18533,22.598907,1569.5804,34.104668,0.9797079168215266,38.489044,5.973968982696533,2.9055999999999997,1.89952,69.45382,0.08630264,1.0022296,2554.8555,31977.686785509606,21.244505,10.19776,7.29216,0.17071280282125878,4504,9.451359,233.96665244687756,67446.76863953737,0.24594256,17.64736,4602.2456,,,,,,,,,,,,,,,,,,,,,,,,,,,,,,,,,,,,,,,,,,,,,,,,,,,,,,,,,,,,,,,,,,,,,,,,,,,,,,,,,,,,,,,,,,,,,,,,,,,,,,,,,,,,,,,,,,,,,,,,,,,,,,,,,,,,,,,,,,,,,,,,,,,,,,,,,,,,
H0_15ft_32kHz_epoch_104,H0,15FT,True,0,False,0.25952216175000004,True,VALID,False,,,,,,,,,,,,,,,,,14.233415187022992,1575.4475586283568,20.08781654340151,1028.4752602094493,21.462700347523086,0.9932597422899845,44.947000307997804,6.44202878720612,2.56,2.56128,51.19895723785253,0.0935134885489196,0.967311744186708,34890531.443367444,31879.026443929542,20.256111702361757,10.70336,8.143360000000001,0.14109282511877394,31,6.710723328572873,138.55208016069082,31953.228016718393,6.652420717605641e-05,18.9376,4791.919206606822,14.938103,146.93896,25.25722,1390.5166,28.340794,0.9788367146747537,45.92887,6.502020359039307,3.0246399999999998,2.0121599999999997,55.054222,0.09003783,1.0272597,2577.74,31879.026443929542,21.036776,10.664959999999999,7.64032,0.15432729693444996,5028,8.360633,138.55208016069082,68122.33780778498,0.25163162,19.31136,4906.414,,,,,,,,,,,,,,,,,,,,,,,,,,,,,,,,,,,,,,,,,,,,,,,,,,,,,,,,,,,,,,,,,,,,,,,,,,,,,,,,,,,,,,,,,,,,,,,,,,,,,,,,,,,,,,,,,,,,,,,,,,,,,,,,,,,,,,,,,,,,,,,,,,,,,,,,,,,,
H0_15ft_32kHz_epoch_105,H0,15FT,True,0,False,0.13903320175,True,VALID,False,,,,,,,,,,,,,,,,,16.60258057957931,2314.263846586247,26.77989995749829,877.2189686609911,21.213752083092746,0.9938522012530274,51.550665124077526,6.676528070938411,2.58304,2.9478400000000002,32.75661858522718,0.11678509810394327,1.1422092081719248,6237096.3901358545,31883.959270942545,19.79876207194319,15.17568,12.592640000000001,0.10575343535787313,29,2.581322217774098,219.97571181994135,31965.969131460915,0.00033141205235098114,24.279040000000002,4135.142926272382,16.852013,186.47722,28.06229,1059.6597,24.955187,0.9803478187125201,52.217167,6.722006797790527,2.4038399999999998,2.38976,37.760983,0.11503234,1.174842,2586.0232,31883.959270942545,20.105507,14.85952,12.455680000000001,0.11655780718353363,5160,3.625722,219.97571181994135,65892.2455019081,0.2427451,23.635199999999994,4246.25,,,,,,,,,,,,,,,,,,,,,,,,,,,,,,,,,,,,,,,,,,,,,,,,,,,,,,,,,,,,,,,,,,,,,,,,,,,,,,,,,,,,,,,,,,,,,,,,,,,,,,,,,,,,,,,,,,,,,,,,,,,,,,,,,,,,,,,,,,,,,,,,,,,,,,,,,,,,
H0_15ft_32kHz_epoch_106,H0,15FT,True,0,False,0.15021656175,True,VALID,False,,,,,,,,,,,,,,,,,14.484030193039864,1777.2910916160808,20.03074172239394,1008.6788817724026,26.287905516489456,0.9930152501034962,36.57839945837994,5.800671402492712,2.5984,2.05184,50.356541747164464,0.10455374491402854,0.9312096357699722,15846766.442799743,31881.743625873114,18.97889164689761,10.72768,8.12928,0.13172953972107704,29,5.653469038249765,114.45850623300794,31964.88166052971,0.00014291350552252802,23.221760000000007,3837.0454471531343,14.270718,134.0558,17.944536,938.5974,23.790375,0.9757919956493216,37.568287,5.868440628051758,2.4563200000000003,1.6396799999999998,52.30547,0.107266866,0.93034583,2428.6052,31881.743625873114,18.638199,10.73024,8.27392,0.15093660147765853,4655,5.109291,114.45850623300794,68257.87176423293,0.2529259,22.751999999999995,3945.2822,,,,,,,,,,,,,,,,,,,,,,,,,,,,,,,,,,,,,,,,,,,,,,,,,,,,,,,,,,,,,,,,,,,,,,,,,,,,,,,,,,,,,,,,,,,,,,,,,,,,,,,,,,,,,,,,,,,,,,,,,,,,,,,,,,,,,,,,,,,,,,,,,,,,,,,,,,,,
H0_15ft_32kHz_epoch_107,H0,15FT,True,0,False,0.11589976175000001,True,VALID,False,,,,,,,,,,,,,,,,,14.507429893087728,2164.6840220918325,38.764898759518,1514.6328242245984,28.817644740821308,0.9936166559692304,42.60751260954035,6.243044949504011,2.9913600000000002,4.453119999999999,39.07227602003815,0.13633001954765703,1.091627553915772,12896946.882078387,31881.743625873114,18.0692094167123,10.62528,7.63392,0.09359446810023438,34,5.153827599359571,126.24099952169854,31966.90944873032,0.00013810740480281193,17.66783999999999,5255.921633592192,15.28264,169.90436,38.14131,1583.2479,29.50151,0.9782686926594394,43.31467,6.288969993591309,3.0348800000000002,2.02752,41.510056,0.13662545,1.1620111,2801.5356,31881.743625873114,18.539011,10.65216,7.61728,0.10283518417145619,5348,5.304156,126.24099952169854,65696.80011847182,0.23667483,17.63200000000001,5366.6675,,,,,,,,,,,,,,,,,,,,,,,,,,,,,,,,,,,,,,,,,,,,,,,,,,,,,,,,,,,,,,,,,,,,,,,,,,,,,,,,,,,,,,,,,,,,,,,,,,,,,,,,,,,,,,,,,,,,,,,,,,,,,,,,,,,,,,,,,,,,,,,,,,,,,,,,,,,,
H0_15ft_32kHz_epoch_108,H0,15FT,True,0,False,0.11286488175,True,VALID,False,,,,,,,,,,,,,,,,,12.45940511127663,1726.368272420842,33.8660530333982,1466.2410843924258,22.016401956954414,0.993659522220833,39.670091718192175,6.107926075889941,2.81088,4.00256,43.29530467997123,0.16271341749947407,1.1234838848855968,4776967.427257221,31979.945499030604,16.777932556351175,10.45632,7.64544,0.09978071653686782,31,3.5455654526215756,238.45700234901233,31981.961186622266,0.0004401631946461127,19.379199999999987,6659.767055757518,12.762352,152.79715,30.874006,1456.5627,21.498526,0.9818951892670295,40.322624,6.15369176864624,2.8544,3.47392,47.17764,0.1641172,1.1607295,3210.4783,31979.945499030604,16.93054,10.23488,7.38048,0.10922818903953567,5408,3.53078,238.45700234901233,63232.12167892496,0.21632136,19.489279999999983,6775.1753,,,,,,,,,,,,,,,,,,,,,,,,,,,,,,,,,,,,,,,,,,,,,,,,,,,,,,,,,,,,,,,,,,,,,,,,,,,,,,,,,,,,,,,,,,,,,,,,,,,,,,,,,,,,,,,,,,,,,,,,,,,,,,,,,,,,,,,,,,,,,,,,,,,,,,,,,,,,
H0_15ft_32kHz_epoch_109,H0,15FT,True,0,False,0.26224728175,True,VALID,False,,,,,,,,,,,,,,,,,12.77572093774727,1550.6773236833744,112.71291491734358,1838.1423999023145,33.11571724136827,0.9934446136058277,31.466799152705136,5.473751476854982,4.7180800000000005,1.93024,16.308179069266544,0.09305776453229164,1.0517146694175254,4438092.475778785,31880.747386053416,21.01988225992335,16.46976,11.75168,0.08504636936952963,25,7.3982549021314625,131.62826529665472,32008.435759733176,0.0004786286021213716,28.61184,5550.664617965959,13.491714,147.86264,33.482475,1795.3154,31.705486,0.9850156447042933,32.095314,5.522810459136963,4.70016,1.8931200000000001,53.619553,0.09429749,1.1217868,3178.8992,31880.747386053416,21.460182,11.97568,7.275519999999999,0.14039607692904424,4470,8.563627,131.62826529665472,64498.24337021886,0.22711733,19.952639999999967,5662.4756,,,,,,,,,,,,,,,,,,,,,,,,,,,,,,,,,,,,,,,,,,,,,,,,,,,,,,,,,,,,,,,,,,,,,,,,,,,,,,,,,,,,,,,,,,,,,,,,,,,,,,,,,,,,,,,,,,,,,,,,,,,,,,,,,,,,,,,,,,,,,,,,,,,,,,,,,,,,
H0_15ft_32kHz_epoch_11,H0,15FT,True,0,False,0.42580056175000003,True,VALID,False,,,,,,,,,,,,,,,,,14.021016666787695,1360.5397384382459,195.96390818138622,1594.8942151525434,42.73574394686845,0.9927225238125663,36.74175411252628,5.822332672663123,12.06016,1.22752,8.138714061860291,0.055927545565993046,0.9163779075112608,4850748.594258992,31844.614021673937,24.28198568178217,21.91104,9.85088,0.0525183021898341,34,9.973262574807073,146.65047454662636,32007.779572179876,0.00041335933056252437,35.782399999999996,3731.991227613506,14.325021,130.13412,67.05825,1577.7689,41.011868,0.9747866226772194,37.670822,5.8917317390441895,12.00512,1.23648,23.528334,0.057377633,0.95057666,2388.9912,31844.614021673937,24.31097,17.04064,5.03552,0.11293925487975631,7528,10.796594,146.65047454662636,66626.1170121598,0.24165136,25.628160000000012,3847.1035,,,,,,,,,,,,,,,,,,,,,,,,,,,,,,,,,,,,,,,,,,,,,,,,,,,,,,,,,,,,,,,,,,,,,,,,,,,,,,,,,,,,,,,,,,,,,,,,,,,,,,,,,,,,,,,,,,,,,,,,,,,,,,,,,,,,,,,,,,,,,,,,,,,,,,,,,,,,
H0_15ft_32kHz_epoch_110,H0,15FT,True,0,False,0.39328088175000003,True,VALID,False,,,,,,,,,,,,,,,,,14.069788154180355,1821.9781070380193,32.640864724763766,1753.6409672360405,34.588057988442415,0.9930964288541709,35.007649151232705,5.709687622517034,4.6540799999999996,1.79072,53.725321985796995,0.07187353033364002,1.0718144508875014,7957725.730646198,31882.170850521245,23.453406465708145,11.90016,7.24608,0.11348604378387574,29,10.848123041922541,134.1315315975262,32000.74995121405,0.0003031864731224903,23.54687999999999,5070.076405625272,14.776967,152.3436,29.14977,1727.5254,33.30923,0.9796528026440932,35.76833,5.765165328979492,3.86304,1.77024,59.26377,0.07323972,1.1385185,3008.708,31882.170850521245,23.694244,10.737919999999999,6.87488,0.12454699110054515,5071,11.068813,134.1315315975262,65657.33879242947,0.23406436,20.21375999999997,5186.326,,,,,,,,,,,,,,,,,,,,,,,,,,,,,,,,,,,,,,,,,,,,,,,,,,,,,,,,,,,,,,,,,,,,,,,,,,,,,,,,,,,,,,,,,,,,,,,,,,,,,,,,,,,,,,,,,,,,,,,,,,,,,,,,,,,,,,,,,,,,,,,,,,,,,,,,,,,,
H0_15ft_32kHz_epoch_111,H0,15FT,True,0,False,0.41267416175000005,True,VALID,False,,,,,,,,,,,,,,,,,13.764894188479271,1911.1495400698846,67.92292662319511,2316.4106159956973,48.70214793312756,0.9932559157136558,31.07926408672116,5.377837384419619,5.55136,1.50912,34.10351601660624,0.060421945478297046,1.0489302591556855,5876876.779985741,31882.655042072205,24.729893430711577,15.3472,9.79584,0.09498012057135981,37,12.46420666903646,139.2588893718239,32003.797458750738,0.0003769895331293691,26.2656,4756.28019358877,14.200211,158.95602,35.822594,2287.048,46.962822,0.9794173849734775,31.73087,5.429141521453857,5.391360000000001,1.51296,63.843735,0.061749995,1.0949527,2781.9417,31882.655042072205,24.960402,10.73408,5.34272,0.13977608534403818,5212,13.771415,139.2588893718239,64710.025236407455,0.2310535,20.056320000000017,4869.912,,,,,,,,,,,,,,,,,,,,,,,,,,,,,,,,,,,,,,,,,,,,,,,,,,,,,,,,,,,,,,,,,,,,,,,,,,,,,,,,,,,,,,,,,,,,,,,,,,,,,,,,,,,,,,,,,,,,,,,,,,,,,,,,,,,,,,,,,,,,,,,,,,,,,,,,,,,,
H0_15ft_32kHz_epoch_112,H0,15FT,False,0,False,0.03950040175,False,TOO_EARLY,False,,,,,,,,,,,,,,,,,11.20946928543533,4.481672888020733,28.57478655248599,1853.288512280871,32.17287916721462,0.8110301519065092,23.97498728257447,4.83029673695383,5.41824,3.9552,64.85747527366144,0.16590770295483157,0.91019910037536,6378162.184030123,31878.594009678643,14.75460365623745,10.76992,5.35168,0.13238390324052382,29,4.264680807407372,66.17155558811282,31996.002006249222,0.0003662086834682858,20.056319999999996,5760.406156528912,11.2893715,4.574123,29.089022,1027.031,17.046589,0.8092983230261658,24.00349,4.837488651275635,3.02976,4.0768,35.30648,0.19507597,0.9374923,3615.43,31878.594009678643,13.631129,15.208960000000001,12.1792,0.11214128915318176,6883,-1.2012519,66.17155558811282,61506.14598779184,0.22032037,23.023360000000007,6024.8477,,,,,,,,,,,,,,,,,,,,,,,,,,,,,,,,,,,,,,,,,,,,,,,,,,,,,,,,,,,,,,,,,,,,,,,,,,,,,,,,,,,,,,,,,,,,,,,,,,,,,,,,,,,,,,,,,,,,,,,,,,,,,,,,,,,,,,,,,,,,,,,,,,,,,,,,,,,,
H0_15ft_32kHz_epoch_113,H0,15FT,False,0,False,0.022338161750000002,False,TOO_EARLY,False,,,,,,,,,,,,,,,,,10.79580831836207,5.233362542218337,126.88780806258795,2320.5374079937133,18.898736940595697,0.7975618807165686,20.164223172951875,4.4258444890988695,3.47648,2.1068800000000003,18.28810382504527,0.0782657183163919,1.17445305212286,19368580.107518334,31880.532444800854,23.512873564228727,15.208960000000001,11.73248,0.07197152860709691,34,10.26406931512586,138.55208016069082,31976.641862372093,0.00017758945220418731,24.276479999999935,12278.796277697433,11.440714,5.5491185,38.736813,2265.126,18.192255,0.7976547732478828,20.506218,4.458319664001465,3.39968,1.99424,58.474762,0.079202525,1.2533107,5658.5796,31880.532444800854,23.93829,10.7008,7.30112,0.13263229474167196,4806,11.586733,138.55208016069082,59284.665009596305,0.1941698,18.097919999999988,12451.045,,,,,,,,,,,,,,,,,,,,,,,,,,,,,,,,,,,,,,,,,,,,,,,,,,,,,,,,,,,,,,,,,,,,,,,,,,,,,,,,,,,,,,,,,,,,,,,,,,,,,,,,,,,,,,,,,,,,,,,,,,,,,,,,,,,,,,,,,,,,,,,,,,,,,,,,,,,,
H0_15ft_32kHz_epoch_114,H0,15FT,False,0,False,0.48515672175,False,TOO_LATE,False,,,,,,,,,,,,,,,,,15.380419228295118,35.07605692341449,121.47234463885651,2531.3258430601595,54.67057731689975,0.9368957462839278,39.03685459948815,5.865899413971659,5.542400000000001,1.64864,20.838700780607912,0.051900500201019,1.1196703234956085,271776.8535303137,31919.727679368552,26.64317977991915,15.36896,9.82656,0.09361568691014283,63,14.160438821855312,42.9220901112094,32553.722731660982,0.008696170320853656,25.470720000000004,4630.142879939229,15.814921,35.641174,41.434628,2499.5227,52.743156,0.9338287454270298,39.86283,5.93373441696167,5.39776,1.64352,60.324486,0.053097416,1.1647625,3124.264,31919.727679368552,26.729982,10.75456,5.3568,0.12952147361263266,4688,15.460038,42.9220901112094,65159.16198033698,0.2371689,22.19648000000002,4739.047,,,,,,,,,,,,,,,,,,,,,,,,,,,,,,,,,,,,,,,,,,,,,,,,,,,,,,,,,,,,,,,,,,,,,,,,,,,,,,,,,,,,,,,,,,,,,,,,,,,,,,,,,,,,,,,,,,,,,,,,,,,,,,,,,,,,,,,,,,,,,,,,,,,,,,,,,,,,
H0_15ft_32kHz_epoch_115,H0,15FT,True,0,False,0.10135768175000001,True,VALID,False,,,,,,,,,,,,,,,,,13.350619678407082,1758.2383996938772,35.77476147808277,1740.134276378163,47.03236158699126,0.9932481009385703,39.26609773066241,6.065580597176871,5.4784,3.97824,48.641394225386236,0.1050367838806301,0.8428571595679659,10220905.073743336,31881.743625873114,18.07287150915363,10.85056,5.37216,0.12037864186204544,36,7.925371229251262,119.50814621387326,31969.09297022348,0.00020180158696603325,21.301759999999987,3699.8658320815043,13.248883,124.078026,25.43212,1152.9154,30.26323,0.9735887205267963,40.093372,6.122422218322754,3.43296,3.6159999999999997,45.333046,0.121048115,0.84875035,2277.7202,31881.743625873114,16.850874,10.687999999999999,7.25504,0.13910269010485357,5262,4.96866,119.50814621387326,68095.72329641202,0.25307465,19.367679999999986,3809.6245,,,,,,,,,,,,,,,,,,,,,,,,,,,,,,,,,,,,,,,,,,,,,,,,,,,,,,,,,,,,,,,,,,,,,,,,,,,,,,,,,,,,,,,,,,,,,,,,,,,,,,,,,,,,,,,,,,,,,,,,,,,,,,,,,,,,,,,,,,,,,,,,,,,,,,,,,,,,
H0_15ft_32kHz_epoch_116,H0,15FT,True,0,False,0.21965144174999998,True,VALID,False,,,,,,,,,,,,,,,,,15.337695997595066,1611.7394077054466,39.83136142243648,1717.5874544527012,45.86318741980729,0.9930132987915498,37.616410630415494,5.896289539962495,7.0758399999999995,1.59232,43.121485008574766,0.07445152164559597,0.9741974899456065,5777913.989018473,31880.060412546158,22.29472756728287,12.40832,5.332479999999999,0.10126994780907311,39,10.273686377282324,138.02349281039278,31977.01141321487,0.0003568544083123755,19.966719999999995,3745.0241709778497,15.464143,132.88982,32.05668,1741.5886,45.114677,0.9780864598457866,38.606377,5.9681925773620605,5.29152,1.49248,54.328415,0.07537412,0.997239,2219.6384,31880.060412546158,22.416773,10.64064,5.34912,0.14570071688936645,5446,10.901045,138.02349281039278,68766.26140209266,0.25511542,17.930240000000015,3860.3591,,,,,,,,,,,,,,,,,,,,,,,,,,,,,,,,,,,,,,,,,,,,,,,,,,,,,,,,,,,,,,,,,,,,,,,,,,,,,,,,,,,,,,,,,,,,,,,,,,,,,,,,,,,,,,,,,,,,,,,,,,,,,,,,,,,,,,,,,,,,,,,,,,,,,,,,,,,,
H0_15ft_32kHz_epoch_117,H0,15FT,False,0,False,0.07914584175,False,TOO_EARLY,False,,,,,,,,,,,,,,,,,13.605973635167397,1856.4072360714297,39.086388685159974,2101.8781940543636,26.123634029677895,0.7975600265310829,25.543847890676805,4.766673063324332,5.44512,1.83424,53.77519552857745,0.05669538786600716,1.2310059935105144,23532823.016382933,31915.817655365507,26.730444749891223,10.74816,5.30304,0.09749779572884935,22,14.148635891890011,60.40748472898849,32002.605232543377,0.00014558994471556194,25.43104000000007,8045.887458331744,13.824014,167.49268,24.959457,2086.0457,25.282652,0.7977559426522842,25.978762,4.814205646514893,3.0784,1.83168,83.57736,0.057929963,1.2665675,4854.574,31915.817655365507,26.772575,8.42496,5.34656,0.15166698698829092,3992,14.985228,60.40748472898849,62165.95839715454,0.21045186,14.012160000000051,8250.897,,,,,,,,,,,,,,,,,,,,,,,,,,,,,,,,,,,,,,,,,,,,,,,,,,,,,,,,,,,,,,,,,,,,,,,,,,,,,,,,,,,,,,,,,,,,,,,,,,,,,,,,,,,,,,,,,,,,,,,,,,,,,,,,,,,,,,,,,,,,,,,,,,,,,,,,,,,,
H0_15ft_32kHz_epoch_118,H0,15FT,True,0,False,0.38068952175000004,True,VALID,False,,,,,,,,,,,,,,,,,13.64635467425607,1884.308040933626,32.00295212004073,1797.926800931325,38.56873060314754,0.9931023182092643,32.59649892173818,5.55828142817206,5.125120000000001,1.53728,56.18002971051648,0.06781893786827502,0.9968040245950196,4948876.027849379,31914.36241810465,23.328880081765714,10.35136,5.22624,0.13235206444667588,32,12.076498063545603,84.05575980111826,32003.031808699805,0.0004324015041314034,17.06624000000001,4661.617773815351,13.92291,149.64111,31.379854,1808.519,37.914555,0.9810230748551693,33.14964,5.597374439239502,5.08928,1.56544,57.633125,0.06890881,1.0287586,2982.3044,31914.36241810465,23.467352,10.411520000000001,5.32224,0.14666130465953475,5029,11.929603,84.05575980111826,65868.29996913117,0.23887435,17.026559999999968,4769.9863,,,,,,,,,,,,,,,,,,,,,,,,,,,,,,,,,,,,,,,,,,,,,,,,,,,,,,,,,,,,,,,,,,,,,,,,,,,,,,,,,,,,,,,,,,,,,,,,,,,,,,,,,,,,,,,,,,,,,,,,,,,,,,,,,,,,,,,,,,,,,,,,,,,,,,,,,,,,
H0_15ft_32kHz_epoch_119,H0,15FT,False,0,False,0.49498072175,False,TOO_LATE,False,,,,,,,,,,,,,,,,,18.288415901673076,22.096418000164707,31.047661116668284,2362.686307206302,44.55670081370285,0.8881742750373571,52.802523502361936,6.554037317612425,4.99072,3.1232,76.09868899061007,0.05811568576527587,1.4247786751961422,312025.47642031236,31905.42031599815,27.781222965618664,10.310400000000001,5.31968,0.09573869751747958,34,14.620771812182728,85.8441802224188,32383.119554756915,0.006467583933664786,21.497600000000006,5302.650923561296,18.338423,22.087284,29.346094,2291.5981,42.228176,0.8868969615239336,53.66425,6.625410079956055,4.90368,2.20928,78.08869,0.060108565,1.4452899,3239.4841,31905.42031599815,27.570251,10.302719999999999,5.39904,0.12062028774403104,5012,14.201141,85.8441802224188,63923.19796163186,0.22708572,15.491839999999923,5426.704,,,,,,,,,,,,,,,,,,,,,,,,,,,,,,,,,,,,,,,,,,,,,,,,,,,,,,,,,,,,,,,,,,,,,,,,,,,,,,,,,,,,,,,,,,,,,,,,,,,,,,,,,,,,,,,,,,,,,,,,,,,,,,,,,,,,,,,,,,,,,,,,,,,,,,,,,,,,
H0_15ft_32kHz_epoch_12,H0,15FT,False,0,False,0.008701041750000001,False,TOO_EARLY,False,,,,,,,,,,,,,,,,,13.338647733916687,5.903130406779143,21.593720774791883,1398.4230230479866,21.74549069068644,0.7957215529657883,23.618224373144226,4.628899029968031,4.54528,1.64608,64.76063285389523,0.047636452894045694,1.0789219919316346,13088758.286738079,31839.51346412889,27.10061760606852,11.68384,7.13856,0.14997748399469416,28,13.529407073921417,290.9097290896025,32022.516089645822,0.0001775651824168514,24.27519999999994,6430.864416625499,13.571601,6.030121,1.4311062,839.0158,12.652508,0.7960574506374922,24.17091,4.682997226715088,1.29408,1.32992,586.2708,0.049444478,1.1147344,3310.509,31839.51346412889,26.982592,6.42432,5.130240000000001,0.6002290112254534,2270,13.590331,290.9097290896025,61750.988602854515,0.20912656,10.624000000000077,6631.2217,,,,,,,,,,,,,,,,,,,,,,,,,,,,,,,,,,,,,,,,,,,,,,,,,,,,,,,,,,,,,,,,,,,,,,,,,,,,,,,,,,,,,,,,,,,,,,,,,,,,,,,,,,,,,,,,,,,,,,,,,,,,,,,,,,,,,,,,,,,,,,,,,,,,,,,,,,,,
H0_15ft_32kHz_epoch_120,H0,15FT,False,0,False,9.304174999999999e-05,False,TOO_EARLY,False,,,,,,,,,,,,,,,,,14.076625902171928,8.7995976601529,28.777075956546284,2184.9898002815503,34.47355898936198,0.818553537891993,29.203867610557403,5.041114157834164,5.12,3.28576,75.92813820201998,0.057305679828864226,1.1989608799286207,14220.269681983547,31919.727679368552,26.403583424862333,10.40128,5.28128,0.13611547156846024,509,14.359119776168649,62.59471474551174,43854.97917680261,0.12261621622502299,15.760639999999992,6338.161374506677,15.11116,9.330617,177.24806,1696.3591,25.893059,0.8172836114187916,30.578144,5.14682149887085,3.0668800000000003,,9.570537,0.8252004,1.3085488,3104.7944,31919.727679368552,3.6742535,,,0.017351335060080242,24212,-17.474264,62.59471474551174,65818.21460257708,0.2660753,135.92448000000002,6551.405,,,,,,,,,,,,,,,,,,,,,,,,,,,,,,,,,,,,,,,,,,,,,,,,,,,,,,,,,,,,,,,,,,,,,,,,,,,,,,,,,,,,,,,,,,,,,,,,,,,,,,,,,,,,,,,,,,,,,,,,,,,,,,,,,,,,,,,,,,,,,,,,,,,,,,,,,,,,
H0_15ft_32kHz_epoch_121,H0,15FT,True,0,False,0.11602776175,True,VALID,False,,,,,,,,,,,,,,,,,16.59007676819317,2580.4532986422287,5.840115914694477,1696.3779664842596,32.97869324205955,0.9932284613191099,44.39427531594187,6.261142111926939,5.57184,1.9660799999999998,290.4699138274588,0.12693865690586587,1.2729688701643211,5790663.907504478,31914.36241810465,19.976536218536914,7.28576,1.71392,0.23458432476271812,24,7.893076460141732,41.13366968990886,31994.83894001905,0.0004178872813039603,11.133439999999995,5143.860473891495,16.916489,195.69232,3.011208,1447.0938,27.567461,0.9798683492097532,45.065132,6.3136677742004395,3.0976,1.91872,480.56918,0.1283909,1.3112483,3330.7979,31914.36241810465,20.129354,4.821759999999999,1.72416,0.36867569467399935,2611,8.912488,41.13366968990886,65762.33455764313,0.23796256,9.351680000000002,5249.2817,,,,,,,,,,,,,,,,,,,,,,,,,,,,,,,,,,,,,,,,,,,,,,,,,,,,,,,,,,,,,,,,,,,,,,,,,,,,,,,,,,,,,,,,,,,,,,,,,,,,,,,,,,,,,,,,,,,,,,,,,,,,,,,,,,,,,,,,,,,,,,,,,,,,,,,,,,,,
H0_15ft_32kHz_epoch_122,H0,15FT,True,0,False,0.36768728175000004,True,VALID,False,,,,,,,,,,,,,,,,,18.329146119808538,2323.487543980992,13.212371507617446,1647.452083369648,40.4042008778678,0.9933401536779026,53.37307756420337,6.697536268098494,2.96064,1.8931200000000001,124.69011202254694,0.06238563617512353,1.252160980538646,5367523.219506234,31912.57399768335,26.029765954380245,8.23936,5.27872,0.1577413948472946,27,13.415136528989795,39.34524926860831,32014.44508866908,0.0005020974866170327,13.086719999999996,4077.427711909115,18.563375,182.47871,14.001942,1698.0446,40.469116,0.9801711640912814,54.073677,6.750946044921875,3.13856,1.87648,121.27208,0.06324821,1.2864547,3145.763,31912.57399768335,26.161116,8.47744,5.33888,0.165445400221877,4286,13.298485,39.34524926860831,66702.88900305642,0.24351737,13.052160000000034,4195.9023,,,,,,,,,,,,,,,,,,,,,,,,,,,,,,,,,,,,,,,,,,,,,,,,,,,,,,,,,,,,,,,,,,,,,,,,,,,,,,,,,,,,,,,,,,,,,,,,,,,,,,,,,,,,,,,,,,,,,,,,,,,,,,,,,,,,,,,,,,,,,,,,,,,,,,,,,,,,
H0_15ft_32kHz_epoch_123,H0,15FT,True,0,False,0.48657752175,True,VALID,False,,,,,,,,,,,,,,,,,17.942467979435545,40.917814069818704,5.462470730956601,1469.647249167036,38.12266487884655,0.9369229025874812,58.48932586446507,7.052477384604666,4.91136,3.13728,269.04441626346653,0.051944816668452735,1.156263124610617,131175.15212121786,31903.625399123543,26.933340033128754,6.608639999999999,1.6972800000000001,0.3241486033232292,22,15.467620841851089,47.12997315476969,33202.514731320065,0.016429505813622295,10.50880000000004,3855.0485750078656,18.307354,40.91422,5.41823,1430.0875,35.928688,0.9323166755522734,59.5957,7.136406898498535,4.789759999999999,2.82112,263.93997,0.053631555,1.1987973,2763.8875,31903.625399123543,26.873089,6.00064,1.21088,0.34131680018408467,2802,15.475819,47.12997315476969,67764.32835858015,0.25153938,10.287360000000023,3980.35,,,,,,,,,,,,,,,,,,,,,,,,,,,,,,,,,,,,,,,,,,,,,,,,,,,,,,,,,,,,,,,,,,,,,,,,,,,,,,,,,,,,,,,,,,,,,,,,,,,,,,,,,,,,,,,,,,,,,,,,,,,,,,,,,,,,,,,,,,,,,,,,,,,,,,,,,,,,
H0_15ft_32kHz_epoch_124,H0,15FT,False,0,False,0.49931224175000005,False,TOO_LATE,False,,,,,,,,,,,,,,,,,14.517772585992576,14.301891910998483,45.74437935662535,1652.1901163510993,32.57658075751653,0.8681753284976472,40.6569411827428,6.015865962943095,5.41056,2.83264,36.11788244990652,0.06206852042864319,1.1423975702564284,32427.85447531871,31905.546914297713,25.292548878985958,8.27008,2.85952,0.18919914630475704,47,13.44677767982869,118.27467316510956,37130.37613116222,0.05013303797918741,12.474879999999967,5071.7112659831555,15.035257,14.612676,8.760648,1579.4216,30.33096,0.8660907843820459,40.975925,6.0438079833984375,4.74368,2.84288,180.28595,0.0625199,1.198828,3038.113,31905.546914297713,25.576359,6.553599999999999,1.80992,0.3281397013155076,1157,14.193409,22.891872225503903,64235.64742191606,0.2386189,10.583039999999988,5207.292,,,,,,,,,,,,,,,,,,,,,,,,,,,,,,,,,,,,,,,,,,,,,,,,,,,,,,,,,,,,,,,,,,,,,,,,,,,,,,,,,,,,,,,,,,,,,,,,,,,,,,,,,,,,,,,,,,,,,,,,,,,,,,,,,,,,,,,,,,,,,,,,,,,,,,,,,,,,
H0_15ft_32kHz_epoch_125,H0,15FT,True,0,False,0.12733016175,True,VALID,False,,,,,,,,,,,,,,,,,16.652987583578206,2151.6510764170357,37.76437508829083,1460.4539953809638,35.422701250010896,0.9926555211759568,48.042903308407354,6.481606045040968,7.74528,1.7958399999999999,38.67279656985543,0.11079592244222934,1.1439842845596588,28204165.511392284,31919.727679368552,20.27629212005424,17.49376,9.74848,0.14408647434232555,17,4.631971126613414,135.91995201882673,31963.523015648003,6.919134474704854e-05,26.277120000000014,4122.932311325295,16.934883,164.55132,4.20061,1264.115,29.822498,0.9771820907956625,49.088413,6.565185070037842,5.47328,1.6396799999999998,300.93604,0.11082506,1.1795825,2848.7168,31919.727679368552,20.482857,6.9452799999999995,1.472,0.31936919501710703,3645,8.018482,135.91995201882673,66133.80759372111,0.23795764,11.476480000000011,4238.7964,,,,,,,,,,,,,,,,,,,,,,,,,,,,,,,,,,,,,,,,,,,,,,,,,,,,,,,,,,,,,,,,,,,,,,,,,,,,,,,,,,,,,,,,,,,,,,,,,,,,,,,,,,,,,,,,,,,,,,,,,,,,,,,,,,,,,,,,,,,,,,,,,,,,,,,,,,,,
H0_15ft_32kHz_epoch_126,H0,15FT,True,0,False,0.14778200175,True,VALID,False,,,,,,,,,,,,,,,,,15.30154780316475,2025.2526844111794,43.899143800031766,1399.673439378514,32.38264358576209,0.9933707728119183,46.258377599914425,6.463910647727874,7.26528,1.94688,31.883843697496246,0.1084845912735244,1.0762604267076155,5829269.599871045,31912.57399768335,19.9117144674974,17.0496,9.784320000000001,0.09618697485685901,24,4.736481596103566,141.28521328272836,32003.388849354502,0.00038660927335590697,27.339520000000007,4322.295169236542,15.778488,160.60803,22.775648,1478.5444,33.373417,0.9795806959577039,47.099712,6.528529644012451,7.3113600000000005,1.63584,64.91778,0.107904896,1.1235882,2917.3638,31912.57399768335,20.326694,12.33792,5.02656,0.12007718076194802,5746,6.431836,141.28521328272836,65832.01766194207,0.23801988,20.670720000000003,4430.306,,,,,,,,,,,,,,,,,,,,,,,,,,,,,,,,,,,,,,,,,,,,,,,,,,,,,,,,,,,,,,,,,,,,,,,,,,,,,,,,,,,,,,,,,,,,,,,,,,,,,,,,,,,,,,,,,,,,,,,,,,,,,,,,,,,,,,,,,,,,,,,,,,,,,,,,,,,,
H0_15ft_32kHz_epoch_127,H0,15FT,True,0,False,0.44517080175,True,VALID,False,,,,,,,,,,,,,,,,,17.960969277657536,753.7115580302249,18.732352420681586,1206.9869869357578,40.970572498249695,0.9917663210533748,51.6915657461548,6.685093029542316,2.6521600000000003,1.62944,64.43328418278647,0.04853680551916386,0.9570786911300633,3352520.2044275706,31915.170464841027,25.885035218568344,12.81152,10.15936,0.16529067673553813,22,12.317941907425329,257.52614899432956,32026.56739407259,0.0004130045246985327,21.254400000000008,2945.985162856293,17.936117,144.55829,2.8511539,1010.5364,32.87172,0.971918924300384,53.058716,6.77302360534668,2.78144,1.66656,354.43066,0.048687734,0.9763283,1870.6063,31915.170464841027,25.986813,6.82624,4.0448,0.4192918944002135,3411,14.247388,6082.73751922862,69356.71791093517,0.2621498,11.191039999999985,3074.1816,,,,,,,,,,,,,,,,,,,,,,,,,,,,,,,,,,,,,,,,,,,,,,,,,,,,,,,,,,,,,,,,,,,,,,,,,,,,,,,,,,,,,,,,,,,,,,,,,,,,,,,,,,,,,,,,,,,,,,,,,,,,,,,,,,,,,,,,,,,,,,,,,,,,,,,,,,,,
H0_15ft_32kHz_epoch_128,H0,15FT,True,0,False,0.39701848175000004,True,VALID,False,,,,,,,,,,,,,,,,,17.41890588036946,1445.4571859243244,30.567835437746993,1387.1206238901275,51.55650214392605,0.9927623980686817,49.28444088799921,6.447975642892521,6.1376,1.62304,45.378437956852224,0.04444911833049585,0.9666317646219205,6148688.10691628,32109.300244026388,26.737951822497223,15.50208,9.36448,0.13158942124249917,26,12.866623054118055,329.0693575192636,32012.836170196882,0.0002534055465565487,25.990400000000026,2690.486294081327,17.569874,132.60255,8.969918,1374.24,48.704346,0.9728753723642667,51.846245,6.610353469848633,2.83264,1.6256000000000002,153.20541,0.044928707,0.9984838,1819.7499,32109.300244026388,26.9081,8.92544,6.0927999999999995,0.2482776455132106,4500,15.120219,6084.206273263775,68464.60507140007,0.2542287,15.747840000000012,2821.5962,,,,,,,,,,,,,,,,,,,,,,,,,,,,,,,,,,,,,,,,,,,,,,,,,,,,,,,,,,,,,,,,,,,,,,,,,,,,,,,,,,,,,,,,,,,,,,,,,,,,,,,,,,,,,,,,,,,,,,,,,,,,,,,,,,,,,,,,,,,,,,,,,,,,,,,,,,,,
H0_15ft_32kHz_epoch_129,H0,15FT,True,0,False,0.45333208175,True,VALID,False,,,,,,,,,,,,,,,,,17.51054606041311,353.6732143016431,5.299540282870499,1218.181813035278,42.07497548167321,0.990007511300593,55.47500892401698,6.866331796019521,6.08128,2.0991999999999997,229.86556342862997,0.044480810005709207,0.97792011165925,543773.8022745224,32102.24457170435,26.841607660056678,7.31008,1.2288,0.35822305422637263,18,15.561489282999965,348.4251586798855,32230.079017652653,0.0026952266275321315,11.05280000000003,2895.2644632338406,17.34835,130.04251,0.39914826,623.3886,20.588087,0.9693284733780266,58.647415,7.04649543762207,1.6396799999999998,0.3136,1561.7971,0.0252159,0.99080724,1850.3395,32102.24457170435,31.826208,2.89024,1.25056,0.9853896294330254,1274,21.615025,6105.014736869318,69304.3338711791,0.26053506,5.774079999999959,3027.9094,,,,,,,,,,,,,,,,,,,,,,,,,,,,,,,,,,,,,,,,,,,,,,,,,,,,,,,,,,,,,,,,,,,,,,,,,,,,,,,,,,,,,,,,,,,,,,,,,,,,,,,,,,,,,,,,,,,,,,,,,,,,,,,,,,,,,,,,,,,,,,,,,,,,,,,,,,,,
H0_15ft_32kHz_epoch_13,H0,15FT,True,0,False,0.45649496175000004,True,VALID,False,,,,,,,,,,,,,,,,,14.663669659836085,227.47483012044447,26.974586279570207,1392.7311903632833,50.032679963979646,0.9881951535574133,41.351278648391585,6.203814408304417,5.52704,1.24288,51.63123452297028,0.04284318630884456,0.7803564099121705,1272556.9367753237,31841.103134779652,25.207901737171937,11.097600000000002,5.5705599999999995,0.1724578716308088,31,14.65220040595067,33.38308366601996,32113.230539039192,0.0013881098522551356,18.503679999999967,2783.6429936711593,14.659093,97.88733,25.55461,1390.3138,47.759228,0.9663280336651547,42.58254,6.294538974761963,5.4912,1.25312,54.4056,0.044687856,0.7977713,2159.5286,31841.103134779652,24.955318,11.09888,5.60768,0.19470377449655685,5366,14.275555,33.38308366601996,70039.21788298052,0.26463598,18.417919999999977,2911.0896,,,,,,,,,,,,,,,,,,,,,,,,,,,,,,,,,,,,,,,,,,,,,,,,,,,,,,,,,,,,,,,,,,,,,,,,,,,,,,,,,,,,,,,,,,,,,,,,,,,,,,,,,,,,,,,,,,,,,,,,,,,,,,,,,,,,,,,,,,,,,,,,,,,,,,,,,,,,
H0_15ft_32kHz_epoch_130,H0,15FT,True,0,False,0.45702488175,True,VALID,False,,,,,,,,,,,,,,,,,16.77115823718816,338.0203093540556,50.37257332852402,1938.7145376986448,49.336510184992996,0.9902276969814104,46.48117252523451,6.305025231083273,6.10304,2.7456,38.48750241623628,0.05171081257204326,1.1247618426941475,1560101.6676318091,31824.941397039634,26.73615682417791,15.56224,9.4592,0.12814271643316977,25,12.98707272065499,298.666210357158,32081.9314305514,0.00109067094443821,26.015999999999984,3929.5737181838754,16.530165,150.314,47.753742,1966.416,48.365517,0.9739146100555579,48.69935,6.444182872772217,6.10816,2.7456,41.17826,0.05305537,1.1276436,2279.3247,31824.941397039634,26.531044,15.60832,9.500160000000001,0.1355482823362257,5150,12.814406,298.666210357158,65261.772220034385,0.23425217,25.877760000000027,4065.7395,,,,,,,,,,,,,,,,,,,,,,,,,,,,,,,,,,,,,,,,,,,,,,,,,,,,,,,,,,,,,,,,,,,,,,,,,,,,,,,,,,,,,,,,,,,,,,,,,,,,,,,,,,,,,,,,,,,,,,,,,,,,,,,,,,,,,,,,,,,,,,,,,,,,,,,,,,,,
H0_15ft_32kHz_epoch_131,H0,15FT,True,0,False,0.45732696175000004,True,VALID,False,,,,,,,,,,,,,,,,,17.205418502163063,308.06513608119036,6.3309228400776085,1636.9938193730327,45.99689795819163,0.9897619269320796,56.5304749920096,6.987608930644902,6.10944,2.7776,258.5711215763818,0.047468338204245425,1.035304387660712,4416484.018092878,31822.0270869705,26.741064787820502,7.33184,1.2224,0.30312258623452615,20,16.265614196574155,309.98577689875674,32024.911753113323,0.0003991144684762448,12.271360000000008,3558.922214408706,17.815136,144.46582,4.883216,2604.4536,70.45508,0.9721963487986024,59.18769,7.13719367980957,4.52224,0.42112,533.348,0.026308056,1.0925338,2050.0227,31822.0270869705,32.24599,6.5420799999999995,2.0198400000000003,0.4735086970440721,2997,23.898148,309.98577689875674,67830.64072241797,0.25167137,10.222080000000023,3696.616,,,,,,,,,,,,,,,,,,,,,,,,,,,,,,,,,,,,,,,,,,,,,,,,,,,,,,,,,,,,,,,,,,,,,,,,,,,,,,,,,,,,,,,,,,,,,,,,,,,,,,,,,,,,,,,,,,,,,,,,,,,,,,,,,,,,,,,,,,,,,,,,,,,,,,,,,,,,
H0_15ft_32kHz_epoch_132,H0,15FT,False,0,False,0.010623601750000001,False,TOO_EARLY,False,,,,,,,,,,,,,,,,,11.743826950310927,5.494396464844323,20.19934935099033,2009.2917302432822,25.485985250475995,0.7965269208037258,25.842677184319076,4.786159525449203,3.9360000000000004,3.8144,99.47309169850814,0.05440960433824863,1.1155915739719346,25284829.23787686,32107.511823605088,26.218301207919357,8.83712,4.90112,0.201900828818331,15,15.159939392190028,321.91567583406504,31997.769124198945,8.133086108536861e-05,13.515520000000002,7883.908393165729,12.397822,5.8054423,18.020096,2008.1506,24.802782,0.7967380247577037,26.580736,4.856417179107666,3.83232,3.5136,111.439514,0.055737857,1.1934885,3931.3135,32107.511823605088,26.558693,8.48768,4.65536,0.2180383425124207,2830,15.122961,321.91567583406504,58644.84883984912,0.18972546,13.452800000000043,8096.4736,,,,,,,,,,,,,,,,,,,,,,,,,,,,,,,,,,,,,,,,,,,,,,,,,,,,,,,,,,,,,,,,,,,,,,,,,,,,,,,,,,,,,,,,,,,,,,,,,,,,,,,,,,,,,,,,,,,,,,,,,,,,,,,,,,,,,,,,,,,,,,,,,,,,,,,,,,,,
H0_15ft_32kHz_epoch_133,H0,15FT,False,0,False,0.044701041749999997,False,TOO_EARLY,False,,,,,,,,,,,,,,,,,12.421239871352062,5.6781302517980885,42.92368813979856,1653.1946396863568,21.54979714003232,0.7968843046835734,24.199717136994938,4.619941730569531,3.20896,2.2144,38.514738861622504,0.0518559127107589,1.129184525224895,22155992.28831195,32082.046011780876,26.742619768580322,12.91264,9.703679999999999,0.10867657689649013,12,13.081651517062598,294.5623322172978,31987.99508551929,0.00011448824714142468,26.48192000000005,7671.509058501772,12.884389,5.904526,33.299683,1680.9739,21.271547,0.7971501694884287,25.410702,4.72525691986084,3.18848,1.93408,50.48018,0.053023282,1.1887877,3871.1907,32082.046011780876,26.89453,12.23552,9.047039999999999,0.1308053208325403,2118,13.184575,294.5623322172978,59624.379674386844,0.19551927,18.78144000000004,7902.452,,,,,,,,,,,,,,,,,,,,,,,,,,,,,,,,,,,,,,,,,,,,,,,,,,,,,,,,,,,,,,,,,,,,,,,,,,,,,,,,,,,,,,,,,,,,,,,,,,,,,,,,,,,,,,,,,,,,,,,,,,,,,,,,,,,,,,,,,,,,,,,,,,,,,,,,,,,,
H0_15ft_32kHz_epoch_134,H0,15FT,True,0,False,0.10093400175,True,VALID,False,,,,,,,,,,,,,,,,,14.405196292346544,1989.6294849680075,2.3939022240808376,1078.309361019277,17.25292864775976,0.7988008489922463,33.94439012081431,5.408858847980446,2.66752,1.9827199999999998,450.44001804754794,0.10818398673657242,1.1486904773644446,14555954.17222209,31915.817655365507,20.507508155774502,4.74368,2.0761600000000002,0.40590329813705733,14,9.176721301961333,232.09191501137684,31992.39254474936,0.00013896705167677043,11.031040000000006,6250.007653971693,14.600451,162.3789,2.4824774,1165.0374,18.06715,0.7990581734414287,34.523933,5.45698356628418,2.76736,1.69984,469.3043,0.10775644,1.1825922,3447.046,31923.76600861932,20.80781,4.6195200000000005,1.85216,0.420104977650882,2178,9.672319,232.09191501137684,62257.6106094783,0.21589446,10.590719999999997,6448.374,,,,,,,,,,,,,,,,,,,,,,,,,,,,,,,,,,,,,,,,,,,,,,,,,,,,,,,,,,,,,,,,,,,,,,,,,,,,,,,,,,,,,,,,,,,,,,,,,,,,,,,,,,,,,,,,,,,,,,,,,,,,,,,,,,,,,,,,,,,,,,,,,,,,,,,,,,,,
H0_15ft_32kHz_epoch_135,H0,15FT,False,0,False,0.06659288175,False,TOO_EARLY,False,,,,,,,,,,,,,,,,,20.853526637515003,2983.310716636608,8.026428981923182,1690.973657396591,48.586923778033295,0.9938788468008986,102.0795299272379,9.16387997033688,3.0848,2.1209599999999997,210.67571409454132,0.11269840935182548,1.3161731544162638,6211442.134095163,31910.78557726205,21.343525956435588,4.64768,1.56288,0.2166101826218715,17,10.86802581237405,218.1872913986408,32012.110449793898,0.00027692031711004883,11.34976,3480.306069842296,21.278015,199.97234,6.606764,1438.5789,39.89396,0.972463599270116,102.51839,9.207377433776855,2.99776,2.15168,217.74335,0.12412525,1.3670025,2214.5732,31910.78557726205,20.760807,4.22144,1.22368,0.23940216519255536,2119,9.743086,218.1872913986408,65965.84581792734,0.23941949,10.270719999999997,3606.0068,,,,,,,,,,,,,,,,,,,,,,,,,,,,,,,,,,,,,,,,,,,,,,,,,,,,,,,,,,,,,,,,,,,,,,,,,,,,,,,,,,,,,,,,,,,,,,,,,,,,,,,,,,,,,,,,,,,,,,,,,,,,,,,,,,,,,,,,,,,,,,,,,,,,,,,,,,,,
H0_15ft_32kHz_epoch_136,H0,15FT,True,0,False,0.19580632174999998,True,VALID,False,,,,,,,,,,,,,,,,,21.598564868848108,2123.4741089050144,6.31052503871701,1211.6645228519073,43.97997300415158,0.9924541923915481,86.7158342283898,8.374304882849264,4.49024,1.9916800000000001,192.0069273820074,0.06319472658467523,1.1766523872010641,2685586.8670416367,31960.854652240047,25.37133971811093,5.4528,0.96256,0.23179885046265578,18,13.749833030416774,210.40166586949636,32046.373818737342,0.0004756879066621332,11.608320000000006,2755.036986351687,21.793434,166.10445,6.469671,1246.4122,43.135773,0.9741916452862931,88.40578,8.491840362548828,3.1705599999999996,1.97504,192.65466,0.064050585,1.2158984,1633.8431,31960.854652240047,25.476625,4.032,0.86144,0.25078208220932097,2114,15.064744,210.40166586949636,68231.77606826721,0.25293002,10.543360000000002,2889.5095,,,,,,,,,,,,,,,,,,,,,,,,,,,,,,,,,,,,,,,,,,,,,,,,,,,,,,,,,,,,,,,,,,,,,,,,,,,,,,,,,,,,,,,,,,,,,,,,,,,,,,,,,,,,,,,,,,,,,,,,,,,,,,,,,,,,,,,,,,,,,,,,,,,,,,,,,,,,
H0_15ft_32kHz_epoch_137,H0,15FT,True,0,False,0.35604184175000003,True,VALID,False,,,,,,,,,,,,,,,,,18.715883838143554,1802.6969538232038,5.445746499990817,1075.727080476123,38.41286440946032,0.9938279371931499,69.5105959898758,7.7855903762812275,3.4112,2.22464,197.53528381781865,0.0511370355706459,1.0279751436250688,19859795.5439764,31910.358252431368,26.064876076930844,5.61024,2.19904,0.28427722780533754,20,14.959715953259005,188.51989261907147,31967.422457071763,0.00010164076532432648,9.296640000000023,2800.434430011303,18.80842,145.33405,5.2335286,1090.0531,37.404835,0.976218388042514,71.30476,7.899568557739258,3.0912,2.24384,208.28262,0.05229999,1.0538332,1995.1638,31910.358252431368,26.065971,5.18144,2.09024,0.3038029482158423,2671,15.158477,188.51989261907147,70188.7792147444,0.26667103,9.273599999999993,2914.2036,,,,,,,,,,,,,,,,,,,,,,,,,,,,,,,,,,,,,,,,,,,,,,,,,,,,,,,,,,,,,,,,,,,,,,,,,,,,,,,,,,,,,,,,,,,,,,,,,,,,,,,,,,,,,,,,,,,,,,,,,,,,,,,,,,,,,,,,,,,,,,,,,,,,,,,,,,,,
H0_15ft_32kHz_epoch_138,H0,15FT,True,0,False,0.36890328175000003,True,VALID,False,,,,,,,,,,,,,,,,,17.50003579695706,1573.5018790467477,7.651862256466586,1031.1995747166256,37.0301212664477,0.9939410236484661,62.47992043204654,7.468467367056336,3.1705599999999996,2.1068800000000003,134.76452400125135,0.051730915391882626,0.9880013327542699,4706734.115117142,31910.78557726205,25.614675985889708,5.22112,2.05056,0.23939570081599879,17,14.983936526432831,248.5904385607464,31992.134125527038,0.0003536344806747866,10.205439999999955,2784.758838073099,17.27151,136.25273,7.726365,1083.1138,37.29693,0.9759444862290249,63.663857,7.556088447570801,3.11936,2.09408,140.18413,0.05251453,0.9957623,1891.7378,31910.78557726205,25.5044,5.126399999999999,2.00704,0.2649840157369883,2582,15.140319,248.5904385607464,68679.17055695619,0.25562665,10.186240000000012,2904.0295,,,,,,,,,,,,,,,,,,,,,,,,,,,,,,,,,,,,,,,,,,,,,,,,,,,,,,,,,,,,,,,,,,,,,,,,,,,,,,,,,,,,,,,,,,,,,,,,,,,,,,,,,,,,,,,,,,,,,,,,,,,,,,,,,,,,,,,,,,,,,,,,,,,,,,,,,,,,
H0_15ft_32kHz_epoch_139,H0,15FT,True,0,False,0.48655192175,True,VALID,False,,,,,,,,,,,,,,,,,18.52783876113767,38.027954895149584,13.38741661301922,1367.524573610811,40.14167176192002,0.9308017966496785,63.75774457673177,7.290046911996097,6.51648,2.1824000000000003,102.14999750433994,0.0499025971629798,1.1224168367783625,223052.38126880632,31923.823959047015,26.99659523597091,8.70784,2.19136,0.16422189894182362,29,14.294269833802423,107.72565292518266,32613.76194851106,0.008236836082188235,17.907199999999957,3406.74544329282,18.58086,37.54909,10.576683,1338.32,37.94325,0.9264371117164512,65.768394,7.433399200439453,5.1136,2.04544,126.53494,0.051287923,1.1453497,2285.5833,31923.823959047015,26.894056,7.3574399999999995,2.24384,0.2107050299285275,3832,14.691511,107.72565292518266,69145.15205939945,0.2611528,12.514560000000008,3527.162,,,,,,,,,,,,,,,,,,,,,,,,,,,,,,,,,,,,,,,,,,,,,,,,,,,,,,,,,,,,,,,,,,,,,,,,,,,,,,,,,,,,,,,,,,,,,,,,,,,,,,,,,,,,,,,,,,,,,,,,,,,,,,,,,,,,,,,,,,,,,,,,,,,,,,,,,,,,
H0_15ft_32kHz_epoch_14,H0,15FT,False,0,False,0.0002069617499999999,False,TOO_EARLY,False,,,,,,,,,,,,,,,,,15.560071473858981,15.12559818572055,2.1006525141372814,717.92481096108,24.56890896696676,0.866800650257012,40.76064009538114,5.992766703586993,1.18144,1.2569599999999999,341.7627647263284,0.04593530983847249,0.8484020301800738,22694.13591232163,31839.51346412889,25.27795419576465,6.79808,5.61664,0.6502481683945959,27,13.289123399252244,30.203742364494246,38397.72187190439,0.060901451031528046,10.659839999999976,2922.086658086101,15.54858,14.976908,2.1517901,713.8147,23.290398,0.8646708692882219,42.23052,6.106462478637695,1.14944,1.248,331.73062,0.047750022,0.8682377,2218.0469,31839.51346412889,25.105879,6.79808,5.64864,0.6641653298766611,2793,12.935492,30.203742364494246,68986.0599777665,0.26666325,10.442239999999936,3064.8455,,,,,,,,,,,,,,,,,,,,,,,,,,,,,,,,,,,,,,,,,,,,,,,,,,,,,,,,,,,,,,,,,,,,,,,,,,,,,,,,,,,,,,,,,,,,,,,,,,,,,,,,,,,,,,,,,,,,,,,,,,,,,,,,,,,,,,,,,,,,,,,,,,,,,,,,,,,,
H0_15ft_32kHz_epoch_140,H0,15FT,False,0,False,0.49073496175000003,False,TOO_LATE,False,,,,,,,,,,,,,,,,,14.003075783456326,23.17521716018519,985.478154920446,1325.3686606954248,45.0377493076283,0.9152824789607977,38.900962754251495,5.9094600455481565,5.0176,3.04384,1.3448990766354116,0.04546144571073411,0.839350724151447,79333.26849602567,31878.839730034622,25.283381935208418,14.9824,9.964799999999999,0.05959952390815982,21,12.615537953523443,104.9210810335644,33800.10065927815,0.02057891162352721,23.363840000000025,2942.795057636005,13.946803,22.807173,10.017346,1252.6072,40.944965,0.9110769734075369,40.5834,6.038456439971924,4.98688,3.06304,125.04381,0.04635864,0.8523578,2311.1257,31878.839730034622,25.287964,7.23712,2.2502400000000002,0.3767032202576875,2502,15.361677,104.9210810335644,68641.3954317686,0.25475273,12.558079999999915,3059.246,,,,,,,,,,,,,,,,,,,,,,,,,,,,,,,,,,,,,,,,,,,,,,,,,,,,,,,,,,,,,,,,,,,,,,,,,,,,,,,,,,,,,,,,,,,,,,,,,,,,,,,,,,,,,,,,,,,,,,,,,,,,,,,,,,,,,,,,,,,,,,,,,,,,,,,,,,,,
H0_15ft_32kHz_epoch_141,H0,15FT,False,0,False,0.05127256175,False,TOO_EARLY,False,,,,,,,,,,,,,,,,,15.880666635352501,7.590964666286632,20.44232484283613,1309.153734746472,22.508816415652007,0.7959776389211495,36.65838411068032,5.591025553246377,3.58272,1.78048,64.0413331071398,0.12471392980734629,1.1890231856387852,7714436.639003383,31906.134459613157,19.577222296041292,9.318399999999999,5.73568,0.16439075793159022,26,5.850173857438914,105.42006099182981,32020.83695689435,0.00028129904403639236,14.106879999999995,5816.182026506292,15.705974,7.5311413,16.643385,1290.6797,21.45224,0.7962946578562969,37.3614,5.662403583526611,3.35104,1.74336,77.54911,0.12803206,1.1960254,3312.7236,31906.134459613157,19.379402,8.679680000000001,5.32864,0.18948607334126186,4106,5.881577,105.42006099182981,62941.92459339794,0.21937259,14.054399999999994,6016.527,,,,,,,,,,,,,,,,,,,,,,,,,,,,,,,,,,,,,,,,,,,,,,,,,,,,,,,,,,,,,,,,,,,,,,,,,,,,,,,,,,,,,,,,,,,,,,,,,,,,,,,,,,,,,,,,,,,,,,,,,,,,,,,,,,,,,,,,,,,,,,,,,,,,,,,,,,,,
H0_15ft_32kHz_epoch_142,H0,15FT,True,0,False,0.43838808175000005,True,VALID,False,,,,,,,,,,,,,,,,,13.273538503310169,659.4528849031555,38.30436553185023,1299.4745064703804,51.368569928456594,0.9919589269083477,34.015204889128306,5.567498981983824,5.07904,2.9593599999999998,33.924971434027064,0.04135485219431405,0.7142440909368023,15084501.243766999,31882.170850521245,24.713470531313355,15.01696,9.93792,0.14576728480434503,32,13.339360104275961,112.67048654191967,31959.663690733112,0.0001159791632769251,26.992640000000012,2529.7073838733836,13.707231,110.51445,5.9129744,895.2366,33.952957,0.9710586647325589,35.637672,5.681780815124512,3.0784,1.46688,151.40207,0.047390364,0.7530169,1861.3138,31882.170850521245,23.939035,7.30496,4.22656,0.42393042734621933,3874,13.672694,6025.188399360857,69336.18436010204,0.26279318,10.970880000000015,2636.6968,,,,,,,,,,,,,,,,,,,,,,,,,,,,,,,,,,,,,,,,,,,,,,,,,,,,,,,,,,,,,,,,,,,,,,,,,,,,,,,,,,,,,,,,,,,,,,,,,,,,,,,,,,,,,,,,,,,,,,,,,,,,,,,,,,,,,,,,,,,,,,,,,,,,,,,,,,,,
H0_15ft_32kHz_epoch_143,H0,15FT,True,0,False,0.45851864175,True,VALID,False,,,,,,,,,,,,,,,,,15.461347737689497,202.01686968452665,11.238542327081639,693.7061888823075,28.586168587551526,0.9868365755832323,51.777051147317074,6.77421586901472,3.3088,1.4976,61.72563742626588,0.04769145879169166,0.8148580401460019,1815684.1368769277,31882.170850521245,24.644143617983246,12.0,8.6912,0.20086361746188378,27,10.353081311305754,71.53681685201445,32038.226511787463,0.0011133141645475715,18.76479999999997,2426.7197150175925,15.99453,110.90181,10.082327,730.0551,28.745504,0.9671456745044866,53.48721,6.892003059387207,3.01824,1.48224,72.409386,0.04858209,0.8623613,2002.458,31882.170850521245,24.853077,10.36288,7.34464,0.2109089445675435,4684,11.044991,71.53681685201445,69583.91127682745,0.2672851,18.735360000000036,2539.7192,,,,,,,,,,,,,,,,,,,,,,,,,,,,,,,,,,,,,,,,,,,,,,,,,,,,,,,,,,,,,,,,,,,,,,,,,,,,,,,,,,,,,,,,,,,,,,,,,,,,,,,,,,,,,,,,,,,,,,,,,,,,,,,,,,,,,,,,,,,,,,,,,,,,,,,,,,,,
H0_15ft_32kHz_epoch_144,H0,15FT,False,0,False,0.0030639217500000003,False,TOO_EARLY,False,,,,,,,,,,,,,,,,,14.732712971387015,11.704127890639716,4.53708946876025,983.3479542540392,44.81024602258877,0.8452958028086291,37.87841554675082,5.637965052198579,5.217280000000001,3.1168,216.73541177099233,0.031151361189661032,0.7163202710677281,562730.5191428114,31935.606452335705,27.22229211477806,5.8624,0.64512,0.4721807588986168,19,18.6748418697783,94.2599463095321,32202.399842327763,0.0028089285779453054,10.031360000000046,2194.4712237426465,15.731418,12.580552,4.4581804,983.55145,42.541836,0.8452525292830072,40.09532,5.801886558532715,5.1417600000000006,1.36064,220.61725,0.03311911,0.7850872,1877.539,31935.606452335705,27.418299,5.86496,0.7232000000000001,0.467103979492814,2968,18.144281,94.2599463095321,68659.4645933773,0.26249063,9.904639999999908,2311.963,,,,,,,,,,,,,,,,,,,,,,,,,,,,,,,,,,,,,,,,,,,,,,,,,,,,,,,,,,,,,,,,,,,,,,,,,,,,,,,,,,,,,,,,,,,,,,,,,,,,,,,,,,,,,,,,,,,,,,,,,,,,,,,,,,,,,,,,,,,,,,,,,,,,,,,,,,,,
H0_15ft_32kHz_epoch_145,H0,15FT,True,0,False,0.42261208175000003,True,VALID,False,,,,,,,,,,,,,,,,,16.29083871878983,993.7031222496381,5.5866044723196335,432.071971693082,22.29475099200303,0.9923704720203725,48.221902128474206,6.4842958246836595,1.71392,1.43232,77.34071274122637,0.04572971419247513,0.7443543777426626,12063717.338112723,32051.74817189567,24.166485432715852,6.86336,5.14944,0.21608710758129202,21,11.078353622284467,193.5695325999368,31996.272568426026,0.00011623744240163375,11.193600000000025,1937.998643035039,16.215157,98.71759,5.2162337,411.13278,20.021914,0.9647650375622854,50.626904,6.646610736846924,1.59104,1.4464000000000001,78.81794,0.04764468,0.7626391,1439.1357,32051.74817189567,24.023697,6.84032,5.249280000000001,0.25703728209878873,3361,10.541246,6007.388363905873,72509.71355609492,0.27950996,11.141120000000004,2053.414,,,,,,,,,,,,,,,,,,,,,,,,,,,,,,,,,,,,,,,,,,,,,,,,,,,,,,,,,,,,,,,,,,,,,,,,,,,,,,,,,,,,,,,,,,,,,,,,,,,,,,,,,,,,,,,,,,,,,,,,,,,,,,,,,,,,,,,,,,,,,,,,,,,,,,,,,,,,
H0_15ft_32kHz_epoch_146,H0,15FT,True,0,False,0.44753240175000003,True,VALID,False,,,,,,,,,,,,,,,,,12.960021588314818,448.92858626774944,5.237793594584192,1518.970720641586,45.01152945122893,0.9923437078948502,42.999185106541674,6.362914615258065,1.6870399999999999,5.510400000000001,290.0020195930702,0.0467096019536068,0.8054588153536717,8551451.401687572,32044.917108859576,24.709374373085797,6.46016,4.77312,0.41972363064449214,18,16.629722439256557,157.38099707442962,32051.104190538714,0.0002474291492626126,12.071679999999974,3374.625877326346,13.774756,119.1955,4.6760206,1558.5284,44.713898,0.9728395657508392,44.786007,6.479519367218018,1.61408,1.53216,333.3023,0.04692546,0.87005144,2291.2568,32044.917108859576,25.303823,6.252800000000001,4.63872,0.5561766936189327,2993,16.837755,157.38099707442962,68374.49903238971,0.2561226,9.463039999999978,3485.557,,,,,,,,,,,,,,,,,,,,,,,,,,,,,,,,,,,,,,,,,,,,,,,,,,,,,,,,,,,,,,,,,,,,,,,,,,,,,,,,,,,,,,,,,,,,,,,,,,,,,,,,,,,,,,,,,,,,,,,,,,,,,,,,,,,,,,,,,,,,,,,,,,,,,,,,,,,,
H0_15ft_32kHz_epoch_147,H0,15FT,True,0,False,0.46971480175,True,VALID,False,,,,,,,,,,,,,,,,,13.915463253433293,86.9451309923707,4.470424471078032,269.12354110679905,9.371436753119546,0.9758650515434438,44.41494122190621,6.5059527857164055,1.7753599999999998,1.56416,60.20089207355594,0.05794518216879273,0.7739804520854988,811012.9646939214,31959.17143891309,22.511680004751167,6.96192,5.18656,0.19122249953447867,24,6.916859433157297,170.00454602255195,32208.40832570014,0.0018841415775627303,12.23808000000004,2871.7425961094423,15.084862,75.20686,9.386242,1722.7893,57.67743,0.9616634452644867,46.438248,6.634308338165283,2.46784,1.38368,183.5441,0.03762298,0.85568523,1998.8511,31959.17143891309,27.019463,7.101439999999999,4.6335999999999995,0.31122165090927734,3619,18.639503,170.00454602255195,70685.10919481258,0.27091542,15.425280000000042,2986.9385,,,,,,,,,,,,,,,,,,,,,,,,,,,,,,,,,,,,,,,,,,,,,,,,,,,,,,,,,,,,,,,,,,,,,,,,,,,,,,,,,,,,,,,,,,,,,,,,,,,,,,,,,,,,,,,,,,,,,,,,,,,,,,,,,,,,,,,,,,,,,,,,,,,,,,,,,,,,
H0_15ft_32kHz_epoch_148,H0,15FT,False,0,False,0.060567921749999996,False,TOO_EARLY,False,,,,,,,,,,,,,,,,,14.425384125947241,10.080725567240103,37.98151982717115,1363.842897493347,17.68319472691249,0.7965547624290629,31.952660841025335,5.341537751513153,4.2828800000000005,1.9072,35.908065387996544,0.1432779116073343,1.2437462780739035,22597158.659436714,31958.84449010907,18.77008834032781,14.055679999999999,9.7728,0.09670626284059523,28,3.053733650796876,158.13009148774654,32030.093780060946,0.0001293471996889195,24.336640000000006,7712.649883437993,14.506329,10.078492,35.76898,1389.694,17.60375,0.7967561533454401,32.709316,5.4080986976623535,4.16512,1.88416,38.851933,0.14481285,1.2653689,4295.6875,31958.84449010907,18.80247,13.97504,9.80992,0.10830329475658437,5122,3.0673435,158.13009148774654,61993.83254132261,0.21396433,24.305919999999993,7894.306,,,,,,,,,,,,,,,,,,,,,,,,,,,,,,,,,,,,,,,,,,,,,,,,,,,,,,,,,,,,,,,,,,,,,,,,,,,,,,,,,,,,,,,,,,,,,,,,,,,,,,,,,,,,,,,,,,,,,,,,,,,,,,,,,,,,,,,,,,,,,,,,,,,,,,,,,,,,
H0_15ft_32kHz_epoch_149,H0,15FT,False,0,False,0.09954520175,False,TOO_EARLY,False,,,,,,,,,,,,,,,,,16.86087960116738,2087.410921773466,40.234124973464276,1399.7663701867787,41.822505835928105,0.9935444762771373,48.213713665906894,6.473883294906021,5.27232,1.9366400000000001,34.7905259802704,0.10591564837233935,1.0435848782463228,5758634.576686187,31955.49608779456,19.86047032977925,15.057920000000001,9.7856,0.1185376069965189,29,5.4911858922300985,168.11151960223287,32091.31746577797,0.00030898079816418794,24.48768000000001,3346.921333882035,17.021572,155.17786,37.831482,1438.98,41.56984,0.9741489795759387,49.922356,6.592648506164551,4.65664,1.91872,38.036575,0.107157424,1.0714275,2337.5203,31955.49608779456,19.973251,14.43584,9.7792,0.12752928001726788,5775,5.68661,168.11151960223287,67408.75080392076,0.2475252,24.523519999999994,3461.5962,,,,,,,,,,,,,,,,,,,,,,,,,,,,,,,,,,,,,,,,,,,,,,,,,,,,,,,,,,,,,,,,,,,,,,,,,,,,,,,,,,,,,,,,,,,,,,,,,,,,,,,,,,,,,,,,,,,,,,,,,,,,,,,,,,,,,,,,,,,,,,,,,,,,,,,,,,,,
H0_15ft_32kHz_epoch_15,H0,15FT,False,0,False,0.00798936175,False,TOO_EARLY,False,,,,,,,,,,,,,,,,,9.696402372182824,4.446407189258842,2.3440766421519004,1040.1465989946873,23.226108986759844,0.7962388281347759,16.85472840185631,4.067024735554498,3.44576,1.7344000000000002,443.7340402144793,0.17560970133104817,0.6370481740566154,3670641.7026950284,31841.376422146746,11.161391349599757,9.11872,5.672960000000001,0.7958033730053936,21,1.9837944243484618,295.17617077712566,32047.431106436437,0.00046886613200266197,14.98112,4478.350633709696,10.615697,4.891443,1.6449884,866.0158,18.49941,0.7966542735286634,17.829176,4.159857273101807,3.1705599999999996,1.76512,526.4571,0.041907106,0.7130748,2465.6084,31841.376422146746,24.53986,7.1603200000000005,3.98976,0.7939149456551268,3495,14.677267,295.17617077712566,64610.946685366805,0.22864029,12.0576,4681.316,,,,,,,,,,,,,,,,,,,,,,,,,,,,,,,,,,,,,,,,,,,,,,,,,,,,,,,,,,,,,,,,,,,,,,,,,,,,,,,,,,,,,,,,,,,,,,,,,,,,,,,,,,,,,,,,,,,,,,,,,,,,,,,,,,,,,,,,,,,,,,,,,,,,,,,,,,,,
H0_15ft_32kHz_epoch_150,H0,15FT,True,0,False,0.26522968175,True,VALID,False,,,,,,,,,,,,,,,,,14.066986178029325,1352.5679270863147,16.432634456348534,1268.5035758690985,39.26187164970839,0.9936228757142056,41.319304401654904,6.1614718530586154,5.2736,4.224,77.19416988414693,0.06601269554093332,0.8298908521416305,9086168.693074998,32050.064958568713,21.98505221166868,8.32128,3.04768,0.2485304659604574,28,11.744150852567367,131.2906395025675,32006.75513513869,0.0002599148300098323,13.169920000000001,3230.8790247865854,14.324307,112.21596,15.398532,1343.1198,40.104633,0.9776954758703329,42.908417,6.275632858276367,5.32992,3.9871999999999996,87.223885,0.066169694,0.8603861,2387.9656,32050.064958568713,22.235088,8.2432,2.91328,0.2934841245336038,3760,12.011892,131.2906395025675,70207.32000829272,0.26440465,13.286399999999976,3349.0388,,,,,,,,,,,,,,,,,,,,,,,,,,,,,,,,,,,,,,,,,,,,,,,,,,,,,,,,,,,,,,,,,,,,,,,,,,,,,,,,,,,,,,,,,,,,,,,,,,,,,,,,,,,,,,,,,,,,,,,,,,,,,,,,,,,,,,,,,,,,,,,,,,,,,,,,,,,,
H0_15ft_32kHz_epoch_151,H0,15FT,True,0,False,0.37395800175000005,True,VALID,False,,,,,,,,,,,,,,,,,12.811064959632454,1733.6483946456035,10.335896201941098,1790.534732693045,41.52850469488559,0.9936146043552408,40.925975778135395,6.206869935097569,6.4192,5.24672,173.2345892130521,0.06258674463549399,0.8999704690420175,3153439.449296632,31960.86134905846,23.140622220713528,8.85632,2.43712,0.2584531292513687,25,13.425533130856714,173.4767808661345,32081.6106314796,0.0005269860413877135,14.567680000000028,4311.580072165506,14.220578,143.4396,8.189441,1772.9105,40.02631,0.9803345662594268,42.330887,6.305592060089111,5.48864,2.68544,216.48737,0.06355291,1.0125412,2520.5,31960.86134905846,23.979176,7.5264,2.03776,0.2549616715041105,3821,13.964155,173.4767808661345,67248.88934134753,0.24602824,13.12000000000002,4429.363,,,,,,,,,,,,,,,,,,,,,,,,,,,,,,,,,,,,,,,,,,,,,,,,,,,,,,,,,,,,,,,,,,,,,,,,,,,,,,,,,,,,,,,,,,,,,,,,,,,,,,,,,,,,,,,,,,,,,,,,,,,,,,,,,,,,,,,,,,,,,,,,,,,,,,,,,,,,
H0_15ft_32kHz_epoch_152,H0,15FT,True,0,False,0.40489048175000003,True,VALID,False,,,,,,,,,,,,,,,,,16.346191937851344,1507.7271362823033,47.199362955592264,1357.560122010935,42.01340959156498,0.9940042158903996,57.74546287697155,7.117805172102228,5.07264,3.76064,28.7622551872889,0.053387167689428354,0.9644100655020855,4934972.794129218,32076.996371800007,25.132318143852928,15.027199999999999,9.954559999999999,0.10193546296939347,32,11.306843696166716,213.768092523409,32025.307602251454,0.0002975176303194525,25.291520000000013,3231.254342859738,17.118195,133.87843,6.8758645,1459.4647,43.523357,0.9737881621976151,59.689728,7.238811016082764,3.41888,3.33184,212.2591,0.050278958,1.0288525,1969.6799,32076.996371800007,26.098911,5.43232,2.01344,0.3418482580666092,2815,16.559528,5975.407310693707,69759.58699473678,0.26294926,8.639999999999981,3353.2908,,,,,,,,,,,,,,,,,,,,,,,,,,,,,,,,,,,,,,,,,,,,,,,,,,,,,,,,,,,,,,,,,,,,,,,,,,,,,,,,,,,,,,,,,,,,,,,,,,,,,,,,,,,,,,,,,,,,,,,,,,,,,,,,,,,,,,,,,,,,,,,,,,,,,,,,,,,,
H0_15ft_32kHz_epoch_153,H0,15FT,False,0,False,0.00093144175,False,TOO_EARLY,False,,,,,,,,,,,,,,,,,13.258870966076108,9.296468567774749,12.236276641127247,625.8323139808952,14.49718188137202,0.8310549987142527,36.36637948063303,5.619447216978293,6.053120000000001,4.0192,51.14564931265053,0.06028521732759251,0.8786932857329157,39980.73148478144,32000.070199855938,23.202738268479678,11.077119999999999,5.024,0.2044231776548995,34,8.208511206706286,125.58398141026555,35765.73506039616,0.04294921448856317,16.773119999999974,4316.923931160968,13.678192,9.588913,11.394013,1930.7825,43.21656,0.8306981141380979,37.96952,5.749320983886719,5.7561599999999995,3.93088,169.45587,0.04565423,0.92217606,2663.936,32000.070199855938,25.99845,7.70176,1.9456,0.3235890050296845,3929,17.102829,125.58398141026555,66366.4205629526,0.24652033,13.032959999999981,4467.691,,,,,,,,,,,,,,,,,,,,,,,,,,,,,,,,,,,,,,,,,,,,,,,,,,,,,,,,,,,,,,,,,,,,,,,,,,,,,,,,,,,,,,,,,,,,,,,,,,,,,,,,,,,,,,,,,,,,,,,,,,,,,,,,,,,,,,,,,,,,,,,,,,,,,,,,,,,,
H0_15ft_32kHz_epoch_154,H0,15FT,False,0,False,0.03125976175,False,TOO_EARLY,False,,,,,,,,,,,,,,,,,11.136782316154884,4.777990248002036,257.00614919888704,3623.6981740962055,37.2262082301161,0.7970993984110655,21.913438814828687,4.5949088778286145,18.146559999999997,2.93248,14.099655534958682,0.18002504779298953,1.1755365472507053,11155721.706365805,32066.378153915182,16.296658256441237,21.747200000000003,3.60064,0.07490693276881442,27,3.4086962833865346,152.01573581052799,32077.283269295036,0.00030457399499729656,32.77439999999999,9734.266116215906,11.723064,5.0396504,4.207872,2959.3289,29.821262,0.7972831162719888,22.483961,4.645115852355957,2.6944,2.88896,703.284,0.18034326,1.249395,5425.299,32066.378153915182,16.75096,6.30912,3.61472,0.4852810670294928,3032,7.895153,152.01573581052799,59176.171345100156,0.19650306,9.99552,9923.554,,,,,,,,,,,,,,,,,,,,,,,,,,,,,,,,,,,,,,,,,,,,,,,,,,,,,,,,,,,,,,,,,,,,,,,,,,,,,,,,,,,,,,,,,,,,,,,,,,,,,,,,,,,,,,,,,,,,,,,,,,,,,,,,,,,,,,,,,,,,,,,,,,,,,,,,,,,,
H0_15ft_32kHz_epoch_155,H0,15FT,True,0,False,0.21306328175,True,VALID,False,,,,,,,,,,,,,,,,,17.781860383505816,1972.8064489627427,33.55732873041263,2274.2900483061767,47.30990012637679,0.9940169267063346,64.93957305160046,7.474077482566262,5.04064,2.7136,67.77327440374172,0.0841467307816498,1.2796278218572918,6793247.57801972,32076.996371800007,23.637272838288542,14.84032,9.79968,0.13065680256077555,24,9.660029175756552,159.90526606081767,32049.433504294946,0.00035517844954772586,26.48320000000001,4807.218028850033,17.8873,167.47948,10.964959,2246.112,45.477142,0.979757895644105,66.39103,7.570460319519043,5.15968,2.5843200000000004,204.84454,0.084021255,1.3047383,2686.2148,32076.996371800007,23.760845,8.22016,3.06048,0.21741274368114283,4153,12.172332,159.90526606081767,67788.09795350874,0.2474454,12.768,4938.991,,,,,,,,,,,,,,,,,,,,,,,,,,,,,,,,,,,,,,,,,,,,,,,,,,,,,,,,,,,,,,,,,,,,,,,,,,,,,,,,,,,,,,,,,,,,,,,,,,,,,,,,,,,,,,,,,,,,,,,,,,,,,,,,,,,,,,,,,,,,,,,,,,,,,,,,,,,,
H0_15ft_32kHz_epoch_156,H0,15FT,True,0,False,0.24391896175,True,VALID,False,,,,,,,,,,,,,,,,,18.253633881444628,1521.7195535284793,26.348745196683563,1484.0424478361354,44.18901795219314,0.9935783097764472,64.36949235112449,7.351212706835974,3.0336,2.70848,56.32307864210142,0.06770420420493353,1.0669864099510595,3502841.350982699,32101.80912150476,23.95068274289339,12.89728,9.86368,0.14531432220866877,32,10.304288911439965,52.45913147517422,32040.27060043103,0.0006756192637498645,23.01696000000003,3358.396535179024,18.41756,141.33752,22.378283,1482.34,42.545406,0.9753383181621952,66.40127,7.476850509643555,2.99392,2.2617599999999998,66.24011,0.06930279,1.096537,2352.7107,32101.80912150476,23.950834,11.150079999999999,8.156160000000002,0.15327396207978783,4846,10.728139,52.45913147517422,71128.82795979216,0.269933,23.036159999999974,3484.1365,,,,,,,,,,,,,,,,,,,,,,,,,,,,,,,,,,,,,,,,,,,,,,,,,,,,,,,,,,,,,,,,,,,,,,,,,,,,,,,,,,,,,,,,,,,,,,,,,,,,,,,,,,,,,,,,,,,,,,,,,,,,,,,,,,,,,,,,,,,,,,,,,,,,,,,,,,,,
H0_15ft_32kHz_epoch_157,H0,15FT,True,0,False,0.33754968175000005,True,VALID,False,,,,,,,,,,,,,,,,,16.579586333010198,2791.46224818384,151.80329446022793,3435.6428407748626,56.69761553427604,0.9947768125948409,55.72918693377548,6.973804844126212,6.19264,3.93856,22.6322021071803,0.06926450956309159,1.380766035597774,8975175.548558397,32077.108676442982,25.98785730903198,15.9808,9.788160000000001,0.07479459299150729,34,12.815555065679508,67.95997600941337,32056.813274857064,0.0002940402924974504,25.442560000000004,6059.589646583671,16.835459,202.1896,78.30892,3410.62,55.264694,0.9847645501657922,56.71197,7.04009485244751,6.112,3.90144,43.553406,0.070671216,1.4149551,3339.9956,32077.108676442982,25.978832,14.2144,8.1024,0.10061154408811017,5747,13.114046,67.95997600941337,65348.78073576444,0.23328798,22.66368000000002,6171.427,,,,,,,,,,,,,,,,,,,,,,,,,,,,,,,,,,,,,,,,,,,,,,,,,,,,,,,,,,,,,,,,,,,,,,,,,,,,,,,,,,,,,,,,,,,,,,,,,,,,,,,,,,,,,,,,,,,,,,,,,,,,,,,,,,,,,,,,,,,,,,,,,,,,,,,,,,,,
H0_15ft_32kHz_epoch_158,H0,15FT,True,0,False,0.41769304175000005,True,VALID,False,,,,,,,,,,,,,,,,,17.02594695810693,1805.3754358563622,870.4260224019459,2435.677236491163,58.00250975622892,0.9938642162661968,52.30577668340064,6.721469919225131,15.04256,3.2729600000000003,2.7982587534353054,0.051388816140434786,1.083179297967036,5375859.520005437,32098.902571141072,26.46148091647861,24.807679999999998,9.76512,0.024562123372679337,39,12.000882565422543,134.03407754675573,32072.492110628955,0.00047053844078466707,43.19232000000001,4199.261802166305,17.11855,155.61069,344.26556,2505.5396,57.949997,0.9762332032511759,53.74171,6.8134050369262695,14.80832,2.8531199999999997,7.2779264,0.051963206,1.1050795,2522.3025,32098.902571141072,26.508114,24.5504,9.74208,0.03710337514383642,11721,12.071967,134.03407754675573,70269.05872737803,0.2667197,43.416320000000006,4323.6235,,,,,,,,,,,,,,,,,,,,,,,,,,,,,,,,,,,,,,,,,,,,,,,,,,,,,,,,,,,,,,,,,,,,,,,,,,,,,,,,,,,,,,,,,,,,,,,,,,,,,,,,,,,,,,,,,,,,,,,,,,,,,,,,,,,,,,,,,,,,,,,,,,,,,,,,,,,,
H0_15ft_32kHz_epoch_159,H0,15FT,True,0,False,0.33954136175000005,True,VALID,False,,,,,,,,,,,,,,,,,18.541066187560286,2956.997726512137,11.429103881429299,2954.2357605032353,46.994504712431095,0.9944744414470968,66.11808209415263,7.5262689316873255,5.11616,2.7737600000000002,258.48358639055806,0.07503069064680133,1.4827820053285357,5188535.187700591,32095.45043890171,25.89958586546065,8.27136,3.1552,0.2692325979720751,22,14.323075520794987,42.92110757059709,32075.061049550324,0.0005333374926233745,12.79616,6286.3430066573865,18.760067,225.69598,11.09191,3023.1177,47.1737,0.983835767391168,67.00705,7.5846123695373535,5.14816,2.79168,272.55157,0.07525781,1.5148008,3501.8914,32095.45043890171,25.997211,8.17536,3.0271999999999997,0.2698716738004906,3146,14.45298,42.92110757059709,66138.42301291738,0.24007884,12.894719999999971,6408.4814,,,,,,,,,,,,,,,,,,,,,,,,,,,,,,,,,,,,,,,,,,,,,,,,,,,,,,,,,,,,,,,,,,,,,,,,,,,,,,,,,,,,,,,,,,,,,,,,,,,,,,,,,,,,,,,,,,,,,,,,,,,,,,,,,,,,,,,,,,,,,,,,,,,,,,,,,,,,
H0_15ft_32kHz_epoch_16,H0,15FT,True,0,False,0.46494040175,True,VALID,False,,,,,,,,,,,,,,,,,16.424699517995357,84.56082795745795,9.68365619018651,911.7156738190041,37.409318168408234,0.9710421984688282,44.330409191074985,6.341644327912955,2.9504,1.15712,94.14994253327326,0.043836947008680516,0.817863474566064,799189919.4703244,31841.103134779652,25.395787400898477,8.60288,5.65248,0.22585628521054454,26,13.71597167455718,31.7934130152571,32005.40285389116,2.353429371603876e-06,14.576639999999975,2437.1352338329993,43.760254,14.309587,529.8946,90166.91,81.154564,0.8089186501070676,139.03499,10.760119438171387,4.82432,,170.16008,1e-10,14.712634,3155.4617,1.5896706507628384,207.63068,,,0.005608342856485396,17294,96.63928,146.24969987018116,38458.546238634655,0.23184307,75.8336,111105.164,,,,,,,,,,,,,,,,,,,,,,,,,,,,,,,,,,,,,,,,,,,,,,,,,,,,,,,,,,,,,,,,,,,,,,,,,,,,,,,,,,,,,,,,,,,,,,,,,,,,,,,,,,,,,,,,,,,,,,,,,,,,,,,,,,,,,,,,,,,,,,,,,,,,,,,,,,,,
H0_15ft_32kHz_epoch_160,H0,15FT,True,0,False,0.27796312175000004,True,VALID,False,,,,,,,,,,,,,,,,,17.09164831257258,2302.1496272129134,73.94340417207096,3136.7860643894282,54.387543419513996,0.994294484437807,51.656887952841394,6.670518874832438,5.28128,3.36512,42.421445151247504,0.07598083941832244,1.3886777402187371,9899379.079511378,32098.56972149859,25.206431023993478,15.03104,9.74976,0.10311339030048083,26,11.876666460335896,41.13366968990886,32047.19388797157,0.0002835963045787911,22.630399999999995,5767.47149654108,17.163202,197.00023,67.92217,3263.477,55.34558,0.9849842321564966,52.7299,6.747589111328125,5.20448,2.84288,48.0473,0.07557756,1.4100091,3791.1653,32098.56972149859,25.39297,14.92736,9.72288,0.11409454495065698,5270,12.135134,41.13366968990886,65886.25056718405,0.23615508,22.76863999999995,5896.5444,,,,,,,,,,,,,,,,,,,,,,,,,,,,,,,,,,,,,,,,,,,,,,,,,,,,,,,,,,,,,,,,,,,,,,,,,,,,,,,,,,,,,,,,,,,,,,,,,,,,,,,,,,,,,,,,,,,,,,,,,,,,,,,,,,,,,,,,,,,,,,,,,,,,,,,,,,,,
H0_15ft_32kHz_epoch_161,H0,15FT,True,0,False,0.32369752175000005,True,VALID,False,,,,,,,,,,,,,,,,,17.560273223034738,2552.2154644408265,1053.5830370018311,2865.8821455980383,60.55561550032705,0.9942889400688978,57.09161120633468,6.933931298532454,14.77888,3.32928,2.7201293536844395,0.059795871835123006,1.253841929872363,15909841.449944919,32098.878145050436,26.423182565779626,24.50432,9.72544,0.022973570832189278,29,11.45226012355427,132.97385282952382,32030.41772273188,0.00015808612227542792,43.16416000000001,4732.644729839299,18.009714,186.70357,82.381966,2888.9463,59.551865,0.9827505436517506,58.25244,7.011651515960693,5.23008,2.8940799999999998,35.067703,0.060658637,1.3019322,2798.1763,32098.878145050436,26.501163,13.18144,7.951359999999999,0.09196463177473875,6021,14.046731,132.97385282952382,67389.76563790884,0.24669673,26.730240000000016,4851.143,,,,,,,,,,,,,,,,,,,,,,,,,,,,,,,,,,,,,,,,,,,,,,,,,,,,,,,,,,,,,,,,,,,,,,,,,,,,,,,,,,,,,,,,,,,,,,,,,,,,,,,,,,,,,,,,,,,,,,,,,,,,,,,,,,,,,,,,,,,,,,,,,,,,,,,,,,,,
H0_15ft_32kHz_epoch_162,H0,15FT,True,0,False,0.41545048175000004,True,VALID,False,,,,,,,,,,,,,,,,,17.468081455355765,2493.0793474331813,78.34182572350524,3052.1630452652166,50.76872471297953,0.9946614142819042,57.01806982237491,7.018898241542644,5.28128,3.5366400000000002,38.95955981456823,0.06628955291160679,1.4490245508569608,44355571.88598808,32098.56972149859,26.760510371159263,14.97728,9.696,0.08945928062883177,24,12.969721831485346,128.76627033362456,32050.231872013483,6.499281999890812e-05,26.55232000000002,6011.89622650665,17.875242,246.31075,16.075188,2928.5332,47.841114,0.9836145892958045,57.627796,7.061207294464111,5.19808,3.3382400000000003,182.17723,0.0671855,1.4962401,3638.527,32098.56972149859,26.901255,8.455680000000001,3.2575999999999996,0.27642954092986805,3101,15.155979,128.76627033362456,64086.6212494418,0.23027092,12.768,6121.3735,,,,,,,,,,,,,,,,,,,,,,,,,,,,,,,,,,,,,,,,,,,,,,,,,,,,,,,,,,,,,,,,,,,,,,,,,,,,,,,,,,,,,,,,,,,,,,,,,,,,,,,,,,,,,,,,,,,,,,,,,,,,,,,,,,,,,,,,,,,,,,,,,,,,,,,,,,,,
H0_15ft_32kHz_epoch_163,H0,15FT,True,0,False,0.30077656175,True,VALID,False,,,,,,,,,,,,,,,,,17.14031783047826,2529.87699364419,10.483734012006934,2638.950799718304,38.6956077137703,0.9942546884366363,55.91130013284596,7.109924020191267,5.1968,3.4816000000000003,251.71859536829982,0.08994358947157673,1.4691402241198632,14489900.375297822,32097.19493172348,24.254471405520842,8.30592,3.10912,0.25603539681005166,23,12.246188885441857,122.8745728677859,32043.16187246407,0.00021487011400377087,12.801280000000027,6819.768329363032,17.497587,211.07812,10.187391,2717.646,39.110123,0.9849949257568716,56.776733,7.169418811798096,5.15072,3.32544,266.76566,0.090194695,1.5138733,3775.4604,32097.19493172348,24.448616,8.16768,3.01696,0.2547483756965941,3791,12.412988,122.8745728677859,65909.80558494666,0.23674367,12.737280000000018,6948.7026,,,,,,,,,,,,,,,,,,,,,,,,,,,,,,,,,,,,,,,,,,,,,,,,,,,,,,,,,,,,,,,,,,,,,,,,,,,,,,,,,,,,,,,,,,,,,,,,,,,,,,,,,,,,,,,,,,,,,,,,,,,,,,,,,,,,,,,,,,,,,,,,,,,,,,,,,,,,
H0_15ft_32kHz_epoch_164,H0,15FT,True,0,False,0.36142552175000003,True,VALID,False,,,,,,,,,,,,,,,,,18.319567019673414,2303.691706778021,8.139928722101583,2245.907365945345,47.333622148584645,0.9935591571236516,57.768660202994326,7.02422576645851,5.17888,3.21792,275.9124118429232,0.06187616775824954,1.2728282935192743,12020661.283211919,32098.629780203235,26.25033798195829,8.3456,3.16672,0.35124744624950954,23,14.766556945498344,128.76332271179126,32040.957241782708,0.00021346331052878308,12.789760000000038,4744.845765014952,18.575079,179.13057,8.041317,2316.977,47.570988,0.9799463624794584,59.124805,7.115421295166016,5.17248,2.61376,288.13403,0.062163066,1.3075675,2960.423,32098.629780203235,26.454203,8.32128,3.1488,0.3534816114003237,3652,14.882299,128.76332271179126,68885.16219483282,0.25736323,12.712959999999995,4870.5674,,,,,,,,,,,,,,,,,,,,,,,,,,,,,,,,,,,,,,,,,,,,,,,,,,,,,,,,,,,,,,,,,,,,,,,,,,,,,,,,,,,,,,,,,,,,,,,,,,,,,,,,,,,,,,,,,,,,,,,,,,,,,,,,,,,,,,,,,,,,,,,,,,,,,,,,,,,,
H0_15ft_32kHz_epoch_165,H0,15FT,True,0,False,0.29290968175000004,True,VALID,False,,,,,,,,,,,,,,,,,17.87366840648744,2295.4930393889767,15.357920605910133,2730.110160957627,56.29891973253959,0.9939149195512447,52.96074113239273,6.684331281571748,5.553920000000001,3.16672,177.7656123515493,0.06409689220452501,1.3316146030297664,7549418.965273709,32100.35814191989,26.320079197413115,8.74368,3.1897599999999997,0.17694273453484463,20,15.104087054176086,130.5546907549251,32031.17113761922,0.00026452552917976624,14.233599999999957,4849.311805497441,18.310324,190.25008,15.153234,2753.5725,55.372078,0.9834781345343223,54.3155,6.774900436401367,5.568,2.8800000000000003,181.71518,0.06538549,1.3814139,3099.0193,32100.35814191989,26.38866,8.744959999999999,3.17696,0.3066491473178612,3162,14.967643,130.5546907549251,66437.51665741166,0.24115862,13.119999999999965,4972.854,,,,,,,,,,,,,,,,,,,,,,,,,,,,,,,,,,,,,,,,,,,,,,,,,,,,,,,,,,,,,,,,,,,,,,,,,,,,,,,,,,,,,,,,,,,,,,,,,,,,,,,,,,,,,,,,,,,,,,,,,,,,,,,,,,,,,,,,,,,,,,,,,,,,,,,,,,,,
H0_15ft_32kHz_epoch_166,H0,15FT,True,0,False,0.30325976175,True,VALID,False,,,,,,,,,,,,,,,,,18.33636927574501,3050.323384595739,12.806999596738562,3352.7551621909656,56.81398024680657,0.9944649797445123,69.72634307819344,7.750375853395557,5.125120000000001,3.9219199999999996,261.79083842897126,0.06826168084647984,1.4207910877147585,8871668.517482042,32098.629780203235,26.337761642471055,8.39808,3.2729600000000003,0.26995862405661336,21,15.63511169922014,139.89101726713125,32032.902601279755,0.0002568095506852182,12.77440000000002,5901.2854716852235,18.649405,228.29286,12.673194,3438.4983,57.1238,0.9844055279313959,70.67184,7.811583042144775,5.17248,3.8873599999999997,271.3206,0.06839301,1.4594338,3232.4497,32098.629780203235,26.532766,8.38144,3.20896,0.2731414555285479,3726,15.73148,139.89101726713125,66241.32124071571,0.24150465,12.714239999999988,6019.38,,,,,,,,,,,,,,,,,,,,,,,,,,,,,,,,,,,,,,,,,,,,,,,,,,,,,,,,,,,,,,,,,,,,,,,,,,,,,,,,,,,,,,,,,,,,,,,,,,,,,,,,,,,,,,,,,,,,,,,,,,,,,,,,,,,,,,,,,,,,,,,,,,,,,,,,,,,,
H0_15ft_32kHz_epoch_167,H0,15FT,True,0,False,0.34761816175000004,True,VALID,False,,,,,,,,,,,,,,,,,17.638190750027835,2044.4896358328488,16.775476848043994,2124.767462137981,49.74262636441758,0.9934945040158628,45.04256439029423,6.166925109008867,5.379840000000001,2.1248,126.65913949170688,0.06001773841410585,1.2737535393614445,5878994.872781357,32100.127828214503,26.50838470063791,8.642560000000001,3.2627200000000003,0.10781392569194415,23,14.646888603438073,34.337808338255854,32040.273877123385,0.00041436304897218157,14.242560000000015,4271.522469625453,17.912992,177.69864,3.51706,1781.3358,40.55624,0.9813982798729224,46.521355,6.270174026489258,3.17952,2.1388800000000003,506.48434,0.06068713,1.3117535,3525.9287,32100.127828214503,26.663445,6.383360000000001,3.20384,0.3867116736003408,2694,15.100818,34.337808338255854,66846.17234459848,0.2439132,11.521280000000022,4392.2607,,,,,,,,,,,,,,,,,,,,,,,,,,,,,,,,,,,,,,,,,,,,,,,,,,,,,,,,,,,,,,,,,,,,,,,,,,,,,,,,,,,,,,,,,,,,,,,,,,,,,,,,,,,,,,,,,,,,,,,,,,,,,,,,,,,,,,,,,,,,,,,,,,,,,,,,,,,,
H0_15ft_32kHz_epoch_168,H0,15FT,True,0,False,0.25118552175000003,True,VALID,False,,,,,,,,,,,,,,,,,17.920205735044608,2743.9980534060333,41.97938602095768,3973.5316797336327,60.56927184022619,0.9945528670842718,73.38651925365019,7.960885998880516,6.79424,3.8976,94.65435434776722,0.07822725507925725,1.4249766699765865,22025699.584605277,32098.902571141072,25.200997651554356,10.361600000000001,3.56736,0.12464624558929827,30,14.269647634682139,143.07008277462592,32026.659998936928,0.00011156348581705887,18.699520000000025,6560.309475430427,18.359121,205.84335,15.549924,3869.765,57.783554,0.9812355961202265,74.5174,8.035481452941895,5.23392,3.87968,248.8607,0.0790313,1.4750092,3260.51,32098.902571141072,25.319357,8.44032,3.2064,0.30127066611472436,3675,14.95746,143.07008277462592,66703.90306119411,0.2399483,12.920319999999986,6697.0005,,,,,,,,,,,,,,,,,,,,,,,,,,,,,,,,,,,,,,,,,,,,,,,,,,,,,,,,,,,,,,,,,,,,,,,,,,,,,,,,,,,,,,,,,,,,,,,,,,,,,,,,,,,,,,,,,,,,,,,,,,,,,,,,,,,,,,,,,,,,,,,,,,,,,,,,,,,,
H0_15ft_32kHz_epoch_169,H0,15FT,False,0,False,0.08295640175,False,TOO_EARLY,False,,,,,,,,,,,,,,,,,14.57952719188282,2051.755473005521,46.023231999249155,2982.2283324353616,62.812460579421206,0.994040702204846,44.07611554047526,6.281381966240452,7.13216,3.9398400000000002,64.79832473476466,0.10844073172308909,1.0747706065836633,7534267.9210224245,32100.35814191989,19.921303640788366,10.46912,3.33696,0.13747802441021695,26,10.145956393158997,134.1315315975262,32017.44220745651,0.0003771974501043229,17.244159999999994,4747.8291805883255,14.9839,166.3162,44.39346,3038.3074,62.425232,0.9776399910619081,45.35672,6.369053840637207,7.15264,3.88608,68.44043,0.109530784,1.11837,3333.0166,32100.35814191989,20.098402,10.36544,3.2128,0.15723869400083226,4745,10.17782,134.1315315975262,66807.98348513267,0.24591692,17.25568000000001,4867.1143,,,,,,,,,,,,,,,,,,,,,,,,,,,,,,,,,,,,,,,,,,,,,,,,,,,,,,,,,,,,,,,,,,,,,,,,,,,,,,,,,,,,,,,,,,,,,,,,,,,,,,,,,,,,,,,,,,,,,,,,,,,,,,,,,,,,,,,,,,,,,,,,,,,,,,,,,,,,
H0_15ft_32kHz_epoch_17,H0,15FT,True,0,False,0.39167960175000005,True,VALID,False,,,,,,,,,,,,,,,,,16.053873374670665,1661.6641002732529,25.230550030843137,1031.3554213849343,32.51508301616875,0.9931645161319314,44.994580660476714,6.384973497343559,4.60288,1.9123199999999998,40.877246834556864,0.05788017291894553,0.9384284069392321,19110914.63121384,32041.64889193393,24.180763940504406,14.45632,9.853439999999999,0.15569662124460493,24,9.580618318013146,33.664266539119126,32084.82984967404,0.00011033986904788028,24.266239999999996,3171.9292270360816,16.597387,137.98332,2.4345615,676.5703,20.515738,0.975794166658812,46.929714,6.502112865447998,1.31712,1.87392,277.90234,0.05972249,0.9892639,2318.8826,32041.64889193393,24.244343,3.4943999999999997,2.17728,0.38046247734693794,1724,13.635138,33.664266539119126,67127.79865947884,0.2459096,10.260480000000015,3297.8115,,,,,,,,,,,,,,,,,,,,,,,,,,,,,,,,,,,,,,,,,,,,,,,,,,,,,,,,,,,,,,,,,,,,,,,,,,,,,,,,,,,,,,,,,,,,,,,,,,,,,,,,,,,,,,,,,,,,,,,,,,,,,,,,,,,,,,,,,,,,,,,,,,,,,,,,,,,,
H0_15ft_32kHz_epoch_170,H0,15FT,True,0,False,0.19775320175,True,VALID,False,,,,,,,,,,,,,,,,,15.144787001255184,2197.98065304575,15.546900673865672,3160.8196152696746,49.79469854043201,0.9944745025866912,54.35967071978515,7.036384699714728,5.02912,4.63744,203.30866463831313,0.09595015740100245,1.2909109049864715,11681520.63015602,31991.264496220567,22.565242712515115,8.39808,3.36896,0.19727119741450813,24,12.412631545049187,162.74625833833124,32031.49341270371,0.00021003676916351896,12.812800000000014,6347.703084703126,15.635384,179.74562,15.460481,3203.6562,49.398224,0.9839151839340019,55.34406,7.107433795928955,5.15712,3.88096,207.21582,0.09699223,1.347103,3222.355,31991.264496220567,22.79023,8.41472,3.2575999999999996,0.202697662782794,4358,12.367512,162.74625833833124,64140.979028912574,0.22355928,12.698879999999996,6485.367,,,,,,,,,,,,,,,,,,,,,,,,,,,,,,,,,,,,,,,,,,,,,,,,,,,,,,,,,,,,,,,,,,,,,,,,,,,,,,,,,,,,,,,,,,,,,,,,,,,,,,,,,,,,,,,,,,,,,,,,,,,,,,,,,,,,,,,,,,,,,,,,,,,,,,,,,,,,
H0_15ft_32kHz_epoch_171,H0,15FT,True,0,False,0.31000280175,True,VALID,False,,,,,,,,,,,,,,,,,17.455087435117843,2191.3956482199924,17.29456018537808,2035.110945357287,52.739832825255085,0.9935301185137085,48.5487605908917,6.564201124569837,5.42592,3.01184,117.67347209420043,0.05846307298691558,1.093679986599433,12075438.40245371,32111.347145409338,25.430946132866666,9.0752,3.64928,0.18717391249120505,26,14.465617066709589,55.63847277669629,31985.960554632413,0.00021207400219630014,14.855679999999982,3858.773978484622,18.093052,170.31862,3.726574,1736.9294,43.564312,0.9800606372380962,50.627632,6.683323860168457,3.21024,2.71744,466.09283,0.059116013,1.1523414,2759.2275,32111.347145409338,25.776537,6.86976,3.6595199999999997,0.45835795434560866,2771,14.900703,55.63847277669629,67836.75603988623,0.25259304,10.672640000000012,3987.0466,,,,,,,,,,,,,,,,,,,,,,,,,,,,,,,,,,,,,,,,,,,,,,,,,,,,,,,,,,,,,,,,,,,,,,,,,,,,,,,,,,,,,,,,,,,,,,,,,,,,,,,,,,,,,,,,,,,,,,,,,,,,,,,,,,,,,,,,,,,,,,,,,,,,,,,,,,,,
H0_15ft_32kHz_epoch_172,H0,15FT,True,0,False,0.45006680175,True,VALID,False,,,,,,,,,,,,,,,,,16.98746815890253,575.8787583670311,2.138749677414828,2085.856778702091,53.219226930122964,0.9924713353094866,50.351959111639395,6.733298023017652,1.64096,0.52224,975.2692429266036,0.0330263716553577,1.0727046993702825,1470731.560518366,32101.80912150476,30.157952815981876,4.81792,3.17696,0.6678045631171818,14,22.285504151728098,46.10044887211916,32094.863049133866,0.0012688093128429049,7.366399999999995,3919.36692624411,18.746105,167.91545,1.3124542,1667.4666,41.082336,0.9740105974558088,53.35274,6.886336803436279,1.58208,0.44032,1270.495,0.03460787,1.2046355,2755.352,32101.80912150476,30.789444,4.1433599999999995,2.56128,0.7729270480637968,1807,21.571266,46.10044887211916,67687.54900495321,0.2515999,6.369280000000033,4058.8406,,,,,,,,,,,,,,,,,,,,,,,,,,,,,,,,,,,,,,,,,,,,,,,,,,,,,,,,,,,,,,,,,,,,,,,,,,,,,,,,,,,,,,,,,,,,,,,,,,,,,,,,,,,,,,,,,,,,,,,,,,,,,,,,,,,,,,,,,,,,,,,,,,,,,,,,,,,,
H0_15ft_32kHz_epoch_173,H0,15FT,True,0,False,0.40551768175,True,VALID,False,,,,,,,,,,,,,,,,,15.288357916070773,1782.2171298841859,22.075172155382603,2226.04956928099,42.913978137014084,0.9945781247228455,62.04298647410286,7.429294525637373,4.09984,3.8092799999999998,100.83951117617913,0.06628108149830264,1.1780227205472389,6128146.0749779325,32098.56972149859,24.992266650690848,8.855039999999999,4.7552,0.1720652291533011,25,13.880414727992552,164.5346787596318,31996.724361451325,0.0003159831149466883,13.779199999999992,5187.236573998575,15.805124,163.1319,22.013294,2307.2769,43.262722,0.9795307958221358,63.564888,7.524737358093262,4.122879999999999,3.56224,104.81288,0.06692231,1.2348543,2685.6316,32098.56972149859,25.283594,8.76416,4.64128,0.18509462665666157,4429,13.99057,164.5346787596318,64179.03277028962,0.22462526,13.768959999999996,5333.1753,,,,,,,,,,,,,,,,,,,,,,,,,,,,,,,,,,,,,,,,,,,,,,,,,,,,,,,,,,,,,,,,,,,,,,,,,,,,,,,,,,,,,,,,,,,,,,,,,,,,,,,,,,,,,,,,,,,,,,,,,,,,,,,,,,,,,,,,,,,,,,,,,,,,,,,,,,,,
H0_15ft_32kHz_epoch_174,H0,15FT,True,0,False,0.47138136175,True,VALID,False,,,,,,,,,,,,,,,,,18.885854704880213,117.3479381286296,66.5563683503941,1977.6306537923192,47.142876463909765,0.9756376307861603,54.04337493794485,6.7950738572733576,5.48352,2.1056,29.71362024102918,0.05398608858706362,1.2337999933669308,748719.1433219748,32090.68142694942,27.176486098146597,15.187199999999999,9.703679999999999,0.07516295356509313,35,12.797648723913248,55.63847277669993,32132.41896433427,0.0028111163790276255,25.697279999999935,4194.972394835193,19.607765,102.65627,44.480507,2011.868,46.55715,0.9647663437552012,55.49931,6.895777225494385,3.1974400000000003,1.63712,45.23033,0.05481582,1.3001044,2530.075,32090.68142694942,27.378664,12.903680000000001,9.70624,0.08926497304344207,6524,13.448463,55.63847277669993,67569.1504600018,0.24893937,21.987840000000038,4321.2866,,,,,,,,,,,,,,,,,,,,,,,,,,,,,,,,,,,,,,,,,,,,,,,,,,,,,,,,,,,,,,,,,,,,,,,,,,,,,,,,,,,,,,,,,,,,,,,,,,,,,,,,,,,,,,,,,,,,,,,,,,,,,,,,,,,,,,,,,,,,,,,,,,,,,,,,,,,,
H0_15ft_32kHz_epoch_175,H0,15FT,True,0,False,0.42265944175000003,True,VALID,False,,,,,,,,,,,,,,,,,15.410676674823304,1394.059900640718,9.422589732850744,1853.665961045448,55.29381320273568,0.993145023939666,47.258951477508,6.501686101397428,5.1968,3.4828799999999998,196.7257424550619,0.043799993785131795,0.9546055909364067,3955919.63867462,32134.338129924596,26.73589247326582,8.805119999999999,3.60832,0.3433984698869211,22,16.704825729061316,75.11365769461554,31989.900796547852,0.0004933969729971362,13.26976000000002,3352.393068368962,16.385084,144.01186,5.0187283,1728.4414,49.688564,0.9745330016814103,48.80005,6.610921382904053,3.232,3.44576,344.3983,0.045068387,1.0338861,2301.8982,32134.338129924596,27.149628,6.731520000000001,3.49952,0.3570468928087777,3434,17.31737,75.11365769461554,66570.3541687157,0.24134976,13.282559999999998,3478.5498,,,,,,,,,,,,,,,,,,,,,,,,,,,,,,,,,,,,,,,,,,,,,,,,,,,,,,,,,,,,,,,,,,,,,,,,,,,,,,,,,,,,,,,,,,,,,,,,,,,,,,,,,,,,,,,,,,,,,,,,,,,,,,,,,,,,,,,,,,,,,,,,,,,,,,,,,,,,
H0_15ft_32kHz_epoch_176,H0,15FT,True,0,False,0.45610584175,True,VALID,False,,,,,,,,,,,,,,,,,18.043276645661706,339.2174374848625,17.86502957366926,2383.2438357835563,60.553186317646954,0.9901103895081912,62.344263141095965,7.247087805620472,5.431039999999999,3.1321600000000003,133.4027366679741,0.044156441785217285,1.2110329078172946,913027.681375642,32100.35814191989,28.742528187628093,9.08416,3.6531200000000004,0.14806190017807463,30,17.584857085710098,51.86419221770848,32159.80207746334,0.002113101160463321,18.785280000000014,3935.786010139237,18.655474,166.87927,6.783084,2231.2273,54.988224,0.9738681691024259,63.58535,7.336956977844238,3.21536,3.15776,328.93994,0.04497246,1.2713591,2904.0002,32100.35814191989,28.906288,6.8902399999999995,3.6748800000000004,0.29560342760709324,3656,18.341204,51.86419221770848,66334.890595625,0.24322772,12.258559999999974,4057.6458,,,,,,,,,,,,,,,,,,,,,,,,,,,,,,,,,,,,,,,,,,,,,,,,,,,,,,,,,,,,,,,,,,,,,,,,,,,,,,,,,,,,,,,,,,,,,,,,,,,,,,,,,,,,,,,,,,,,,,,,,,,,,,,,,,,,,,,,,,,,,,,,,,,,,,,,,,,,
H0_15ft_32kHz_epoch_177,H0,15FT,False,0,False,0.09395544175000001,False,TOO_EARLY,False,,,,,,,,,,,,,,,,,17.087605508738008,1864.0079159250668,19.30865943761082,2803.4169715412418,63.54879759066828,0.9939453210463399,65.14054600642375,7.4975803933490885,5.30816,3.36896,145.18962233486857,0.09492148939766862,1.1779611234847545,7176558.887041098,32098.878145050436,21.874656606094337,8.83328,3.5251200000000003,0.16860467914101382,23,11.77232145539444,132.97385282952382,32010.352532142962,0.000267362074161754,18.72512000000001,4411.439834941647,17.473383,166.92706,13.69058,2802.3477,61.614372,0.9732356327085437,66.67848,7.599277019500732,5.20064,3.2793599999999996,204.69167,0.09615724,1.2230849,2861.5293,32098.878145050436,22.018726,8.43008,3.2294400000000003,0.3132655229347426,3613,11.862886,132.97385282952382,67094.70669802614,0.24504402,12.855039999999999,4548.2046,,,,,,,,,,,,,,,,,,,,,,,,,,,,,,,,,,,,,,,,,,,,,,,,,,,,,,,,,,,,,,,,,,,,,,,,,,,,,,,,,,,,,,,,,,,,,,,,,,,,,,,,,,,,,,,,,,,,,,,,,,,,,,,,,,,,,,,,,,,,,,,,,,,,,,,,,,,,
H0_15ft_32kHz_epoch_178,H0,15FT,True,0,False,0.18669528175,True,VALID,False,,,,,,,,,,,,,,,,,18.366749516766287,2375.3446641588243,15.630382951702272,2730.145421767638,56.54102582746864,0.9941591701513713,72.98480594079216,7.944831291487348,5.09696,3.30496,174.66913192096428,0.07896854643074597,1.2873211877397666,6637957.521731616,32111.347145409338,24.234891638155595,8.3008,3.20384,0.21420418424293616,27,13.521078716569843,151.0187118224676,32015.76764354425,0.00034761866569926666,12.712959999999995,4828.6096366529455,18.887836,191.90643,15.282379,2776.238,55.881332,0.9785029637996071,74.37268,8.034346580505371,5.08416,3.24864,181.66269,0.08015749,1.3428292,2857.6575,32111.347145409338,24.38863,8.256,3.17184,0.2244296179810711,4315,13.484421,151.0187118224676,66681.2865922704,0.24281023,12.715520000000009,4968.0957,,,,,,,,,,,,,,,,,,,,,,,,,,,,,,,,,,,,,,,,,,,,,,,,,,,,,,,,,,,,,,,,,,,,,,,,,,,,,,,,,,,,,,,,,,,,,,,,,,,,,,,,,,,,,,,,,,,,,,,,,,,,,,,,,,,,,,,,,,,,,,,,,,,,,,,,,,,,
H0_15ft_32kHz_epoch_179,H0,15FT,True,0,False,0.23323608175,True,VALID,False,,,,,,,,,,,,,,,,,19.211635866258714,2103.3725656459665,22.025059628249696,2564.7146189088653,55.451160302199845,0.9941037936098566,74.24670296966376,7.824657863594233,3.1462399999999997,3.17952,116.44529741100534,0.07150309541501002,1.397826755115706,5222618.708429011,32103.934982762486,25.819623092624326,8.990720000000001,5.84448,0.12107387341317141,27,13.765083961534357,69.74839643071391,31992.626882298176,0.00043823854384550745,14.097920000000014,4625.177552519245,19.268562,183.831,21.735868,2741.0837,57.683926,0.9821018654893569,75.62975,7.919338226318359,3.232,2.80576,126.10878,0.06984182,1.4210454,2833.3804,32103.934982762486,26.120808,8.992,5.760000000000001,0.22075581726513102,4269,14.265547,69.74839643071391,65752.32337446776,0.23315291,13.505280000000008,4751.9023,,,,,,,,,,,,,,,,,,,,,,,,,,,,,,,,,,,,,,,,,,,,,,,,,,,,,,,,,,,,,,,,,,,,,,,,,,,,,,,,,,,,,,,,,,,,,,,,,,,,,,,,,,,,,,,,,,,,,,,,,,,,,,,,,,,,,,,,,,,,,,,,,,,,,,,,,,,,
H0_15ft_32kHz_epoch_18,H0,15FT,False,0,False,0.00402008175,False,TOO_EARLY,False,,,,,,,,,,,,,,,,,18.00317622327042,14.839717306423548,21.612473961617173,1102.2715221225876,5.991686780952797,0.45447738823650596,33.52402910294657,5.4747281178455935,4.59392,1.74976,51.00163563310768,0.04858687005011469,0.9917741227829908,81562043.96415359,32054.465000359618,26.196704607855818,14.4128,9.81888,0.16124252954972948,24,11.413271442210213,23.455743929178425,32046.099185219355,7.143012197454263e-05,24.303359999999998,18396.681308953514,18.290009,15.139756,17.30605,1058.9753,5.487788,0.4547969641294548,35.1341,5.5928826332092285,1.29792,1.24416,61.19105,0.05062345,1.0319347,5175.7314,32054.465000359618,26.1716,11.21024,9.912320000000001,0.16772724783792425,4498,11.969066,23.455743929178425,72102.42451811643,0.2790673,24.24192000000003,19296.943,,,,,,,,,,,,,,,,,,,,,,,,,,,,,,,,,,,,,,,,,,,,,,,,,,,,,,,,,,,,,,,,,,,,,,,,,,,,,,,,,,,,,,,,,,,,,,,,,,,,,,,,,,,,,,,,,,,,,,,,,,,,,,,,,,,,,,,,,,,,,,,,,,,,,,,,,,,,
H0_15ft_32kHz_epoch_180,H0,15FT,True,0,False,0.34100824175000005,True,VALID,False,,,,,,,,,,,,,,,,,20.8958800014508,2251.32004606647,10.922248213741199,1882.4004624857112,51.906735736552974,0.994431029781493,84.64274121851084,8.47083768139929,3.17952,3.20896,172.34551217361872,0.05312581531425991,1.2692535381056071,3710589.777533214,32106.57813345705,27.546784503455306,6.41408,3.23456,0.21814966463025867,24,16.465736420282454,73.1248499350877,32010.986471703272,0.0005606569279949066,12.82175999999996,3626.5051842974276,21.330349,182.64989,10.895892,1922.2052,51.08653,0.9780033612306531,85.92454,8.551178932189941,3.1808,2.24128,176.41559,0.0543283,1.3197396,2382.6714,32106.57813345705,27.627426,6.36672,3.18592,0.22868072144523177,3162,16.392845,73.1248499350877,68399.38116435586,0.25209746,12.711680000000003,3762.6462,,,,,,,,,,,,,,,,,,,,,,,,,,,,,,,,,,,,,,,,,,,,,,,,,,,,,,,,,,,,,,,,,,,,,,,,,,,,,,,,,,,,,,,,,,,,,,,,,,,,,,,,,,,,,,,,,,,,,,,,,,,,,,,,,,,,,,,,,,,,,,,,,,,,,,,,,,,,
H0_15ft_32kHz_epoch_181,H0,15FT,True,0,False,0.14741336175,True,VALID,False,,,,,,,,,,,,,,,,,18.35358269046439,1896.9985815664984,28.793412948229932,1698.4671301038347,52.047612307870715,0.992680476385553,50.86930484183197,6.505260841473877,3.15648,1.4374399999999998,58.988044701570125,0.07821544539834711,1.1216925061723997,20302302.581734646,32105.723403183787,23.100576950191627,9.66272,6.50624,0.11695067701416802,33,10.890412924132525,37.55682884730777,31976.774767899573,0.00013382878364653967,15.467519999999984,3263.2950000800283,18.77689,158.25949,2.6801913,1317.901,38.993153,0.9757135550292734,52.150158,6.596127510070801,3.1744,1.4246400000000001,491.719,0.0782045,1.1678735,2778.1812,32105.723403183787,23.360565,4.672,1.4976,0.4076204779646647,2263,12.936276,37.55682884730777,68628.1313344732,0.25781053,11.569919999999984,3379.8267,,,,,,,,,,,,,,,,,,,,,,,,,,,,,,,,,,,,,,,,,,,,,,,,,,,,,,,,,,,,,,,,,,,,,,,,,,,,,,,,,,,,,,,,,,,,,,,,,,,,,,,,,,,,,,,,,,,,,,,,,,,,,,,,,,,,,,,,,,,,,,,,,,,,,,,,,,,,
H0_15ft_32kHz_epoch_182,H0,15FT,True,0,False,0.26931928175000003,True,VALID,False,,,,,,,,,,,,,,,,,16.682252379511272,2500.371143541405,51.4676357469708,3329.206302237496,67.22035383703277,0.9947957032473878,64.27769469017427,7.477423051146529,6.05696,3.88608,64.68543296994741,0.05987229292931004,1.297223074825378,6669320.723551193,32102.035484233296,26.710948770437433,11.746559999999999,5.6896,0.14420660039080577,26,15.276519004164708,148.79716946578264,32014.99663236112,0.000330411346333187,18.670080000000034,4952.675956316248,17.082785,190.37183,20.211111,3285.948,64.80742,0.9856314391296672,65.15588,7.544204235076904,5.20448,3.86304,162.58127,0.0605469,1.3440539,2809.293,32102.035484233296,26.85856,8.42496,3.22048,0.2756207659226939,3448,16.570261,148.79716946578264,64520.8580878851,0.22753732,12.677119999999986,5070.3267,,,,,,,,,,,,,,,,,,,,,,,,,,,,,,,,,,,,,,,,,,,,,,,,,,,,,,,,,,,,,,,,,,,,,,,,,,,,,,,,,,,,,,,,,,,,,,,,,,,,,,,,,,,,,,,,,,,,,,,,,,,,,,,,,,,,,,,,,,,,,,,,,,,,,,,,,,,,
H0_15ft_32kHz_epoch_183,H0,15FT,True,0,False,0.39076952175,True,VALID,False,,,,,,,,,,,,,,,,,20.236498190541557,2050.972970237554,16.619067809479247,1977.2623360212906,48.46770818579142,0.9939442689623482,77.33098926683778,7.898316894629404,3.06176,2.0851200000000003,118.97552610573202,0.056272376400779624,1.3828213141769021,6906411.458054863,32103.934982762486,27.788659024910952,8.79232,5.73056,0.16384084729767937,22,14.807418210089496,37.55682884730777,32008.195640146285,0.0003859015351773988,14.224640000000011,4079.5457636284264,20.140095,181.81633,17.479368,2110.2852,50.176376,0.9775755771713049,79.002625,8.003278732299805,3.15776,2.02624,120.73006,0.05591038,1.3973567,3156.2263,32103.934982762486,27.90178,8.86272,5.70496,0.19356919599402075,3941,15.126507,37.55682884730777,67637.35759650741,0.24671006,13.372160000000022,4205.7344,,,,,,,,,,,,,,,,,,,,,,,,,,,,,,,,,,,,,,,,,,,,,,,,,,,,,,,,,,,,,,,,,,,,,,,,,,,,,,,,,,,,,,,,,,,,,,,,,,,,,,,,,,,,,,,,,,,,,,,,,,,,,,,,,,,,,,,,,,,,,,,,,,,,,,,,,,,,
H0_15ft_32kHz_epoch_184,H0,15FT,True,0,False,0.40537944175,True,VALID,False,,,,,,,,,,,,,,,,,17.589295369793984,2104.4411848061163,63.61603223179474,2248.941058672595,48.97434734667977,0.9937059835151181,60.216273432335015,7.231019481580784,6.394880000000001,3.86944,35.35179701984356,0.05970018653281808,1.1701882937812227,11313212.526370317,32077.81855894271,25.838910563200898,16.1472,9.75232,0.10636017324914276,25,12.215651827564368,126.50407319019723,32022.282430841904,0.00020053864572469902,26.56255999999996,4592.079691747058,18.067152,190.11317,47.813168,2306.502,48.92006,0.9796676050192747,61.662056,7.321094512939453,5.205760000000001,2.80064,48.23989,0.060165826,1.2179397,2610.7234,32077.81855894271,26.114471,14.9376,9.73184,0.12152740495843178,5594,12.604242,126.50407319019723,67254.51921466933,0.25004715,26.736640000000033,4714.839,,,,,,,,,,,,,,,,,,,,,,,,,,,,,,,,,,,,,,,,,,,,,,,,,,,,,,,,,,,,,,,,,,,,,,,,,,,,,,,,,,,,,,,,,,,,,,,,,,,,,,,,,,,,,,,,,,,,,,,,,,,,,,,,,,,,,,,,,,,,,,,,,,,,,,,,,,,,
H0_15ft_32kHz_epoch_185,H0,15FT,True,0,False,0.31437656175,True,VALID,False,,,,,,,,,,,,,,,,,17.7193675962579,2015.8796887365634,5.022259145674946,1353.081326347425,40.46717075742375,0.9931391775554409,55.79570339013172,6.88057917703344,5.118720000000001,2.76352,269.416867409593,0.05810747320602241,1.0334805625440389,2252927.7443886185,32108.167804107812,24.996563201430533,7.1052800000000005,1.98656,0.30901413764156266,21,13.806795245020789,136.7116759656019,32067.86197394298,0.0008355668011068798,11.769599999999992,3343.651906030915,17.944193,147.56209,4.802337,1336.7432,38.549873,0.9772681861032557,57.68974,7.002034664154053,4.99712,2.17728,278.35263,0.0598533,1.0658107,2204.7769,32108.167804107812,24.942043,7.03488,2.03776,0.32996080382360693,3766,13.553582,5899.26778498089,70090.86470684274,0.2648834,11.767040000000007,3467.568,,,,,,,,,,,,,,,,,,,,,,,,,,,,,,,,,,,,,,,,,,,,,,,,,,,,,,,,,,,,,,,,,,,,,,,,,,,,,,,,,,,,,,,,,,,,,,,,,,,,,,,,,,,,,,,,,,,,,,,,,,,,,,,,,,,,,,,,,,,,,,,,,,,,,,,,,,,,
H0_15ft_32kHz_epoch_186,H0,15FT,True,0,False,0.31318744175,True,VALID,False,,,,,,,,,,,,,,,,,17.85774044368521,1435.363133596792,44.16017641899373,1474.2907072134194,46.80681223821108,0.9936656126451242,56.70926170059415,7.023154076314289,5.84448,2.1568,33.385072858877805,0.05706676583577578,1.0108974566822824,1826301.3813722564,32050.93966068035,24.95401544137737,13.86112,8.01664,0.10369222852212402,28,11.439371548745532,90.61122709348274,32091.536936429296,0.0009114956475318031,21.497600000000006,3149.7353413224423,17.719454,132.60048,39.296124,1482.231,45.129578,0.9757778698253577,58.898937,7.15533971786499,5.04576,2.1952,37.71952,0.058756445,1.0242859,2022.0216,32052.529331331112,24.768885,13.11616,8.0704,0.12403646658014768,6175,11.451471,90.61122709348274,70053.67051832011,0.2631573,21.52959999999998,3284.3892,,,,,,,,,,,,,,,,,,,,,,,,,,,,,,,,,,,,,,,,,,,,,,,,,,,,,,,,,,,,,,,,,,,,,,,,,,,,,,,,,,,,,,,,,,,,,,,,,,,,,,,,,,,,,,,,,,,,,,,,,,,,,,,,,,,,,,,,,,,,,,,,,,,,,,,,,,,,
H0_15ft_32kHz_epoch_187,H0,15FT,True,0,False,0.29460440175,True,VALID,False,,,,,,,,,,,,,,,,,14.08167816028862,1437.1147840014078,29.775655958370397,1755.6739612640547,41.61442008047164,0.9935417503605303,43.46023437742448,6.315738111442048,4.44672,5.0688,58.96340163641399,0.07113672161236176,0.9785414407783327,4503837.289025403,32077.108676442982,22.745616375539658,14.34496,9.898240000000001,0.123659634513924,31,10.134498822737093,162.74625833833124,32057.008734676885,0.0004748616724292409,25.38879999999999,4218.907671593138,15.005462,137.56802,7.6438737,1838.8788,42.33882,0.9815034744031743,44.9696,6.423495769500732,4.71936,2.39872,240.56897,0.06835645,1.0579895,2529.3542,32077.108676442982,23.687206,6.7072,1.9878399999999998,0.3043740047249263,3583,13.980282,5964.382105036646,66898.51612146724,0.24147351,10.099199999999975,4343.245,,,,,,,,,,,,,,,,,,,,,,,,,,,,,,,,,,,,,,,,,,,,,,,,,,,,,,,,,,,,,,,,,,,,,,,,,,,,,,,,,,,,,,,,,,,,,,,,,,,,,,,,,,,,,,,,,,,,,,,,,,,,,,,,,,,,,,,,,,,,,,,,,,,,,,,,,,,,
H0_15ft_32kHz_epoch_188,H0,15FT,True,0,False,0.42146264175000003,True,VALID,False,,,,,,,,,,,,,,,,,14.049124299254602,1162.1239225513834,125.18992643879278,1131.916505964864,43.62987911455823,0.9927904330834533,38.47414370841887,5.895037607347268,11.768320000000001,3.3164800000000003,9.041594145402392,0.046482703458441375,0.7655776468001653,10118309.488375535,32052.070790544778,24.320500697805024,21.404159999999997,9.63584,0.07573276375137367,30,10.185009579705342,67.95997600941337,32033.45238711214,0.00019408185242911457,36.54016000000004,2594.3608575966173,15.845183,118.87135,15.423374,1140.5951,42.100193,0.9710211238262845,40.351383,6.017169952392578,3.40096,2.18112,73.95237,0.04700542,0.8823601,2090.7012,32052.070790544778,25.39767,11.11296,7.712,0.231766311260829,4704,12.970773,67.95997600941337,69421.56213251644,0.26236117,17.04447999999997,2709.2395,,,,,,,,,,,,,,,,,,,,,,,,,,,,,,,,,,,,,,,,,,,,,,,,,,,,,,,,,,,,,,,,,,,,,,,,,,,,,,,,,,,,,,,,,,,,,,,,,,,,,,,,,,,,,,,,,,,,,,,,,,,,,,,,,,,,,,,,,,,,,,,,,,,,,,,,,,,,
H0_15ft_32kHz_epoch_189,H0,15FT,True,0,False,0.29944280175000004,True,VALID,False,,,,,,,,,,,,,,,,,16.482747802462043,2085.963913756567,73.7962486030407,1260.4300256770766,24.731679121045374,0.9939871133700348,46.06808120743222,6.43538799205416,3.44064,4.13824,17.07986584046716,0.08852088235522804,1.1868770929383283,6009062.362220074,32049.349990029586,22.531560687367808,16.087040000000002,12.6464,0.05391979869207834,34,6.307830580694002,128.76332271179126,32028.61275324034,0.0004462911858418552,25.194240000000036,5096.419129118052,16.204432,162.00041,12.461785,1123.7686,21.552282,0.9814352711423818,47.245476,6.5164642333984375,3.37152,4.05376,90.17717,0.0903037,1.1802367,3174.549,32049.349990029586,22.299973,8.62848,5.256959999999999,0.18305062914226017,4112,8.336689,128.76332271179126,67201.98068949571,0.24422161,16.728320000000018,5214.151,,,,,,,,,,,,,,,,,,,,,,,,,,,,,,,,,,,,,,,,,,,,,,,,,,,,,,,,,,,,,,,,,,,,,,,,,,,,,,,,,,,,,,,,,,,,,,,,,,,,,,,,,,,,,,,,,,,,,,,,,,,,,,,,,,,,,,,,,,,,,,,,,,,,,,,,,,,,
H0_15ft_32kHz_epoch_19,H0,15FT,True,0,False,0.28714456175,True,VALID,False,,,,,,,,,,,,,,,,,16.669763733918977,1403.909274870795,10.9998268318044,1446.0372027717706,51.89995024640173,0.9927195611695568,45.207723826313845,6.148454655113256,7.65056,1.2569599999999999,131.45999704192292,0.05110982121732114,0.9413703270765378,3499571.115678542,31941.188724424155,25.28569126460175,11.087359999999999,3.4368,0.22812144680901728,28,13.284393625180035,46.498930953810486,32051.8064563292,0.0005306014164760469,17.32223999999999,2786.201520245145,17.184216,136.70567,10.107335,1555.0038,53.449642,0.9789029988067398,47.04147,6.279292106628418,7.04512,1.2083199999999998,153.84904,0.050554186,0.9916261,2006.5391,31942.977144845456,25.739964,10.324480000000001,3.2793599999999996,0.2347164180450179,4517,14.002483,46.498930953810486,68158.32945799113,0.25284272,17.492480000000032,2909.2876,,,,,,,,,,,,,,,,,,,,,,,,,,,,,,,,,,,,,,,,,,,,,,,,,,,,,,,,,,,,,,,,,,,,,,,,,,,,,,,,,,,,,,,,,,,,,,,,,,,,,,,,,,,,,,,,,,,,,,,,,,,,,,,,,,,,,,,,,,,,,,,,,,,,,,,,,,,,
H0_15ft_32kHz_epoch_190,H0,15FT,True,0,False,0.27343064175000004,True,VALID,False,,,,,,,,,,,,,,,,,14.922741876812825,2054.39265225443,9.663429998188851,1642.1963167872457,40.613800268771314,0.9941948722789918,47.34248520913381,6.513814889332077,4.55424,2.976,169.9392779886712,0.07073704244028892,1.0151942451660998,11070534.660046373,32077.108676442982,23.133285272651523,6.76224,2.2079999999999997,0.22587180209687152,21,13.166377546334726,209.2451892921381,32001.127937058933,0.0001646069927492067,12.689920000000022,4043.444114856495,16.076572,148.46725,8.540123,1915.1986,45.959385,0.9818871101598192,48.91736,6.620112419128418,4.957439999999999,2.67776,224.25891,0.06711093,1.1102948,2253.2866,32077.108676442982,24.237606,6.752,1.79456,0.37694627278923337,2895,14.294106,5982.266309249655,66733.88191498915,0.24111705,10.234880000000002,4167.155,,,,,,,,,,,,,,,,,,,,,,,,,,,,,,,,,,,,,,,,,,,,,,,,,,,,,,,,,,,,,,,,,,,,,,,,,,,,,,,,,,,,,,,,,,,,,,,,,,,,,,,,,,,,,,,,,,,,,,,,,,,,,,,,,,,,,,,,,,,,,,,,,,,,,,,,,,,,
H0_15ft_32kHz_epoch_191,H0,15FT,True,0,False,0.25967448175,True,VALID,False,,,,,,,,,,,,,,,,,19.25051045966423,20.857418129407833,7.945206151383825,1156.2765990922398,3.120403982725998,0.3532636580100082,47.300955058493194,6.40270678298285,5.706239999999999,1.65504,145.53135275036954,0.05692315237101411,1.181911689980983,34113392.00684212,31907.98689313455,26.3251942834272,8.06272,2.3564800000000004,0.1939306579277582,27,12.753478088511462,158.1531144420478,32033.091444924306,0.0001844035182686823,16.074240000000017,37055.349419279635,19.857986,21.504528,3.7206686,1340.5461,3.4937854,0.3533815434145498,49.025364,6.5175557136535645,1.64352,1.6396799999999998,360.29712,0.05205899,1.2406384,6078.93,31907.98689313455,27.492609,3.40224,1.75872,0.3378651272110953,1665,17.93543,158.1531144420478,72692.95835257656,0.28356633,8.752639999999978,38369.445,,,,,,,,,,,,,,,,,,,,,,,,,,,,,,,,,,,,,,,,,,,,,,,,,,,,,,,,,,,,,,,,,,,,,,,,,,,,,,,,,,,,,,,,,,,,,,,,,,,,,,,,,,,,,,,,,,,,,,,,,,,,,,,,,,,,,,,,,,,,,,,,,,,,,,,,,,,,
H0_15ft_32kHz_epoch_192,H0,15FT,False,0,False,0.03018072175,False,TOO_EARLY,False,,,,,,,,,,,,,,,,,16.024498090218266,6.168893872246672,30.087673335991774,2089.3299775370824,35.39751779109486,0.8076009177245155,36.382174336281516,5.481171977618784,3.7824,2.90304,69.44139396231594,0.17390874369230444,1.2417812977763312,28603519.28512594,31880.844901048724,17.06851617613434,10.64064,6.8582399999999994,0.10435282188809356,33,4.418848298246282,95.3802390457713,31991.343900790333,8.49050169551877e-05,17.93024,5902.475958533653,16.739803,6.482485,6.1123395,1811.2891,29.746649,0.8074257544203594,37.820385,5.593968868255615,3.7222399999999998,2.82496,296.3332,0.17868716,1.3175551,3627.0583,31880.844901048724,17.26645,7.28448,3.56224,0.3816552759826258,3170,5.219057,95.3802390457713,62311.131971811614,0.21281424,11.159040000000003,6089.0527,,,,,,,,,,,,,,,,,,,,,,,,,,,,,,,,,,,,,,,,,,,,,,,,,,,,,,,,,,,,,,,,,,,,,,,,,,,,,,,,,,,,,,,,,,,,,,,,,,,,,,,,,,,,,,,,,,,,,,,,,,,,,,,,,,,,,,,,,,,,,,,,,,,,,,,,,,,,
H0_15ft_32kHz_epoch_193,H0,15FT,False,0,False,0.48888536175,False,TOO_LATE,False,,,,,,,,,,,,,,,,,18.34168723372538,35.9795538829779,9.495881534502761,978.0581969530147,30.575510120139686,0.9270388675022161,48.64206662809154,6.357256475848985,1.8688,1.6128,102.99814644889415,0.05168189560365235,1.1098379579405022,162861.65532762333,32059.22447222998,26.603090190135372,6.9657599999999995,5.09696,0.2102602673518146,24,13.507952864116454,171.68836044483032,32826.218652250456,0.011265802193863196,12.213759999999962,3198.828713273863,17.698843,34.131096,9.034869,904.559,27.222946,0.9221512731941862,50.63676,6.504660129547119,1.8496000000000001,1.42976,100.11866,0.05406913,1.0914923,2329.6316,32059.22447222998,26.049986,7.104,5.2544,0.23794363998387524,3491,12.689919,171.68836044483032,67363.31733961495,0.24675363,12.23296000000007,3322.7815,,,,,,,,,,,,,,,,,,,,,,,,,,,,,,,,,,,,,,,,,,,,,,,,,,,,,,,,,,,,,,,,,,,,,,,,,,,,,,,,,,,,,,,,,,,,,,,,,,,,,,,,,,,,,,,,,,,,,,,,,,,,,,,,,,,,,,,,,,,,,,,,,,,,,,,,,,,,
H0_15ft_32kHz_epoch_194,H0,15FT,True,0,False,0.12056664175000001,True,VALID,False,,,,,,,,,,,,,,,,,16.061453389905665,1310.6627583475233,3.7324471282920357,894.2709119278288,36.00400423538847,0.993379616659202,50.40861382466211,6.651410056534137,3.1616,2.34624,239.59372529321618,0.08064284379224067,0.8563844835918115,4953857.532958217,31910.78557726205,20.5001837840966,5.46432,2.30272,0.3963083473944838,16,10.30802425103557,177.0536217087356,31992.549619901118,0.00038848897629584564,9.88159999999999,2483.809595402754,16.9506,123.1004,4.1824355,1100.6113,42.255314,0.9694576725543111,52.40337,6.781254291534424,3.4905600000000003,2.1184,263.15082,0.076019615,0.92552114,1870.0184,31910.78557726205,21.613544,5.423360000000001,1.9327999999999999,0.40891855106639324,2600,11.762284,177.0536217087356,70485.3202556408,0.26632488,8.641280000000002,2604.6697,,,,,,,,,,,,,,,,,,,,,,,,,,,,,,,,,,,,,,,,,,,,,,,,,,,,,,,,,,,,,,,,,,,,,,,,,,,,,,,,,,,,,,,,,,,,,,,,,,,,,,,,,,,,,,,,,,,,,,,,,,,,,,,,,,,,,,,,,,,,,,,,,,,,,,,,,,,,
H0_15ft_32kHz_epoch_195,H0,15FT,False,0,False,0.01604312175,False,TOO_EARLY,False,,,,,,,,,,,,,,,,,11.289827876704225,4.771930945337543,7.948899830730946,1379.1035489196572,18.13927903789845,0.7972647731982909,23.26214436034444,4.616488289718676,3.7401600000000004,5.1776,173.4961539692778,0.2791649235896256,0.9929315571071496,11770583.91001436,31958.738762936104,11.01049548457821,7.057919999999999,3.31776,0.2951819556192127,25,0.2988076556973898,170.0947596316255,32016.793782566725,0.0002477520973879058,11.848959999999998,7602.857566931265,12.192759,5.1764073,9.955846,2161.8816,27.705782,0.7974510899844792,24.260687,4.711036682128906,4.95872,5.07008,217.14696,0.24371704,1.0863663,4170.7827,31958.738762936104,12.945991,6.99904,2.04032,0.32156065756321583,3444,3.462469,170.0947596316255,61623.044438922894,0.20810333,10.54848,7802.998,,,,,,,,,,,,,,,,,,,,,,,,,,,,,,,,,,,,,,,,,,,,,,,,,,,,,,,,,,,,,,,,,,,,,,,,,,,,,,,,,,,,,,,,,,,,,,,,,,,,,,,,,,,,,,,,,,,,,,,,,,,,,,,,,,,,,,,,,,,,,,,,,,,,,,,,,,,,
H0_15ft_32kHz_epoch_196,H0,15FT,False,0,False,0.04042328175,False,TOO_EARLY,False,,,,,,,,,,,,,,,,,14.061925808963636,7.195374292430545,19.7128491730582,2352.7165841663223,32.863559460762765,0.8000897649266937,36.46656034166416,5.59573080691101,4.51072,3.87968,119.34939305373666,0.05150817298634966,1.2000956861721725,23375325.14984605,32079.55373239408,27.342639791866826,6.656,2.1452799999999996,0.17695070159110007,18,17.547318145587433,198.70883134535688,31993.693763299496,0.00011505330994249972,12.453119999999984,7159.043703027057,14.3815155,7.3534017,15.365241,1562.7966,21.236462,0.8001660397349931,37.235634,5.671878814697266,3.6569599999999998,3.91168,101.70987,0.061537266,1.2443954,3710.867,32079.55373239408,26.058922,6.64704,2.99008,0.19916775196635228,3424,14.222752,198.70883134535688,62422.76692449296,0.21358915,11.56480000000004,7359.0254,,,,,,,,,,,,,,,,,,,,,,,,,,,,,,,,,,,,,,,,,,,,,,,,,,,,,,,,,,,,,,,,,,,,,,,,,,,,,,,,,,,,,,,,,,,,,,,,,,,,,,,,,,,,,,,,,,,,,,,,,,,,,,,,,,,,,,,,,,,,,,,,,,,,,,,,,,,,
H0_15ft_32kHz_epoch_197,H0,15FT,False,0,False,0.07695192175,False,TOO_EARLY,False,,,,,,,,,,,,,,,,,13.3730237707292,253.50224352754753,13.534566426043988,816.1402180320043,25.931624833606946,0.9925542767871002,38.267035408724276,5.9287812709697665,3.3152,4.33024,60.30043315315865,0.1274937219459283,0.8026421071202728,5405273.191159837,32055.64763138738,15.974953217388727,8.2752,4.96,0.17844369306826666,29,4.126733165790192,180.63046255133668,32000.30685180375,0.00031587819455507,12.619520000000009,3147.2775935516174,13.456125,101.854744,4.4614515,2048.7012,62.755497,0.9690180262043491,39.7579,6.041890621185303,1.94048,1.6512,459.2006,0.07303874,0.8225425,1975.3524,32055.64763138738,20.959782,6.75584,4.81536,0.4878480559346022,3419,13.846094,180.63046255133668,68616.48715082227,0.25720072,14.113280000000007,3264.5764,,,,,,,,,,,,,,,,,,,,,,,,,,,,,,,,,,,,,,,,,,,,,,,,,,,,,,,,,,,,,,,,,,,,,,,,,,,,,,,,,,,,,,,,,,,,,,,,,,,,,,,,,,,,,,,,,,,,,,,,,,,,,,,,,,,,,,,,,,,,,,,,,,,,,,,,,,,,
H0_15ft_32kHz_epoch_198,H0,15FT,True,0,False,0.44178008175000005,True,VALID,False,,,,,,,,,,,,,,,,,17.38846656235708,1127.734591458876,8.073160692465402,1400.704177409359,28.153465770796387,0.99403228118377,67.19664821613364,7.767861224698967,4.03072,3.85024,173.5013374273368,0.06934804230386755,1.2041238623845403,5478569.891150136,31957.338489237758,24.76921964003964,7.71456,3.68384,0.2760732416251699,21,12.063386861282943,171.68409932955183,32055.136663429817,0.0003187072716219956,11.882239999999989,4975.245992137432,18.176508,180.25893,8.020931,1384.8463,27.137386,0.9773942223697374,68.725235,7.8570966720581055,4.01536,3.5123200000000003,172.65405,0.07068043,1.2747641,2629.0552,31957.338489237758,25.028519,7.75168,3.73632,0.2758265631744754,3438,11.824568,171.68409932955183,67604.7526169372,0.24815382,11.836159999999985,5103.0938,,,,,,,,,,,,,,,,,,,,,,,,,,,,,,,,,,,,,,,,,,,,,,,,,,,,,,,,,,,,,,,,,,,,,,,,,,,,,,,,,,,,,,,,,,,,,,,,,,,,,,,,,,,,,,,,,,,,,,,,,,,,,,,,,,,,,,,,,,,,,,,,,,,,,,,,,,,,
H0_15ft_32kHz_epoch_199,H0,15FT,False,0,False,0.00086616175,False,TOO_EARLY,False,,,,,,,,,,,,,,,,,15.462785836572134,7.189913662677382,18.659025474887066,1610.6978257967908,23.48945585373484,0.7964695727479286,33.812313333354155,5.419336947563234,3.2844800000000003,1.90336,86.32271969201938,0.05150014556211004,1.3698818025827142,2828041.560204109,31878.594009678643,28.493525166052255,9.85984,6.57536,0.125828906962219,30,14.205900893126573,92.99786190761733,32053.01110280906,0.0007856559732425438,14.999039999999964,6857.109997891523,15.407448,7.1715503,18.881823,1657.2026,23.545982,0.7967432012072714,34.516273,5.4875688552856445,3.3728,1.91616,87.76709,0.052266385,1.3828816,4100.41,31878.594009678643,28.433474,9.92896,6.55616,0.1369744903043433,4472,14.168086,92.99786190761733,60524.74010071013,0.20204759,15.00800000000002,7038.155,,,,,,,,,,,,,,,,,,,,,,,,,,,,,,,,,,,,,,,,,,,,,,,,,,,,,,,,,,,,,,,,,,,,,,,,,,,,,,,,,,,,,,,,,,,,,,,,,,,,,,,,,,,,,,,,,,,,,,,,,,,,,,,,,,,,,,,,,,,,,,,,,,,,,,,,,,,,
H0_15ft_32kHz_epoch_2,H0,15FT,True,0,False,0.36323544175,True,VALID,False,,,,,,,,,,,,,,,,,14.8545178611259,79.62064200332902,0.8557262691790282,272.3687005788495,13.32636957293035,0.9770691480594382,31.435370283112114,5.380656122350254,1.1199999999999999,0.87424,318.28951662319616,0.03720447660945786,0.7184656862991847,562318261.0525569,31908.99715684075,25.69885102873016,2.15808,1.0380800000000001,0.6647290092993083,7,15.884159423984748,312.9735737275587,32000.361308872973,2.074827623991633e-06,3.8937599999999684,2043.8327114392396,40.537117,13.281277,493.04294,94529.86,81.483116,0.8278595698989824,119.08905,9.989253997802734,5.06368,,191.72743,1e-10,14.771627,3353.3086,1.7884204213003447,207.62398,,,0.005699730986300496,17136,96.84332,137.70837244012654,38202.5050934584,0.23196799,75.52256,116011.586,,,,,,,,,,,,,,,,,,,,,,,,,,,,,,,,,,,,,,,,,,,,,,,,,,,,,,,,,,,,,,,,,,,,,,,,,,,,,,,,,,,,,,,,,,,,,,,,,,,,,,,,,,,,,,,,,,,,,,,,,,,,,,,,,,,,,,,,,,,,,,,,,,,,,,,,,,,,
H0_15ft_32kHz_epoch_20,H0,15FT,True,0,False,0.28341208175000004,True,VALID,False,,,,,,,,,,,,,,,,,18.65211261027328,1464.2500612143124,4.071587817821192,837.8732485492171,39.48192605696324,0.9921034833908517,54.6317500277531,6.822388938874837,3.7696,0.91136,205.78538055386383,0.048522412638285745,0.8666856217043757,2955127.7103366554,32098.629780203235,25.02513024867431,8.192,4.4224,0.4880694789837016,22,12.67528821636198,276.6026932327368,32082.84813063124,0.0004553366160426429,12.413439999999998,2122.169134657517,20.302378,130.74593,2.1002622,696.07117,30.840454,0.9720089344386111,58.883255,7.049001693725586,0.68096,0.76288,331.42108,0.04990871,0.9728749,1378.055,32098.629780203235,25.664503,4.999680000000001,4.31872,0.45695798195970966,2497,13.764901,6048.696826152598,70638.13409708257,0.26799175,11.909120000000051,2257.0068,,,,,,,,,,,,,,,,,,,,,,,,,,,,,,,,,,,,,,,,,,,,,,,,,,,,,,,,,,,,,,,,,,,,,,,,,,,,,,,,,,,,,,,,,,,,,,,,,,,,,,,,,,,,,,,,,,,,,,,,,,,,,,,,,,,,,,,,,,,,,,,,,,,,,,,,,,,,
H0_15ft_32kHz_epoch_21,H0,15FT,True,0,False,0.20795864175,True,VALID,False,,,,,,,,,,,,,,,,,19.953868764276205,1413.6760516890097,10.217428189889537,1295.2532255414826,49.94659577822297,0.9914237500540432,50.08001513671477,6.421693331145998,2.85568,1.0009599999999998,126.76900698183073,0.058683691822011094,0.9975946366535695,3259012.6501095835,31883.544446543478,24.592786741314594,10.69696,7.841280000000001,0.3124358603544536,24,11.768774489529385,189.7561097852922,32060.315475309628,0.000561997350299481,16.101119999999998,2593.276289124335,21.151575,141.20418,2.0093937,967.09607,35.491898,0.9671430880754213,53.161453,6.590633869171143,1.17632,0.78976,481.2875,0.06021577,1.0839658,1856.7933,31883.544446543478,25.0867,7.676159999999999,6.49984,0.5278842520436681,3260,11.710187,6054.123502673694,72019.43645049077,0.27547097,11.82720000000001,2724.8364,,,,,,,,,,,,,,,,,,,,,,,,,,,,,,,,,,,,,,,,,,,,,,,,,,,,,,,,,,,,,,,,,,,,,,,,,,,,,,,,,,,,,,,,,,,,,,,,,,,,,,,,,,,,,,,,,,,,,,,,,,,,,,,,,,,,,,,,,,,,,,,,,,,,,,,,,,,,
H0_15ft_32kHz_epoch_22,H0,15FT,True,0,False,0.19782104174999998,True,VALID,False,,,,,,,,,,,,,,,,,17.679871883883308,1189.574807771599,1.0462233432810994,531.6379626592926,29.292673450423994,0.990946000763536,42.134002532854296,5.971143320947653,0.7936,1.10592,508.1495897347298,0.04738266109117088,0.7817487032565883,2349215.8708618674,31883.42683920007,24.32539103899332,5.9392000000000005,5.1456,0.6426293823222693,20,12.312890181614556,489.8150781441873,32084.63215766052,0.0005002236663636762,12.42879999999999,1814.9178618299454,19.115795,114.963936,1.0689573,552.17224,28.424513,0.9678336771159677,45.26331,6.166235446929932,0.78592,0.8064,516.5522,0.04890951,0.8744653,1363.2782,31883.42683920007,24.98304,5.70368,4.91776,0.6118285801882655,2764,12.369462,6054.518337060639,71866.83026865222,0.27521273,12.453119999999984,1942.5917,,,,,,,,,,,,,,,,,,,,,,,,,,,,,,,,,,,,,,,,,,,,,,,,,,,,,,,,,,,,,,,,,,,,,,,,,,,,,,,,,,,,,,,,,,,,,,,,,,,,,,,,,,,,,,,,,,,,,,,,,,,,,,,,,,,,,,,,,,,,,,,,,,,,,,,,,,,,
H0_15ft_32kHz_epoch_23,H0,15FT,True,0,False,0.26487768175000004,True,VALID,False,,,,,,,,,,,,,,,,,14.249191135331774,1334.544403331799,1.9579447233863476,902.8172600251613,38.3699409832908,0.9917460864842832,42.569494611124384,6.17736283367115,3.0246399999999998,1.24032,461.1045701349041,0.04492196423348379,0.6971691144845874,2668674.321530466,31968.27678684068,23.810375938596206,4.26752,1.24288,0.7020214590701296,16,16.500527436825386,279.7820345342625,32070.38715605609,0.0005178216824461426,11.915520000000013,2352.928456205545,15.524927,115.03748,2.158166,978.37775,39.628662,0.9746164108932259,44.34322,6.290746688842773,5.28256,1.2121600000000001,453.3376,0.047184754,0.77807534,1479.0936,31968.27678684068,24.16067,6.2783999999999995,0.9958400000000001,0.651734365522496,2859,14.747467,6063.003862009464,70316.25256338938,0.26854396,11.778559999999993,2468.864,,,,,,,,,,,,,,,,,,,,,,,,,,,,,,,,,,,,,,,,,,,,,,,,,,,,,,,,,,,,,,,,,,,,,,,,,,,,,,,,,,,,,,,,,,,,,,,,,,,,,,,,,,,,,,,,,,,,,,,,,,,,,,,,,,,,,,,,,,,,,,,,,,,,,,,,,,,,
H0_15ft_32kHz_epoch_24,H0,15FT,True,0,False,0.20769752175,True,VALID,False,,,,,,,,,,,,,,,,,19.023471492232673,2061.76865513517,4.034146834333998,1384.8290597462112,51.319900595347654,0.99294443665222,58.776207325101474,6.8926679713356185,5.050879999999999,1.1904000000000001,343.2768108388476,0.05292478918281374,1.0572306635409239,3339221.0544315292,32014.51396169747,25.970174246315775,7.04384,1.9929599999999998,0.4430844942102589,21,14.768447333906046,196.72624634303793,32058.20558770858,0.0005309004086841507,11.947520000000017,2698.4250625608183,20.180193,161.9177,1.6890069,982.69275,34.941692,0.9780681709149893,60.293823,6.982954978942871,1.1583999999999999,1.14816,581.8169,0.055233195,1.1449513,1953.911,32014.51396169747,26.30253,3.07456,1.91616,0.4787921826201504,1520,16.509027,6055.59154652297,68410.01298627436,0.25541413,6.214399999999981,2812.3787,,,,,,,,,,,,,,,,,,,,,,,,,,,,,,,,,,,,,,,,,,,,,,,,,,,,,,,,,,,,,,,,,,,,,,,,,,,,,,,,,,,,,,,,,,,,,,,,,,,,,,,,,,,,,,,,,,,,,,,,,,,,,,,,,,,,,,,,,,,,,,,,,,,,,,,,,,,,
H0_15ft_32kHz_epoch_25,H0,15FT,True,0,False,0.18789464175,True,VALID,False,,,,,,,,,,,,,,,,,14.98366570385719,1304.835782845957,18.657116315180968,1501.8696685995687,70.18153034183413,0.9915683506926146,40.21366267565343,6.007860989403304,10.810880000000001,3.31264,80.49848879248601,0.04294066781356824,0.6991435369889545,6104575.535812187,31844.282476081178,24.213903775927413,16.46464,5.65376,0.2739338927162252,23,13.247169151249684,143.07035856865696,32029.41115717907,0.0002737525466428572,26.48703999999999,2139.9785118453838,15.660786,110.66958,1.3133086,607.0899,26.882563,0.9694996325955362,42.064964,6.126044273376465,4.30848,0.57856,462.2599,0.058955908,0.7506688,1611.0808,37889.79996093225,22.076426,4.77952,0.47104,0.7368512782896608,2196,11.936848,6055.0555087556495,71586.03685486777,0.27729484,12.387840000000011,2258.3037,,,,,,,,,,,,,,,,,,,,,,,,,,,,,,,,,,,,,,,,,,,,,,,,,,,,,,,,,,,,,,,,,,,,,,,,,,,,,,,,,,,,,,,,,,,,,,,,,,,,,,,,,,,,,,,,,,,,,,,,,,,,,,,,,,,,,,,,,,,,,,,,,,,,,,,,,,,,
H0_15ft_32kHz_epoch_26,H0,15FT,True,0,False,0.27757656175,True,VALID,False,,,,,,,,,,,,,,,,,16.266469914252472,1177.846890624311,5.726418298525621,1280.1300577218892,56.160741823360574,0.9916128356530809,37.559972743012814,5.71471850618456,1.14816,1.088,223.54812222692695,0.04145671295068542,0.8060528396743449,4106957.392055323,32018.083905356547,25.757034971671807,8.86272,7.71456,0.34757906788824494,23,15.541364512903481,195.2527459268931,32047.639779319976,0.00038925876745659883,16.08320000000002,2279.4037545803058,17.47369,119.712845,2.167224,1017.7308,42.483444,0.9742417913182906,39.74323,5.858484268188477,1.1712,0.80256,469.60114,0.04302246,0.8876683,1988.9104,32018.083905356547,26.171839,6.47296,5.30176,0.516313132096518,3250,15.586616,6054.518337060639,71730.85825966483,0.27473062,11.763199999999973,2395.5938,,,,,,,,,,,,,,,,,,,,,,,,,,,,,,,,,,,,,,,,,,,,,,,,,,,,,,,,,,,,,,,,,,,,,,,,,,,,,,,,,,,,,,,,,,,,,,,,,,,,,,,,,,,,,,,,,,,,,,,,,,,,,,,,,,,,,,,,,,,,,,,,,,,,,,,,,,,,
H0_15ft_32kHz_epoch_27,H0,15FT,True,0,False,0.36879960175000004,True,VALID,False,,,,,,,,,,,,,,,,,23.084359799646286,537.2923141370046,2.5829092764810673,1224.9343972051304,43.67536045068032,0.9913787945149667,89.22661348786572,8.152579705464506,2.8864,1.3004799999999999,474.2460017309287,0.04255413823797569,1.2002137566514093,4630618.044508886,31928.724472682832,29.00461649451347,6.1248,3.2384,0.4173032002584653,17,16.722970947476412,105.42006099182981,32041.36484334793,0.00043297998189199333,11.937279999999994,2804.634889249108,24.52359,176.11052,2.5938745,1165.2334,39.710583,0.9733513207592341,91.54178,8.255359649658203,2.8748799999999997,1.21344,449.22504,0.04503346,1.3041875,1941.9989,31928.724472682832,29.154633,5.1072,2.23232,0.39076263596725436,2269,16.822697,105.42006099182981,70445.71830683012,0.27018124,11.781119999999978,2934.3147,,,,,,,,,,,,,,,,,,,,,,,,,,,,,,,,,,,,,,,,,,,,,,,,,,,,,,,,,,,,,,,,,,,,,,,,,,,,,,,,,,,,,,,,,,,,,,,,,,,,,,,,,,,,,,,,,,,,,,,,,,,,,,,,,,,,,,,,,,,,,,,,,,,,,,,,,,,,
H0_15ft_32kHz_epoch_28,H0,15FT,True,0,False,0.32619608175000003,True,VALID,False,,,,,,,,,,,,,,,,,14.506492125913558,1299.74807211724,0.5624432805584605,324.1327681727687,14.33317379658122,0.9910986801335263,38.39998892416588,5.862124241624441,1.056,1.7984,576.2941426749288,0.04856021398285866,0.7159987442864704,9967447.789524134,32028.183185318285,23.358007554616357,4.290559999999999,3.23456,0.7903849381617836,13,11.344336223475914,208.71845254254004,32002.631183704754,0.0001761039780382135,9.960959999999963,2261.416576488225,14.682551,100.94389,1.1546916,287.41837,12.101964,0.97372057396244,40.664093,6.020102500915527,1.07008,1.73824,248.91354,0.049747005,0.74266064,1755.627,32028.183185318285,23.447681,2.35392,1.28384,0.6526672465592886,1069,13.219053,6061.251190368464,71995.71057506287,0.275608,8.766720000000007,2374.973,,,,,,,,,,,,,,,,,,,,,,,,,,,,,,,,,,,,,,,,,,,,,,,,,,,,,,,,,,,,,,,,,,,,,,,,,,,,,,,,,,,,,,,,,,,,,,,,,,,,,,,,,,,,,,,,,,,,,,,,,,,,,,,,,,,,,,,,,,,,,,,,,,,,,,,,,,,,
H0_15ft_32kHz_epoch_29,H0,15FT,False,0,False,0.05925976175,False,TOO_EARLY,False,,,,,,,,,,,,,,,,,12.455673909451013,10.357035416138663,9.768538213640701,1381.1966463327735,24.046852982594576,0.7953638948042616,18.56732206751219,4.124371649294422,1.19296,1.77664,141.39235739520433,0.11887662469697398,0.9521588951221137,19534269.61983931,32027.094600918907,18.065556974208427,9.71904,8.52608,0.28923214436094563,28,6.326471013757443,139.89101726713125,32022.72136872238,0.0001303801919905058,15.233280000000002,5743.772989057976,13.625518,11.346258,1.0535789,694.4924,11.685775,0.7957534896633705,19.628416,4.225306510925293,1.16224,0.82304,659.17456,0.12228251,1.0595015,3846.2112,32027.094600918907,18.61052,3.3728,2.21056,0.5166545657317049,1634,7.6803637,139.89101726713125,63148.80785507393,0.21877807,11.992320000000001,5943.058,,,,,,,,,,,,,,,,,,,,,,,,,,,,,,,,,,,,,,,,,,,,,,,,,,,,,,,,,,,,,,,,,,,,,,,,,,,,,,,,,,,,,,,,,,,,,,,,,,,,,,,,,,,,,,,,,,,,,,,,,,,,,,,,,,,,,,,,,,,,,,,,,,,,,,,,,,,,
H0_15ft_32kHz_epoch_3,H0,15FT,False,0,False,8.664174999999998e-05,False,TOO_EARLY,False,,,,,,,,,,,,,,,,,11.562259024325481,4.774513081994846,27879.6736721004,1684.6988118725149,31.75810653956288,0.7991792715670596,17.917555259549125,4.1491956258065645,5.07776,1.7958399999999999,0.06042749384008932,0.33246983237926014,0.8740496374120207,83807.85292468814,31837.98007937226,8.390685435755183,,,0.003193130215103856,750,-8.861171528070175,26.931413231297483,33327.98548396879,0.020159449787901976,77.4272,5304.78355116593,11.694608,4.854279,210.37723,1694.718,30.934605,0.7992621926698706,18.470564,4.204866409301758,4.38656,1.68832,8.055615,0.33879668,0.898404,3764.2686,31837.98007937226,8.370381,,,0.023941445481166702,24372,-8.999845,26.931413231297483,59777.7664799171,0.21455589,143.136,5478.389,,,,,,,,,,,,,,,,,,,,,,,,,,,,,,,,,,,,,,,,,,,,,,,,,,,,,,,,,,,,,,,,,,,,,,,,,,,,,,,,,,,,,,,,,,,,,,,,,,,,,,,,,,,,,,,,,,,,,,,,,,,,,,,,,,,,,,,,,,,,,,,,,,,,,,,,,,,,
H0_15ft_32kHz_epoch_30,H0,15FT,True,0,False,0.15126616175,True,VALID,False,,,,,,,,,,,,,,,,,12.233473731566555,1194.744025655792,11.582654995434837,371.67377823678186,12.757524735479597,0.9915599255621044,31.98449833577306,5.525131227811038,4.9267199999999995,2.6304000000000003,32.08882405477106,0.09688825779260526,0.6853416309816358,13231570.391905174,32026.49997199133,16.99038511587213,8.72832,3.8016,0.18353246742388707,23,2.86101601786725,200.30238590776207,32006.22730814526,0.00015625885256815124,15.699199999999996,2913.3690582085837,12.926247,103.827156,0.76002085,701.2919,23.15469,0.9726630156645032,33.127274,5.608731746673584,2.24512,0.78976,922.7272,0.06880763,0.7383493,2068.4285,32026.49997199133,20.559532,3.63904,1.39392,0.9424453596003567,1830,12.396347,6052.835123733683,69740.64146758518,0.26339644,11.851520000000004,3028.725,,,,,,,,,,,,,,,,,,,,,,,,,,,,,,,,,,,,,,,,,,,,,,,,,,,,,,,,,,,,,,,,,,,,,,,,,,,,,,,,,,,,,,,,,,,,,,,,,,,,,,,,,,,,,,,,,,,,,,,,,,,,,,,,,,,,,,,,,,,,,,,,,,,,,,,,,,,,
H0_15ft_32kHz_epoch_31,H0,15FT,True,0,False,0.17143640175,True,VALID,False,,,,,,,,,,,,,,,,,15.14995552512809,2098.5760350805967,46.89701383347362,1857.1441322902126,69.09028524988182,0.993374033403185,46.27520026820166,6.369525637706376,7.06688,1.13792,39.60047731141362,0.05313622533892696,0.840331160850659,6893766.026232817,31849.97928293784,23.97668838651901,15.4944,8.427520000000001,0.13896400697701597,32,12.578886615564276,141.28521328272473,32026.972900036624,0.00026829683953343816,23.997440000000008,2687.996041083533,15.765545,137.25058,19.694117,1757.4243,62.714775,0.9774330687625155,46.956432,6.414319038391113,6.92992,1.15584,89.23601,0.057551946,0.89286804,1991.1051,31849.97928293784,23.6742,9.167359999999999,2.23744,0.21147076671045886,4311,13.922143,141.28521328272473,68047.20442219895,0.25371608,16.661759999999997,2802.2493,,,,,,,,,,,,,,,,,,,,,,,,,,,,,,,,,,,,,,,,,,,,,,,,,,,,,,,,,,,,,,,,,,,,,,,,,,,,,,,,,,,,,,,,,,,,,,,,,,,,,,,,,,,,,,,,,,,,,,,,,,,,,,,,,,,,,,,,,,,,,,,,,,,,,,,,,,,,
H0_15ft_32kHz_epoch_32,H0,15FT,True,0,False,0.19110488174999998,True,VALID,False,,,,,,,,,,,,,,,,,14.857005646621316,1386.7471631628803,1.9458460585382,1500.5296573196524,38.23989128779864,0.992581089966055,38.51585993783857,5.887641175850005,2.1849600000000002,2.2272,771.1451020163012,0.07201973219922712,0.965950393777014,7879202.652050746,32018.083905356547,22.547394377725183,6.28736,4.1024,0.5822982067506076,21,12.925193346300718,190.20310594602415,32010.83911307414,0.00026891111157204044,11.925760000000007,3923.9903848743274,15.952163,137.75264,1.5057645,1324.2651,32.734985,0.9768239013180939,39.767975,5.981804370880127,0.47231999999999996,2.02624,879.4636,0.07423046,1.0530778,2389.9038,32018.083905356547,22.929781,4.57728,4.10496,0.5556490217127128,2271,13.499862,190.20310594602415,67782.76955959288,0.24739861,11.786240000000003,4045.412,,,,,,,,,,,,,,,,,,,,,,,,,,,,,,,,,,,,,,,,,,,,,,,,,,,,,,,,,,,,,,,,,,,,,,,,,,,,,,,,,,,,,,,,,,,,,,,,,,,,,,,,,,,,,,,,,,,,,,,,,,,,,,,,,,,,,,,,,,,,,,,,,,,,,,,,,,,,
H0_15ft_32kHz_epoch_33,H0,15FT,False,0,False,0.09393240175,False,TOO_EARLY,False,,,,,,,,,,,,,,,,,13.26991479904305,1417.9605672761174,1.2951447659285678,823.1057006776533,22.066490813200677,0.992195970858058,30.12135983293925,5.336765752366074,3.49184,1.5987200000000001,635.5318126058205,0.11603839208572232,0.8955076980714973,2892086.803306922,31972.314874955435,17.742742754043686,4.54912,1.05728,0.664938445572218,12,7.5782452486594405,194.5809139167941,32041.303616357145,0.0006058630563971955,8.591359999999993,3730.1159828513864,13.802072,127.43584,0.9631639,578.6427,15.0915165,0.9762605568511071,31.003082,5.404965877532959,1.0931199999999999,1.09952,600.7728,0.1178532,0.9443285,2297.6533,31972.314874955435,17.965397,2.17344,1.0803200000000002,0.6481991678071662,1058,9.123955,194.5809139167941,66632.39084449557,0.24115436,8.465920000000002,3834.225,,,,,,,,,,,,,,,,,,,,,,,,,,,,,,,,,,,,,,,,,,,,,,,,,,,,,,,,,,,,,,,,,,,,,,,,,,,,,,,,,,,,,,,,,,,,,,,,,,,,,,,,,,,,,,,,,,,,,,,,,,,,,,,,,,,,,,,,,,,,,,,,,,,,,,,,,,,,
H0_15ft_32kHz_epoch_34,H0,15FT,True,0,False,0.13802584175,True,VALID,False,,,,,,,,,,,,,,,,,15.817147291934981,1915.6509593841615,83.10878914039199,1950.798770099471,46.66307859928608,0.9935425968215956,43.94856987424249,6.153179901166276,9.60256,1.83424,23.47283350255245,0.097474230565084,1.094139001687811,5474577.017738144,31878.594009678643,20.958776070487275,16.929280000000002,7.32672,0.09419372418069111,24,7.133608735389364,130.5546907549251,32016.363912859288,0.0002703666044689467,28.567040000000016,4180.604513584902,16.428104,153.45259,74.81812,2006.2944,46.64968,0.9778566433298388,45.042377,6.232948303222656,9.54496,1.52576,26.81562,0.09811618,1.1526176,2338.6401,31878.594009678643,21.35023,16.83072,7.28576,0.09840731432888086,7015,7.232253,130.5546907549251,66356.56055499491,0.23994775,28.618240000000018,4300.7676,,,,,,,,,,,,,,,,,,,,,,,,,,,,,,,,,,,,,,,,,,,,,,,,,,,,,,,,,,,,,,,,,,,,,,,,,,,,,,,,,,,,,,,,,,,,,,,,,,,,,,,,,,,,,,,,,,,,,,,,,,,,,,,,,,,,,,,,,,,,,,,,,,,,,,,,,,,,
H0_15ft_32kHz_epoch_35,H0,15FT,True,0,False,0.15267160175,True,VALID,False,,,,,,,,,,,,,,,,,14.001470672891031,1888.905757900587,42.36771332733121,2798.802787541323,47.10028494148047,0.9938570190239121,35.291810285485866,5.719520408700582,5.37856,3.9871999999999996,66.05980280110118,0.11036474910027022,1.1925814718541907,3840976.336580198,31850.22488975274,20.64816958056923,10.69824,5.31968,0.11575683465768506,32,9.61873277846482,141.16654539061346,32028.055631048785,0.0004714703611784622,26.311680000000003,5942.220500403842,14.526811,162.60359,58.060978,2817.3137,46.487717,0.9832696549145407,35.88553,5.766739368438721,5.32992,2.88512,48.52336,0.11193766,1.2495651,3066.4792,31850.22488975274,20.952139,15.2,9.87008,0.11707472454024533,6012,8.004698,141.16654539061346,63943.4104055175,0.22253832,26.297600000000003,6060.3403,,,,,,,,,,,,,,,,,,,,,,,,,,,,,,,,,,,,,,,,,,,,,,,,,,,,,,,,,,,,,,,,,,,,,,,,,,,,,,,,,,,,,,,,,,,,,,,,,,,,,,,,,,,,,,,,,,,,,,,,,,,,,,,,,,,,,,,,,,,,,,,,,,,,,,,,,,,,
H0_15ft_32kHz_epoch_36,H0,15FT,True,0,False,0.18059480175,True,VALID,False,,,,,,,,,,,,,,,,,14.602520208037216,1822.0077820180193,21.987942493944015,1584.8676453897872,33.37077238672201,0.9932425354557975,41.182040786236264,6.142006957410587,3.6595199999999997,1.8624,72.07894262157987,0.10156940985436748,1.0766287774725158,4212870.235349405,31880.382430099944,20.50176423376818,10.49344,6.83392,0.13806659547266745,31,7.962366451421109,241.43675687554423,32027.345025197574,0.0004702656560758862,20.129279999999998,4749.268692445253,15.083531,148.60158,21.851961,1627.992,33.462234,0.9807709771203349,41.96761,6.202043533325195,3.69024,1.51808,74.50095,0.1023411,1.1255805,2557.0396,31880.382430099944,20.742914,10.4704,6.78016,0.14641921397611155,5222,8.011139,241.43675687554423,66187.08394754102,0.23751996,20.202239999999982,4865.162,,,,,,,,,,,,,,,,,,,,,,,,,,,,,,,,,,,,,,,,,,,,,,,,,,,,,,,,,,,,,,,,,,,,,,,,,,,,,,,,,,,,,,,,,,,,,,,,,,,,,,,,,,,,,,,,,,,,,,,,,,,,,,,,,,,,,,,,,,,,,,,,,,,,,,,,,,,,
H0_15ft_32kHz_epoch_37,H0,15FT,True,0,False,0.45501400175,True,VALID,False,,,,,,,,,,,,,,,,,12.973208806940722,323.6986572591605,3.9473918718679997,1298.5136388626427,33.32284770618412,0.9901261256975152,32.03985543461143,5.4823794380396516,3.3203199999999997,1.7971199999999998,328.95483423280206,0.055354793217710245,0.8664119020574474,2980987.7213485716,31973.38029200756,23.859781147039584,5.835520000000001,2.5152,0.5107528093858112,19,14.906800868574761,205.66834844954064,32028.75927600043,0.0006571776349921374,9.00479999999998,3896.7667178745605,13.334386,113.909,0.74258065,1304.1844,32.534378,0.9716045586480493,32.996155,5.553194522857666,2.97216,3.7209600000000003,1756.2866,0.028434806,0.9032255,2478.7668,31973.38029200756,29.955708,4.7641599999999995,1.792,0.9769686547937194,2200,21.600447,205.66834844954064,67665.12864221452,0.24861206,10.118399999999973,4008.6348,,,,,,,,,,,,,,,,,,,,,,,,,,,,,,,,,,,,,,,,,,,,,,,,,,,,,,,,,,,,,,,,,,,,,,,,,,,,,,,,,,,,,,,,,,,,,,,,,,,,,,,,,,,,,,,,,,,,,,,,,,,,,,,,,,,,,,,,,,,,,,,,,,,,,,,,,,,,
H0_15ft_32kHz_epoch_38,H0,15FT,False,0,False,0.46415704175000005,False,TOO_LATE,False,,,,,,,,,,,,,,,,,15.596889141497615,182.60118469370434,3.111861933472887,1129.7828468338678,31.758530698850624,0.9854306750954247,42.14344220002069,6.064862789525756,3.1756800000000003,1.5244799999999998,363.0568678773936,0.05178930474625636,0.9952451517235206,922215.3615518146,31975.168712428862,25.65819860726052,4.7488,1.5731199999999999,0.5731676916246418,14,15.770685632232059,250.3788589820506,32105.984729535783,0.001771183517593356,7.1462400000000255,3557.41535257714,15.7552595,116.08988,2.3051288,984.01697,26.814096,0.969525422647368,43.18956,6.142595291137695,3.0668800000000003,1.47712,426.88156,0.054041106,1.0211045,2033.2297,31975.168712428862,25.480312,4.44032,1.37344,0.5982324740285174,1758,15.105019,6039.495762731269,67346.39313210893,0.24839097,7.095039999999997,3669.7747,,,,,,,,,,,,,,,,,,,,,,,,,,,,,,,,,,,,,,,,,,,,,,,,,,,,,,,,,,,,,,,,,,,,,,,,,,,,,,,,,,,,,,,,,,,,,,,,,,,,,,,,,,,,,,,,,,,,,,,,,,,,,,,,,,,,,,,,,,,,,,,,,,,,,,,,,,,,
H0_15ft_32kHz_epoch_39,H0,15FT,False,0,False,0.06621912175,False,TOO_EARLY,False,,,,,,,,,,,,,,,,,13.512490161987207,2119.3378226459768,17.67015055769894,1706.034961967796,33.1669661544753,0.9928533691471505,37.08371631527878,5.860410379915106,3.34336,1.64352,96.54897712361056,0.1661592755915391,1.0368150154445797,8275353.567412358,31851.76770335914,15.873487833813094,10.13504,6.7916799999999995,0.17766622470939827,28,4.156255344509601,187.7841442365352,31997.054324280096,0.0002683829355152268,15.639039999999993,5143.777558736899,13.937667,154.6156,17.580317,1740.1865,33.129234,0.9762084228396559,37.720154,5.9098992347717285,3.34976,1.52576,98.98494,0.1671774,1.0807052,2957.2158,31851.76770335914,16.15504,10.14784,6.79808,0.18750947260924028,4625,4.1808076,187.7841442365352,65155.80907006664,0.23270133,15.591679999999997,5252.7217,,,,,,,,,,,,,,,,,,,,,,,,,,,,,,,,,,,,,,,,,,,,,,,,,,,,,,,,,,,,,,,,,,,,,,,,,,,,,,,,,,,,,,,,,,,,,,,,,,,,,,,,,,,,,,,,,,,,,,,,,,,,,,,,,,,,,,,,,,,,,,,,,,,,,,,,,,,,
H0_15ft_32kHz_epoch_4,H0,15FT,False,0,False,0.09791320175000001,False,TOO_EARLY,False,,,,,,,,,,,,,,,,,19.47918177450402,21.271365052102777,5.191465724537045,1637.6723123595016,1.8286384608695285,0.18448563959395153,37.014010605089396,5.651175834418282,2.6432,1.9878399999999998,315.45470956663667,0.053324925493575606,1.2001355173459278,98100550.73175764,31906.015039824808,27.040415388555452,7.67744,5.03424,0.31325347479021143,20,15.05918926761537,298.8196243366838,32019.530172997776,0.00011813018736133114,12.513280000000293,89556.92157873441,19.694986,21.429094,4.0223374,1704.5199,1.8310302,0.18447683425873185,38.39286,5.755080699920654,5.6384,1.63584,423.76352,0.04739129,1.2371405,9226.535,31906.015039824808,28.311218,7.11936,1.4809599999999998,0.4265455482411786,3472,16.577347,298.8196243366838,76294.00288402618,0.30563566,10.981120000000288,93090.76,,,,,,,,,,,,,,,,,,,,,,,,,,,,,,,,,,,,,,,,,,,,,,,,,,,,,,,,,,,,,,,,,,,,,,,,,,,,,,,,,,,,,,,,,,,,,,,,,,,,,,,,,,,,,,,,,,,,,,,,,,,,,,,,,,,,,,,,,,,,,,,,,,,,,,,,,,,,
H0_15ft_32kHz_epoch_40,H0,15FT,True,0,False,0.13927768175,True,VALID,False,,,,,,,,,,,,,,,,,13.277541395851793,1722.639916223503,66.03554206584178,2237.2822277766527,38.27511779643827,0.9926578103964115,38.81790385174286,6.036045879022467,13.579519999999999,1.72672,33.87997066094091,0.12329485280569957,1.0239136863898217,7913696.22110513,31974.635469443732,18.380319183969217,16.312320000000003,2.7328,0.10886281473141718,27,5.853554650056816,190.7604780915426,31998.536016642967,0.0002338834096475472,24.728319999999997,5845.265427203484,13.807049,140.60588,62.209133,2263.1318,37.93424,0.9757703282583727,39.673565,6.099430084228516,13.60384,1.4976,36.379414,0.124213405,1.0756816,2716.5825,31974.635469443732,18.691639,16.33536,2.7315199999999997,0.12809067597158566,6264,5.8376355,190.7604780915426,66079.19697616114,0.23504458,24.505600000000015,5965.9346,,,,,,,,,,,,,,,,,,,,,,,,,,,,,,,,,,,,,,,,,,,,,,,,,,,,,,,,,,,,,,,,,,,,,,,,,,,,,,,,,,,,,,,,,,,,,,,,,,,,,,,,,,,,,,,,,,,,,,,,,,,,,,,,,,,,,,,,,,,,,,,,,,,,,,,,,,,,
H0_15ft_32kHz_epoch_41,H0,15FT,False,0,False,0.06259928175,False,TOO_EARLY,False,,,,,,,,,,,,,,,,,10.411061097889,17.23576414918667,40.83663395284297,1726.9850960046676,26.762571455416566,0.7958012035407643,16.940810192809977,4.029887624186023,13.41952,1.5769600000000001,42.29009418344467,0.04586105119883359,0.8435657445726243,5091129.398631549,32017.55657701433,25.28794355631982,14.72,1.3004799999999999,0.13121985404977016,29,13.769274430073091,206.65718459917116,32042.311288922483,0.00047401991042503734,24.74624000000003,6452.98639886531,10.723512,17.437355,38.653385,1687.1864,25.373497,0.7961426228662449,17.522068,4.096790790557861,13.3376,1.45408,43.649124,0.047992304,0.88200694,3788.7097,32017.55657701433,25.202911,14.69312,1.35552,0.14649738292391729,4560,13.274264,206.65718459917116,62393.30809560652,0.21259333,24.57472000000005,6649.404,,,,,,,,,,,,,,,,,,,,,,,,,,,,,,,,,,,,,,,,,,,,,,,,,,,,,,,,,,,,,,,,,,,,,,,,,,,,,,,,,,,,,,,,,,,,,,,,,,,,,,,,,,,,,,,,,,,,,,,,,,,,,,,,,,,,,,,,,,,,,,,,,,,,,,,,,,,,
H0_15ft_32kHz_epoch_42,H0,15FT,False,0,False,0.07539032175,False,TOO_EARLY,False,,,,,,,,,,,,,,,,,13.010303779671938,1383.566664556416,1.5276932831292078,904.5321828186632,20.974813954162602,0.8465434602716163,28.81984989140684,5.154065810308448,3.7132799999999997,1.4208,592.0901746492838,0.1245946514591201,0.8867678888627051,4792673.881683231,31851.445785987908,17.041531601444152,4.669440000000001,0.9561599999999999,0.6298570767412136,16,7.256279767859224,244.06593240861548,32024.947842380512,0.0003472124739120914,8.546559999999994,4312.468204940294,13.450286,125.116714,1.5240498,905.1569,20.17854,0.8438307961764558,29.35085,5.199612617492676,3.71712,1.40032,593.9156,0.12681852,0.93499255,2652.6372,31851.445785987908,17.265709,4.669440000000001,0.9523199999999999,0.6458230007167914,1914,7.119337,244.06593240861548,64584.5090525152,0.22926255,8.436479999999996,4485.74,,,,,,,,,,,,,,,,,,,,,,,,,,,,,,,,,,,,,,,,,,,,,,,,,,,,,,,,,,,,,,,,,,,,,,,,,,,,,,,,,,,,,,,,,,,,,,,,,,,,,,,,,,,,,,,,,,,,,,,,,,,,,,,,,,,,,,,,,,,,,,,,,,,,,,,,,,,,
H0_15ft_32kHz_epoch_43,H0,15FT,True,0,False,0.12840664175,True,VALID,False,,,,,,,,,,,,,,,,,13.488564966261688,1382.8362280872632,18.525837395903554,1679.9924288682846,44.50692987982251,0.9921510770552416,35.21307977253526,5.714284570477307,3.2384,1.5808,90.68375118297827,0.09657278191192174,0.8866054352555447,7382989.646668071,31849.97928293784,19.240789990044107,13.10208,9.86368,0.19758836705437946,28,7.6841164133920445,150.22731538922744,32016.738973586504,0.000282880866398841,20.08063999999998,3774.6760637153607,14.289499,124.28902,2.4992435,1266.1526,32.448742,0.9749709877433673,36.183453,5.7869415283203125,3.05792,1.5168,506.61435,0.09810007,0.95496184,2398.2024,31849.97928293784,19.723957,6.608639999999999,3.5507199999999997,0.6386199481562423,2959,9.285563,150.22731538922744,67205.95860161241,0.24322684,10.453760000000006,3902.0083,,,,,,,,,,,,,,,,,,,,,,,,,,,,,,,,,,,,,,,,,,,,,,,,,,,,,,,,,,,,,,,,,,,,,,,,,,,,,,,,,,,,,,,,,,,,,,,,,,,,,,,,,,,,,,,,,,,,,,,,,,,,,,,,,,,,,,,,,,,,,,,,,,,,,,,,,,,,
H0_15ft_32kHz_epoch_44,H0,15FT,True,0,False,0.16817624174999998,True,VALID,False,,,,,,,,,,,,,,,,,13.592393855153345,96.44716074332148,52.60147747537887,1881.9144954538879,52.92023740811271,0.9892545812006044,36.39737757864835,5.813261643954665,5.64352,1.4182400000000002,35.776837187310825,0.07692843168550623,0.8175768162343504,2266387999.0860605,31971.456128142207,20.512838517133673,15.54816,9.904639999999999,0.13007904862399344,31,9.4075334896601,192.35014874230546,31998.729195376844,9.21215871599576e-07,26.252799999999993,3556.133886816872,44.80149,14.718421,22.417078,83718.98,80.16668,0.8137729286385231,146.75325,11.003890037536621,4.51072,,3734.607,1e-10,14.603304,2934.0317,3.179341301525677,207.63275,,,0.06073075479828017,1653,96.31714,157.377394425521,38717.36505747453,0.23242582,177.20832000000001,104431.14,,,,,,,,,,,,,,,,,,,,,,,,,,,,,,,,,,,,,,,,,,,,,,,,,,,,,,,,,,,,,,,,,,,,,,,,,,,,,,,,,,,,,,,,,,,,,,,,,,,,,,,,,,,,,,,,,,,,,,,,,,,,,,,,,,,,,,,,,,,,,,,,,,,,,,,,,,,,
H0_15ft_32kHz_epoch_45,H0,15FT,True,0,False,0.15028696175,True,VALID,False,,,,,,,,,,,,,,,,,13.875166483555326,1511.9002854517544,1.6765083668380136,819.4989069354332,20.53507268206762,0.8776772895513674,39.81720337518045,6.0635300797091,3.7209600000000003,1.9929599999999998,488.81289419442936,0.0954459168796841,0.8605316917263347,5161290.151664427,31970.892497079567,19.054549412239037,5.02016,1.2992,0.6539208459752248,17,8.825906081256015,183.73210630004542,32023.802943238523,0.00042910513096506024,8.631040000000006,3990.728056448737,14.032265,120.443474,1.1282654,591.4982,14.293714,0.8738317147134568,40.572975,6.121280193328857,1.08928,2.0096,524.2545,0.0975069,0.88620585,2583.04,31970.892497079567,19.053421,2.4460800000000003,1.3568,0.6533710804504714,1188,10.35681,183.73210630004542,67702.89434903079,0.25004324,8.473599999999998,4138.1704,,,,,,,,,,,,,,,,,,,,,,,,,,,,,,,,,,,,,,,,,,,,,,,,,,,,,,,,,,,,,,,,,,,,,,,,,,,,,,,,,,,,,,,,,,,,,,,,,,,,,,,,,,,,,,,,,,,,,,,,,,,,,,,,,,,,,,,,,,,,,,,,,,,,,,,,,,,,
H0_15ft_32kHz_epoch_46,H0,15FT,True,0,False,0.10908888175,True,VALID,False,,,,,,,,,,,,,,,,,17.85819051570149,2095.7078472566313,16.96663080869382,2052.2661472228306,48.77083181428793,0.9929927674016689,47.87624636919996,6.325983192969082,6.56384,1.77024,120.95896765606159,0.10492740963990144,1.2393643763648807,26868683.807682384,31969.803451164964,21.443305354255298,11.40736,4.84352,0.1551054026156705,32,8.439763297192522,189.57256465783576,32008.49294112345,6.291632187849008e-05,17.798400000000004,4207.978561935351,18.24987,178.67534,16.267397,2042.8932,47.181175,0.9763846077028949,48.94823,6.401400566101074,5.79072,1.7254399999999999,125.58206,0.107416354,1.2847637,2338.2524,31969.803451164964,21.42469,10.65344,4.86272,0.1582229547647902,4911,8.504204,189.57256465783576,66129.6245105965,0.23900919,17.89183999999999,4329.8906,,,,,,,,,,,,,,,,,,,,,,,,,,,,,,,,,,,,,,,,,,,,,,,,,,,,,,,,,,,,,,,,,,,,,,,,,,,,,,,,,,,,,,,,,,,,,,,,,,,,,,,,,,,,,,,,,,,,,,,,,,,,,,,,,,,,,,,,,,,,,,,,,,,,,,,,,,,,
H0_15ft_32kHz_epoch_47,H0,15FT,True,0,False,0.17857240175,True,VALID,False,,,,,,,,,,,,,,,,,15.125880392554413,1709.9034703504622,27.81987177497136,1812.6598742504614,35.938664062096706,0.9932170922556876,45.39491163907952,6.4748317744219435,3.63648,1.82528,65.15701757757456,0.10328743012394942,1.0835312058322768,3602539.446495189,31852.230829334992,20.405516598138092,10.42816,6.7916799999999995,0.12752595845462458,29,8.426630491835743,227.32290305908828,32022.96162142552,0.0005982612932986134,24.254720000000006,5043.759754448348,15.601478,149.9382,27.191694,1831.3082,35.448532,0.9766263012060789,46.257385,6.539749622344971,3.62368,1.5513599999999999,67.348076,0.1043858,1.1310736,2589.9421,31852.230829334992,20.614304,10.43712,6.81344,0.13141854409081322,5465,8.373467,227.32290305908828,67427.33301548485,0.2428764,24.14079999999999,5166.105,,,,,,,,,,,,,,,,,,,,,,,,,,,,,,,,,,,,,,,,,,,,,,,,,,,,,,,,,,,,,,,,,,,,,,,,,,,,,,,,,,,,,,,,,,,,,,,,,,,,,,,,,,,,,,,,,,,,,,,,,,,,,,,,,,,,,,,,,,,,,,,,,,,,,,,,,,,,
H0_15ft_32kHz_epoch_48,H0,15FT,True,0,False,0.12975576175,True,VALID,False,,,,,,,,,,,,,,,,,12.187047320901655,2147.6502783473934,34.644443696009404,1649.957214453491,20.020769037085753,0.7975271594642166,25.57086982550677,4.794959511838816,3.65824,1.8624,47.625449810299024,0.11770022161455833,1.0861681406688781,10375183.803111527,31964.868493594317,19.294661966947224,10.97856,7.32032,0.10465489067869156,32,6.65222034215721,243.97214115252063,32008.995230846416,0.00019166437981967495,20.191999999999986,8241.227953817106,12.753757,161.8495,32.455013,1642.3341,19.456202,0.7976357966669457,25.973698,4.831433296203613,3.63136,1.49888,50.6034,0.11930406,1.1503831,3797.185,31964.868493594317,19.64967,10.53184,6.90048,0.11770946360938986,5225,6.701585,243.97214115252063,61278.41556353663,0.20675415,20.17920000000001,8441.186,,,,,,,,,,,,,,,,,,,,,,,,,,,,,,,,,,,,,,,,,,,,,,,,,,,,,,,,,,,,,,,,,,,,,,,,,,,,,,,,,,,,,,,,,,,,,,,,,,,,,,,,,,,,,,,,,,,,,,,,,,,,,,,,,,,,,,,,,,,,,,,,,,,,,,,,,,,,
H0_15ft_32kHz_epoch_49,H0,15FT,False,0,False,0.46795992175,False,TOO_LATE,False,,,,,,,,,,,,,,,,,12.901023869358994,129.54165258649817,27.714134790635715,2243.9248194435063,48.330574715169455,0.9836360438794425,29.117219095105007,5.22381685567494,3.4035200000000003,2.2784,80.96680038515693,0.05562875805626667,0.9404639393154353,446365.5772678847,31976.957132850162,24.54347220269803,10.85056,7.44704,0.1572449929070905,31,14.550880112993383,225.34097308384298,32266.778859461345,0.00409911650573892,19.727360000000026,4642.868065748782,13.393912,98.14224,64.96955,2351.2202,49.43145,0.9707962765328522,30.01339,5.296184062957764,3.42656,1.56928,36.18957,0.056228586,0.9882739,2408.3965,31976.957132850162,24.874214,15.29728,11.87072,0.12431914687658413,6582,13.170149,225.34097308384298,66452.15054712097,0.24011147,23.67872000000004,4756.527,,,,,,,,,,,,,,,,,,,,,,,,,,,,,,,,,,,,,,,,,,,,,,,,,,,,,,,,,,,,,,,,,,,,,,,,,,,,,,,,,,,,,,,,,,,,,,,,,,,,,,,,,,,,,,,,,,,,,,,,,,,,,,,,,,,,,,,,,,,,,,,,,,,,,,,,,,,,
H0_15ft_32kHz_epoch_5,H0,15FT,True,0,False,0.41810008175,True,VALID,False,,,,,,,,,,,,,,,,,20.028125934786484,2099.9754768011303,1.9849472682301794,1140.4230061515811,37.1241737842093,0.992345708140689,72.24965480900279,7.567740691879808,2.5024,1.90976,574.5356687325037,0.04193463259789473,1.1521379135642627,3546748.1775388108,32103.927785031305,28.767454224201707,4.01664,1.51424,0.4748512784085993,13,18.389988009809482,117.82493288692058,32103.991274918902,0.0004499370573159065,10.558720000000022,3071.914846591471,20.662062,163.16452,2.1628623,1265.7673,39.430843,0.9723918845609524,73.26301,7.645775318145752,2.6176,1.67296,585.2279,0.041837975,1.2150443,2193.852,32103.927785031305,29.16808,4.04096,1.42336,0.4946588825345621,1947,18.819124,117.82493288692058,67454.64746937543,0.24576001,10.618879999999997,3210.0947,,,,,,,,,,,,,,,,,,,,,,,,,,,,,,,,,,,,,,,,,,,,,,,,,,,,,,,,,,,,,,,,,,,,,,,,,,,,,,,,,,,,,,,,,,,,,,,,,,,,,,,,,,,,,,,,,,,,,,,,,,,,,,,,,,,,,,,,,,,,,,,,,,,,,,,,,,,,
H0_15ft_32kHz_epoch_50,H0,15FT,True,0,False,0.49362520175,True,VALID,False,,,,,,,,,,,,,,,,,16.033950177695687,17.84650660235529,60.0099333602358,2129.8459989599783,38.81776840826069,0.8802715841813606,46.42416972557464,6.311967481786742,3.45856,3.584,35.49155747547073,0.061971945026905284,1.1660091216656208,67261.56575193751,32058.240547615653,25.464699068390825,15.38688,11.92832,0.08884348036793725,34,11.867960880921327,216.86412546890642,33830.29569728368,0.027874813884975844,25.30048000000007,5486.781147642412,16.421951,18.251972,28.443514,2192.4993,39.118423,0.8793002221139489,47.845222,6.415964126586914,3.5366400000000002,1.8688,77.08257,0.061973777,1.2069979,2680.2837,32058.240547615653,25.721245,10.95424,7.4176,0.12878565470212835,5338,13.473831,216.86412546890642,65873.1794100001,0.24245666,19.86559999999993,5604.774,,,,,,,,,,,,,,,,,,,,,,,,,,,,,,,,,,,,,,,,,,,,,,,,,,,,,,,,,,,,,,,,,,,,,,,,,,,,,,,,,,,,,,,,,,,,,,,,,,,,,,,,,,,,,,,,,,,,,,,,,,,,,,,,,,,,,,,,,,,,,,,,,,,,,,,,,,,,
H0_15ft_32kHz_epoch_51,H0,15FT,False,0,False,0.02837720175,False,TOO_EARLY,False,,,,,,,,,,,,,,,,,11.34211705376965,4.65652596723108,33.843858870731154,2148.4146885850755,17.92651220556099,0.7995818501142298,21.861470311815832,4.558236700742592,3.53536,2.0608,63.480192870077325,0.2842020423766906,1.328403705647368,4655763.976486744,31876.805589257343,13.37875201778576,10.809600000000001,7.274240000000001,0.09197653035441225,32,0.21481637141660695,216.3988709773439,32028.656328663394,0.0005256832220031756,23.62752,11984.566010105398,11.702686,4.820136,31.145153,2153.4355,17.667284,0.7995944634301185,22.10004,4.58132791519165,3.4368,1.99936,69.141914,0.2861935,1.3822656,5217.5664,31876.805589257343,13.632498,10.27328,6.83648,0.09697096466115017,5319,0.374381,216.3988709773439,57889.85131630067,0.18473785,23.599359999999994,12188.833,,,,,,,,,,,,,,,,,,,,,,,,,,,,,,,,,,,,,,,,,,,,,,,,,,,,,,,,,,,,,,,,,,,,,,,,,,,,,,,,,,,,,,,,,,,,,,,,,,,,,,,,,,,,,,,,,,,,,,,,,,,,,,,,,,,,,,,,,,,,,,,,,,,,,,,,,,,,
H0_15ft_32kHz_epoch_52,H0,15FT,False,0,False,0.06479192175000001,False,TOO_EARLY,False,,,,,,,,,,,,,,,,,10.057967952188037,2120.7060879154137,18784554064420.6,1878.4554064420602,14.653545365184439,0.7977923895514915,18.79040743913739,4.32798034976817,3.3382400000000003,3.88224,0.0,0.07014194554292749,1.1819494518804616,26876021.81327599,31886.793265853983,24.531216727974126,10.30656,6.96832,0,0,16.067465388782395,222.1841591581906,31982.68706651795,0.00010247008415191838,0,12819.118920565761,10.290206,170.84837,21094449000000.0,2109.4448,16.185276,0.7978498313438508,18.964828,4.34200382232666,3.4291199999999997,3.84896,0.0,0.06935702,1.2192917,5105.513,31886.793265853983,24.861708,5.71392,2.2848,0,0,16.558096,222.1841591581906,58026.35056529322,0.18959686,0,13033.109,,,,,,,,,,,,,,,,,,,,,,,,,,,,,,,,,,,,,,,,,,,,,,,,,,,,,,,,,,,,,,,,,,,,,,,,,,,,,,,,,,,,,,,,,,,,,,,,,,,,,,,,,,,,,,,,,,,,,,,,,,,,,,,,,,,,,,,,,,,,,,,,,,,,,,,,,,,,
H0_15ft_32kHz_epoch_53,H0,15FT,False,0,False,0.48399320175000005,False,TOO_LATE,False,,,,,,,,,,,,,,,,,15.529922186895238,47.63625545027125,5.163499910178307,1729.0740744478483,38.249274499466836,0.9519114715460713,44.989226126960695,6.206028856532349,3.39712,2.5139199999999997,334.86474378337374,0.055931352564040436,1.117092859924354,331932.26106913725,31966.226610322363,25.982850224796657,5.5040000000000004,2.1068800000000003,0.3898302319272033,16,16.321071756407747,280.7820061441562,32402.76539132522,0.005682628660025524,10.576639999999971,4520.540839204446,15.825725,47.01473,5.14493,1808.2146,39.077248,0.9466140743524546,46.35235,6.30951452255249,3.42272,1.91744,351.45563,0.056038443,1.1517323,2518.0613,31966.226610322363,26.175215,5.45792,2.0352,0.39536606947769953,2552,16.533274,280.7820061441562,66179.85864285246,0.2414029,10.685439999999936,4627.282,,,,,,,,,,,,,,,,,,,,,,,,,,,,,,,,,,,,,,,,,,,,,,,,,,,,,,,,,,,,,,,,,,,,,,,,,,,,,,,,,,,,,,,,,,,,,,,,,,,,,,,,,,,,,,,,,,,,,,,,,,,,,,,,,,,,,,,,,,,,,,,,,,,,,,,,,,,,
H0_15ft_32kHz_epoch_54,H0,15FT,True,0,False,0.24432728174999999,True,VALID,False,,,,,,,,,,,,,,,,,17.446887868813604,1652.9032692887592,3.5845420467597586,994.034578839479,23.241001693207696,0.993415246419571,61.15300551341504,7.252110529848554,2.69184,2.0032,277.31145732763173,0.08576442570469396,1.1508927666222488,3630986.8762238612,31971.456128142207,22.502603488994403,4.3776,1.68576,0.3018538562041965,11,11.18705107285356,303.6270942957017,32013.961279747902,0.0005218794671363708,8.418559999999964,4277.07287302495,17.269463,150.90608,3.8068752,1005.7356,22.856955,0.9776551215477854,62.61184,7.347968101501465,2.72512,1.49376,264.18927,0.08711401,1.1554606,2232.1948,31971.456128142207,22.40093,4.43136,1.70624,0.3609764909819817,2150,11.04908,6029.620778343444,68297.83567584971,0.25017646,6.6598399999999724,4400.1294,,,,,,,,,,,,,,,,,,,,,,,,,,,,,,,,,,,,,,,,,,,,,,,,,,,,,,,,,,,,,,,,,,,,,,,,,,,,,,,,,,,,,,,,,,,,,,,,,,,,,,,,,,,,,,,,,,,,,,,,,,,,,,,,,,,,,,,,,,,,,,,,,,,,,,,,,,,,
H0_15ft_32kHz_epoch_55,H0,15FT,True,0,False,0.25454552175,True,VALID,False,,,,,,,,,,,,,,,,,17.608798867829535,1936.2835410156415,3.1243709047748265,790.1368714632489,20.19970325193216,0.9940365403573422,64.95460953805028,7.429258392245013,2.66496,1.57952,252.89470922143337,0.08251994667181775,1.1430572184472336,8665763.092560122,31970.95393220178,22.818972490246114,4.3839999999999995,1.7190400000000001,0.291337795868083,12,10.514146095974484,301.29518552511945,31997.760982874657,0.0002217483681741573,8.469759999999994,3911.6261343475417,17.261892,152.14789,3.024214,807.4293,20.03356,0.9797169567673133,66.318695,7.519027233123779,2.63808,1.48864,266.98816,0.083379835,1.1374208,2287.8936,31970.95393220178,22.630968,4.334079999999999,1.696,0.3337927009906432,2116,10.572466,301.29518552511945,67850.77841717786,0.24911557,6.529279999999971,4030.3835,,,,,,,,,,,,,,,,,,,,,,,,,,,,,,,,,,,,,,,,,,,,,,,,,,,,,,,,,,,,,,,,,,,,,,,,,,,,,,,,,,,,,,,,,,,,,,,,,,,,,,,,,,,,,,,,,,,,,,,,,,,,,,,,,,,,,,,,,,,,,,,,,,,,,,,,,,,,
H0_15ft_32kHz_epoch_56,H0,15FT,True,0,False,0.23428312175,True,VALID,False,,,,,,,,,,,,,,,,,17.761761639218808,2002.1824456163256,14.370847926324771,1180.5766196743798,28.304589004623036,0.9937923118923971,61.20662386479587,7.173099464599207,2.67776,2.5088,82.1507976234542,0.08685919769178199,1.1905955863654052,8557135.362304898,32154.424184839983,22.724970773502328,9.02272,6.34496,0.15250493421412986,25,8.693203169120435,218.81773250427796,31999.780035730862,0.00020781957871066523,16.619519999999998,4170.972486057034,17.769175,164.9358,14.387242,1209.4827,28.255865,0.9801486497845678,62.63156,7.2659711837768555,2.7302400000000002,1.96736,84.06633,0.08765002,1.206625,2054.1887,32154.424184839983,22.751324,9.137920000000001,6.40768,0.16309472259369384,4009,8.664662,218.81773250427796,67437.79982344096,0.24685957,16.551679999999987,4280.466,,,,,,,,,,,,,,,,,,,,,,,,,,,,,,,,,,,,,,,,,,,,,,,,,,,,,,,,,,,,,,,,,,,,,,,,,,,,,,,,,,,,,,,,,,,,,,,,,,,,,,,,,,,,,,,,,,,,,,,,,,,,,,,,,,,,,,,,,,,,,,,,,,,,,,,,,,,,
H0_15ft_32kHz_epoch_57,H0,15FT,True,0,False,0.27706840175,True,VALID,False,,,,,,,,,,,,,,,,,16.087923857727525,1974.9922736083327,374.57484114335864,1924.932316724501,42.86641497272353,0.9937672960061299,47.509026087802845,6.366200383911974,9.46944,2.0236799999999997,5.1389791978856545,0.07541858822852067,1.1533840724897193,5851036.883871302,32019.879222961372,23.64871447653274,21.53728,12.06784,0.03966629011565166,58,8.258240498152938,280.7820061441562,32016.17547549348,0.0003034423848136539,33.518080000000005,4490.53721415546,16.63078,163.60013,132.34276,1839.8324,39.931126,0.9828655048391381,48.72853,6.456028461456299,9.43872,1.9417600000000002,13.902025,0.07796631,1.2077328,2191.8594,32019.879222961372,23.692822,17.19168,7.75296,0.06700926479862153,7754,8.75074,280.7820061441562,65404.23312068902,0.23423254,25.877760000000027,4607.514,,,,,,,,,,,,,,,,,,,,,,,,,,,,,,,,,,,,,,,,,,,,,,,,,,,,,,,,,,,,,,,,,,,,,,,,,,,,,,,,,,,,,,,,,,,,,,,,,,,,,,,,,,,,,,,,,,,,,,,,,,,,,,,,,,,,,,,,,,,,,,,,,,,,,,,,,,,,
H0_15ft_32kHz_epoch_58,H0,15FT,True,0,False,0.36846424175000003,True,VALID,False,,,,,,,,,,,,,,,,,17.28174575982941,1334.9967176890445,9.473925024410185,1361.4249103706961,45.74399459373141,0.9923476843292448,48.63736714372694,6.460215126572687,3.28576,1.84704,143.70230995727206,0.049536610274701895,0.9255928990182217,3297853.231723129,32011.554520604986,25.40221348056147,7.7824,4.496639999999999,0.24255816226672727,18,14.825970578302663,155.11808974512314,32044.299577023827,0.0005728644851163998,11.900159999999993,2976.182824569534,18.00579,125.54231,9.333044,1317.6915,42.474068,0.9717664366292782,50.34274,6.574963569641113,3.2115199999999997,1.48864,141.18561,0.05196694,0.98459995,2043.9808,32011.554520604986,25.43599,7.82336,4.61184,0.23635944363183722,3547,14.253883,5888.463406829393,72100.85309131468,0.27537307,11.73759999999996,3102.3438,,,,,,,,,,,,,,,,,,,,,,,,,,,,,,,,,,,,,,,,,,,,,,,,,,,,,,,,,,,,,,,,,,,,,,,,,,,,,,,,,,,,,,,,,,,,,,,,,,,,,,,,,,,,,,,,,,,,,,,,,,,,,,,,,,,,,,,,,,,,,,,,,,,,,,,,,,,,
H0_15ft_32kHz_epoch_59,H0,15FT,True,0,False,0.45745880175000003,True,VALID,False,,,,,,,,,,,,,,,,,17.34594487276407,212.04569218687973,2.0472543408860377,706.3833431073076,24.774714038913135,0.9860578376462913,55.41193808885499,6.820678698636961,2.7737600000000002,1.44768,345.03936760558287,0.048402831197611566,0.9342377832529981,336599.17347123823,32132.01286386925,25.677658055720958,4.38016,1.6064,0.5368498939308346,14,14.67801897796183,308.39610624799025,32366.983173664412,0.0038260026526486606,6.579200000000007,2851.227029291967,17.052298,109.94486,2.2631173,795.9218,26.839643,0.965985094775186,57.125935,6.927740097045898,2.95552,1.3824,351.6927,0.04850018,0.9366412,1743.6586,32132.01286386925,25.63803,4.463360000000001,1.50784,0.582494900164386,2197,15.107946,308.39610624799025,71359.86421221084,0.27118078,6.708480000000017,2965.471,,,,,,,,,,,,,,,,,,,,,,,,,,,,,,,,,,,,,,,,,,,,,,,,,,,,,,,,,,,,,,,,,,,,,,,,,,,,,,,,,,,,,,,,,,,,,,,,,,,,,,,,,,,,,,,,,,,,,,,,,,,,,,,,,,,,,,,,,,,,,,,,,,,,,,,,,,,,
H0_15ft_32kHz_epoch_6,H0,15FT,True,0,False,0.45205848175,True,VALID,False,,,,,,,,,,,,,,,,,22.077415159993155,482.3023943515093,3.5996747392185595,1439.295920513628,38.897050607884346,0.990422579852011,86.62239489191148,8.236326634544936,2.61632,1.88032,399.8405480451047,0.049210611367594886,1.3938771669053704,4297608.141993835,32098.878145050436,29.028041901531992,4.078080000000001,1.4617600000000002,0.3353713457894798,11,17.945570668814685,287.8294789094725,32082.5129394004,0.0003631269521734382,10.604800000000026,3700.2700668051343,22.519047,179.8717,3.6740544,1511.646,39.441845,0.9710718489364014,87.99106,8.327570915222168,2.63936,1.8752,411.4381,0.049877997,1.4469583,2206.5547,32098.878145050436,29.20343,4.166399999999999,1.52704,0.3578336765813976,1928,17.928185,287.8294789094725,67427.38574286051,0.2451234,10.650879999999974,3832.5945,,,,,,,,,,,,,,,,,,,,,,,,,,,,,,,,,,,,,,,,,,,,,,,,,,,,,,,,,,,,,,,,,,,,,,,,,,,,,,,,,,,,,,,,,,,,,,,,,,,,,,,,,,,,,,,,,,,,,,,,,,,,,,,,,,,,,,,,,,,,,,,,,,,,,,,,,,,,
H0_15ft_32kHz_epoch_60,H0,15FT,True,0,False,0.36380376175,True,VALID,False,,,,,,,,,,,,,,,,,16.394414680815935,1700.7736941719274,11.841173328635996,1315.2803343366013,36.58531435090186,0.9927918346497107,49.61595510149655,6.453615237149365,2.7967999999999997,2.37568,111.07685850308607,0.06063698615557855,1.0516627262605827,5997633.040878982,31971.591871586264,24.76688905862018,7.6928,4.896,0.2244226088726051,23,12.978974908888304,143.0736337040289,32015.02037209967,0.00034520556565154325,11.637759999999997,3595.1046414997986,16.531685,143.2681,4.14856,1414.2944,38.172974,0.9778688896737912,51.003788,6.546736717224121,3.296,1.83424,340.91214,0.056376595,1.0765492,2287.123,31971.591871586264,25.555323,4.6310400000000005,1.33504,0.46881377170376454,2095,16.134392,143.0736337040289,68127.878211539,0.25157547,7.055359999999955,3704.9626,,,,,,,,,,,,,,,,,,,,,,,,,,,,,,,,,,,,,,,,,,,,,,,,,,,,,,,,,,,,,,,,,,,,,,,,,,,,,,,,,,,,,,,,,,,,,,,,,,,,,,,,,,,,,,,,,,,,,,,,,,,,,,,,,,,,,,,,,,,,,,,,,,,,,,,,,,,,
H0_15ft_32kHz_epoch_61,H0,15FT,True,0,False,0.47823960175,True,VALID,False,,,,,,,,,,,,,,,,,13.667379912485469,43.22328027993693,1.7764787308102141,1151.6507340299604,26.227994962320317,0.953722379817452,35.722714117548996,5.724851209100888,3.13472,1.51424,648.2772430968196,0.057397108025566995,0.9399888095455817,1683842.51648131,31974.320358855693,24.24978806430483,4.495360000000001,1.36064,0.6744861294517478,15,15.21507230459047,67.32853307823825,32051.694226448722,0.0013206581620250884,6.959360000000025,4390.921744816635,14.326805,43.66692,1.7827767,1160.6134,25.739428,0.9477554889842138,36.988598,5.826216697692871,3.17184,1.4208,651.01447,0.058523715,0.99851185,2975.7,31974.320358855693,24.577904,4.5004800000000005,1.32864,0.6695389974205851,1853,15.069941,67.32853307823825,67972.09260285024,0.24874996,6.972160000000005,4509.088,,,,,,,,,,,,,,,,,,,,,,,,,,,,,,,,,,,,,,,,,,,,,,,,,,,,,,,,,,,,,,,,,,,,,,,,,,,,,,,,,,,,,,,,,,,,,,,,,,,,,,,,,,,,,,,,,,,,,,,,,,,,,,,,,,,,,,,,,,,,,,,,,,,,,,,,,,,,
H0_15ft_32kHz_epoch_62,H0,15FT,False,0,False,0.07217368175000001,False,TOO_EARLY,False,,,,,,,,,,,,,,,,,13.766771179800545,108.88082583491729,0.8637798029226368,1158.8380134215972,25.701671689725163,0.9912903917659539,45.04745596938328,6.446632516501601,1.79456,3.9398400000000002,1341.5896152011562,0.12734497243359655,0.9889801442521899,47318630.864751354,31971.591871586264,17.795969385494704,5.68576,3.8912,0.6477408044531535,14,7.294183398113102,239.64833645424733,31991.3483812537,3.795514460837935e-05,9.446399999999993,4508.804047500318,46.614212,15.441498,21.48667,65317.18,80.41034,0.8325873136173029,164.28928,11.547438621520996,3.48672,,3039.893,1e-10,14.213495,2236.9473,8.942102106501723,207.64423,,,0.07840712986440489,1182,95.22121,207.45676887084,39519.3438707289,0.23632409,75.5264,81229.83,,,,,,,,,,,,,,,,,,,,,,,,,,,,,,,,,,,,,,,,,,,,,,,,,,,,,,,,,,,,,,,,,,,,,,,,,,,,,,,,,,,,,,,,,,,,,,,,,,,,,,,,,,,,,,,,,,,,,,,,,,,,,,,,,,,,,,,,,,,,,,,,,,,,,,,,,,,,
H0_15ft_32kHz_epoch_63,H0,15FT,False,0,False,0.09834072175000001,False,TOO_EARLY,False,,,,,,,,,,,,,,,,,15.244293979057366,1466.1442209564527,12.494342778062833,2107.265025345873,62.30405795177557,0.9922967280973493,45.93632453032909,6.21441627396983,7.44832,1.37984,168.6575326750673,0.08170666613916672,0.9484916803518135,3980806.987594519,32018.09080254007,21.272191606088203,10.98752,3.5392,0.2657755979707499,28,10.880190770389257,23.249465476907062,32039.47974551448,0.00047806423094608094,16.90240000000001,3382.2275701156905,16.040655,133.08679,10.101343,2159.871,61.73047,0.971830825543589,47.198902,6.307385444641113,1.82144,1.28896,213.82019,0.08092227,1.0151055,2347.4204,32018.09080254007,21.946266,10.09152,8.27008,0.2831421700788297,5072,11.447317,23.249465476907062,68591.42794653513,0.2530493,17.023999999999997,3498.8738,,,,,,,,,,,,,,,,,,,,,,,,,,,,,,,,,,,,,,,,,,,,,,,,,,,,,,,,,,,,,,,,,,,,,,,,,,,,,,,,,,,,,,,,,,,,,,,,,,,,,,,,,,,,,,,,,,,,,,,,,,,,,,,,,,,,,,,,,,,,,,,,,,,,,,,,,,,,
H0_15ft_32kHz_epoch_64,H0,15FT,True,0,False,0.35185240175000004,True,VALID,False,,,,,,,,,,,,,,,,,14.386212915337856,1547.4631191070648,1.4266106737720672,1507.824397835156,36.69931496960897,0.9918586130745575,40.199011466351806,6.110804687421954,2.99008,4.38272,1056.9277417841063,0.051855744578970554,0.957089288994633,4383897.218184646,31972.637145528737,25.299008117117502,6.9337599999999995,3.9436799999999996,0.6375301329583482,21,15.383371149016384,26.931413231293845,32028.167353579025,0.0005636967649704645,15.262720000000007,4108.590035219356,15.5899315,140.49063,1.410485,1539.513,36.49108,0.9786881274934197,41.499863,6.203156471252441,2.9183999999999997,3.94624,1091.4777,0.05224394,1.0509986,3045.0317,31972.637145528737,26.041683,6.87488,3.95648,0.6191350452536547,3197,15.445041,26.931413231293845,68554.5693484345,0.25318164,15.292159999999999,4218.8745,,,,,,,,,,,,,,,,,,,,,,,,,,,,,,,,,,,,,,,,,,,,,,,,,,,,,,,,,,,,,,,,,,,,,,,,,,,,,,,,,,,,,,,,,,,,,,,,,,,,,,,,,,,,,,,,,,,,,,,,,,,,,,,,,,,,,,,,,,,,,,,,,,,,,,,,,,,,
H0_15ft_32kHz_epoch_65,H0,15FT,True,0,False,0.43650136175000004,True,VALID,False,,,,,,,,,,,,,,,,,14.023974918560981,1071.3097688045802,7.742684189225878,1384.9851080565854,37.00902922765653,0.9919289804539522,44.85488524791634,6.441064322305565,3.1948800000000004,1.55904,178.87661103148824,0.055124265376978204,0.8422527367119066,4372162.130139202,31972.39849795088,23.67317978206732,5.74592,2.55104,0.45905538153429876,17,15.29894985207632,180.72010455742202,32017.891722889184,0.0005053452542919202,8.829440000000021,3742.289751879147,14.710017,120.44607,0.44507158,791.2903,20.499615,0.9726778644365938,46.260918,6.539056777954102,1.1865599999999998,3.9360000000000004,1777.8944,0.040781602,0.8972447,2282.9514,31972.39849795088,26.790306,5.13152,3.94496,0.9888968960095575,2319,15.974116,180.72010455742202,70309.3104381421,0.26464438,8.240639999999965,3860.025,,,,,,,,,,,,,,,,,,,,,,,,,,,,,,,,,,,,,,,,,,,,,,,,,,,,,,,,,,,,,,,,,,,,,,,,,,,,,,,,,,,,,,,,,,,,,,,,,,,,,,,,,,,,,,,,,,,,,,,,,,,,,,,,,,,,,,,,,,,,,,,,,,,,,,,,,,,,
H0_15ft_32kHz_epoch_66,H0,15FT,True,0,False,0.35238104175,True,VALID,False,,,,,,,,,,,,,,,,,15.285534768442165,1730.982553639066,12.023137354938353,1613.9517803529584,47.453528047895624,0.9920598388374989,39.92677509941829,6.032422449739559,1.1955200000000001,1.4835200000000002,134.23715729978298,0.054103684721224767,0.8991563741552676,3272587.7618499147,31850.64115868423,24.37680285916074,9.7856,8.59008,0.1894313097830308,33,13.81347269438983,255.93697477281967,32017.312966870508,0.0005168205938083834,22.677760000000045,3401.120731684951,16.133024,140.06721,11.8285885,1634.9069,46.484417,0.9775678880481316,41.430595,6.132938385009766,1.1647999999999998,0.91904,138.21657,0.055317227,0.96505535,1915.6621,31850.64115868423,24.7639,9.76896,8.60416,0.20774344074606654,5061,13.684423,6051.876167454124,69583.99404022576,0.2612542,15.624960000000021,3517.1074,,,,,,,,,,,,,,,,,,,,,,,,,,,,,,,,,,,,,,,,,,,,,,,,,,,,,,,,,,,,,,,,,,,,,,,,,,,,,,,,,,,,,,,,,,,,,,,,,,,,,,,,,,,,,,,,,,,,,,,,,,,,,,,,,,,,,,,,,,,,,,,,,,,,,,,,,,,,
H0_15ft_32kHz_epoch_67,H0,15FT,True,0,False,0.39866456175000003,True,VALID,False,,,,,,,,,,,,,,,,,13.653108320515438,1249.457948600448,1.8736303831837335,967.0727938479617,25.27776923762707,0.9920683598596445,38.75358940302594,5.979742930992153,3.02592,1.85088,516.149184240113,0.059354327303402364,0.9034758411022029,5434103.330558187,31973.38029200756,23.647519680074083,4.44672,1.4208,0.6481988795557034,11,14.209673670533476,243.22517729684841,32007.37330958549,0.0003608106508705443,7.050239999999985,3825.783773705815,14.236868,124.018616,1.8125114,932.90594,23.716623,0.9758305508200459,39.97482,6.071963310241699,2.9260800000000002,1.4246400000000001,514.7035,0.06106645,0.9552825,2304.3638,31973.38029200756,23.743383,4.41088,1.4848000000000001,0.6507910005009677,1735,13.832352,243.22517729684841,68183.88679815199,0.24871011,6.96960000000002,3933.553,,,,,,,,,,,,,,,,,,,,,,,,,,,,,,,,,,,,,,,,,,,,,,,,,,,,,,,,,,,,,,,,,,,,,,,,,,,,,,,,,,,,,,,,,,,,,,,,,,,,,,,,,,,,,,,,,,,,,,,,,,,,,,,,,,,,,,,,,,,,,,,,,,,,,,,,,,,,
H0_15ft_32kHz_epoch_68,H0,15FT,True,0,False,0.42298456175000004,True,VALID,False,,,,,,,,,,,,,,,,,13.963907460989537,1405.9334028222977,10.570692507092783,1524.8260938007309,51.86051872379981,0.99163076245063,32.143360500277296,5.425130698921713,1.83808,1.21856,144.25034999140667,0.04339675546986673,0.8100717543071476,4481693.311052312,32019.879222961372,25.412512245999537,10.49728,8.6592,0.23801355000734642,30,15.17098171595137,218.1872913986408,32011.38898302997,0.0004185893038276257,16.085760000000004,2940.244585523026,14.159634,117.750305,10.475687,1566.8093,51.396824,0.9729865023543823,33.83496,5.551858425140381,1.85088,1.0931199999999999,149.56625,0.044314906,0.8364054,1988.2568,32019.879222961372,25.437386,10.4704,8.61952,0.2453711740571246,4934,15.120582,218.1872913986408,68963.29272956979,0.25798255,16.14463999999999,3048.4556,,,,,,,,,,,,,,,,,,,,,,,,,,,,,,,,,,,,,,,,,,,,,,,,,,,,,,,,,,,,,,,,,,,,,,,,,,,,,,,,,,,,,,,,,,,,,,,,,,,,,,,,,,,,,,,,,,,,,,,,,,,,,,,,,,,,,,,,,,,,,,,,,,,,,,,,,,,,
H0_15ft_32kHz_epoch_69,H0,15FT,True,0,False,0.17991256175,True,VALID,False,,,,,,,,,,,,,,,,,14.38530190512209,12.784903486662392,2.647715498410079,1704.8408889018904,7.4600647336700225,0.4924020538407988,32.20606615351686,5.4459285598419545,5.455360000000001,4.0448,643.8912677458593,0.05481336458020335,0.9400111786354842,21245587.228995953,32021.2472468051,24.668470847168294,9.39392,3.93856,0.6574973132777557,18,14.115868514836073,246.1129222842319,32008.184568591965,0.0002811980294019494,15.336959999999955,22852.89672095347,15.632066,13.880096,1.526485,952.4022,4.042568,0.4925606364671995,33.31977,5.531506538391113,0.45696000000000003,1.1635199999999999,623.9185,0.04969679,1.0371498,5615.5713,32021.2472468051,26.38834,3.76832,3.31136,0.5395649868630106,1890,16.406425,246.1129222842319,71722.1559130028,0.27609473,5.9238400000000135,23559.336,,,,,,,,,,,,,,,,,,,,,,,,,,,,,,,,,,,,,,,,,,,,,,,,,,,,,,,,,,,,,,,,,,,,,,,,,,,,,,,,,,,,,,,,,,,,,,,,,,,,,,,,,,,,,,,,,,,,,,,,,,,,,,,,,,,,,,,,,,,,,,,,,,,,,,,,,,,,
H0_15ft_32kHz_epoch_7,H0,15FT,False,0,False,0.04423128175,False,TOO_EARLY,False,,,,,,,,,,,,,,,,,13.696639566100497,6.312448604437084,1.9033713876827176,1224.660583803501,16.941275428414706,0.7974538405705027,30.62110452594314,5.009724278010561,5.07392,1.83296,643.4165143641716,0.04299009328645983,1.208671867275089,10724521.520276884,32108.97742501217,28.963691513121596,5.984,0.91008,0.4470896332224548,20,16.74475402539688,222.1841591581906,32062.44123108959,0.00017871702623187594,11.354879999999955,7228.857053757743,14.123113,6.527899,3.250403,1869.987,25.121733,0.7977249973515468,31.40849,5.086303234100342,3.1424,2.40896,575.3093,0.14161296,1.2646911,3652.8037,32108.97742501217,18.959759,5.0176,1.8752,0.40459414734548915,2501,8.986731,222.1841591581906,60622.711030694394,0.20069307,11.441919999999994,7443.7026,,,,,,,,,,,,,,,,,,,,,,,,,,,,,,,,,,,,,,,,,,,,,,,,,,,,,,,,,,,,,,,,,,,,,,,,,,,,,,,,,,,,,,,,,,,,,,,,,,,,,,,,,,,,,,,,,,,,,,,,,,,,,,,,,,,,,,,,,,,,,,,,,,,,,,,,,,,,
H0_15ft_32kHz_epoch_70,H0,15FT,True,0,False,0.24716248175,True,VALID,False,,,,,,,,,,,,,,,,,12.74834349185802,1852.6453487117158,4.379882609893772,1922.7837926920101,54.79655344200489,0.9921319105729675,37.57589895940019,5.893706883155105,6.24384,4.047359999999999,439.00349939703216,0.05399290554777569,0.8079177674968552,8149280.44302434,31973.38029200756,23.48625587968847,10.252799999999999,4.00896,0.5517586152956944,23,14.381724736474823,26.82630631950451,32013.84076905149,0.00024195511274188012,17.04319999999998,3508.950238498074,14.196974,132.53578,2.1056032,1630.3009,45.023422,0.9811041022218326,38.88759,5.987951278686523,3.16928,3.93088,774.2678,0.0541468,0.913977,2766.6538,31973.38029200756,24.465466,7.12704,3.9577600000000004,0.5987738351205394,3305,15.224615,26.82630631950451,67817.66997881324,0.24973944,15.308800000000012,3621.006,,,,,,,,,,,,,,,,,,,,,,,,,,,,,,,,,,,,,,,,,,,,,,,,,,,,,,,,,,,,,,,,,,,,,,,,,,,,,,,,,,,,,,,,,,,,,,,,,,,,,,,,,,,,,,,,,,,,,,,,,,,,,,,,,,,,,,,,,,,,,,,,,,,,,,,,,,,,
H0_15ft_32kHz_epoch_71,H0,15FT,True,0,False,0.33677400175000005,True,VALID,False,,,,,,,,,,,,,,,,,14.297766251910113,1454.449842962246,29.280014670374115,1712.9455684862203,60.05063904109424,0.9920317103826058,37.30761904552958,5.847245360444696,6.7136000000000005,0.88192,58.502210048974874,0.044753690984620405,0.7702376140187682,8769318.059687905,31971.456128142207,24.713021678050705,15.41632,8.702720000000001,0.20382464011207854,24,13.744859122029528,190.7604780915426,31997.501015108646,0.00017513135739142372,23.316480000000027,2852.5018148665263,14.96993,119.024826,6.026418,1572.7241,53.06386,0.9762709779767273,38.98292,5.962093353271484,6.83648,0.81664,260.97162,0.045249302,0.8220347,1901.9904,31971.456128142207,25.126764,8.259839999999999,1.42336,0.5092914061128,3563,15.986013,6051.876167454124,70390.20017421711,0.26871547,12.456960000000016,2963.8328,,,,,,,,,,,,,,,,,,,,,,,,,,,,,,,,,,,,,,,,,,,,,,,,,,,,,,,,,,,,,,,,,,,,,,,,,,,,,,,,,,,,,,,,,,,,,,,,,,,,,,,,,,,,,,,,,,,,,,,,,,,,,,,,,,,,,,,,,,,,,,,,,,,,,,,,,,,,
H0_15ft_32kHz_epoch_72,H0,15FT,True,0,False,0.40502616175,True,VALID,False,,,,,,,,,,,,,,,,,14.057973313542375,1381.3134042987579,1.0753641847590376,701.0801032161479,29.04853056703649,0.9911436293513286,31.221448823191587,5.330819341968704,2.41408,1.03936,651.9466736500387,0.03822454490593026,0.7388720685656341,10205411.383490736,32023.456063803973,25.70453729664073,4.09088,1.6768,0.7451818978043347,14,16.985826588297634,191.36098507913994,31990.060120059505,0.00020792129809506525,10.549760000000019,2413.4787183062754,14.62021,114.78014,1.1042843,731.9458,29.076496,0.9726330148282862,32.941948,5.4567670822143555,2.49088,0.84992,662.8237,0.03890923,0.7847782,2123.087,32023.456063803973,25.893303,4.03712,1.5462399999999998,0.7497433047912211,2040,17.076628,191.36098507913994,69917.56106994013,0.265726,10.616320000000012,2517.311,,,,,,,,,,,,,,,,,,,,,,,,,,,,,,,,,,,,,,,,,,,,,,,,,,,,,,,,,,,,,,,,,,,,,,,,,,,,,,,,,,,,,,,,,,,,,,,,,,,,,,,,,,,,,,,,,,,,,,,,,,,,,,,,,,,,,,,,,,,,,,,,,,,,,,,,,,,,
H0_15ft_32kHz_epoch_73,H0,15FT,True,0,False,0.41070040175,True,VALID,False,,,,,,,,,,,,,,,,,16.14467008138929,1097.7239398043985,14.521906631665798,1797.342148305523,59.392609535270914,0.9923191630673662,44.60485075892472,6.213982905776827,1.2569599999999999,1.53088,123.76764249295404,0.04095178498760053,0.9218025784446015,24214421.447288953,32019.767118683503,27.02511361591126,9.941759999999999,8.6848,0.23695413355612077,30,16.62930396800599,154.85562607995234,32006.59024539357,8.576739752560275e-05,15.810559999999974,3026.205048690601,16.517689,139.08833,2.4168694,1368.0426,43.5718,0.9746883106293551,45.96714,6.300695419311523,1.3926399999999999,1.3004799999999999,566.0391,0.041370697,0.9606294,2164.291,32019.767118683503,27.16525,5.249280000000001,3.85664,0.5686854872840802,2145,18.124578,154.85562607995234,68749.72828141676,0.2582981,10.632960000000026,3139.7432,,,,,,,,,,,,,,,,,,,,,,,,,,,,,,,,,,,,,,,,,,,,,,,,,,,,,,,,,,,,,,,,,,,,,,,,,,,,,,,,,,,,,,,,,,,,,,,,,,,,,,,,,,,,,,,,,,,,,,,,,,,,,,,,,,,,,,,,,,,,,,,,,,,,,,,,,,,,
H0_15ft_32kHz_epoch_74,H0,15FT,True,0,False,0.36544856175,True,VALID,False,,,,,,,,,,,,,,,,,12.226776184400075,960.02099033263,1.2131033185699172,899.3839569018611,40.52785130860429,0.990935658776365,28.93711823623624,5.265906738673357,3.81568,2.1964799999999998,741.3910613664715,0.030774983607127073,0.5978156903830338,3441757.5911606615,32023.133545337416,25.745361154696834,8.26496,4.44928,0.7775162873101764,22,16.906381253299983,89.21030632866677,32045.764250632626,0.0004354908711209559,14.871040000000002,2219.1750311491996,15.3002,99.49898,1.2172341,911.49994,38.999966,0.9705660119046696,31.317062,5.4304518699646,3.68896,1.2569599999999999,748.8288,0.032951854,0.7677201,1741.6982,32023.133545337416,27.222717,8.203520000000001,4.51456,0.6665252093017767,3485,16.405142,89.21030632866677,72289.87631594225,0.27717745,14.75584000000002,2337.1814,,,,,,,,,,,,,,,,,,,,,,,,,,,,,,,,,,,,,,,,,,,,,,,,,,,,,,,,,,,,,,,,,,,,,,,,,,,,,,,,,,,,,,,,,,,,,,,,,,,,,,,,,,,,,,,,,,,,,,,,,,,,,,,,,,,,,,,,,,,,,,,,,,,,,,,,,,,,
H0_15ft_32kHz_epoch_75,H0,15FT,False,0,False,0.47087704175,False,TOO_LATE,False,,,,,,,,,,,,,,,,,14.634843908340303,65.94666753122408,1.232503894080633,981.7365094321835,34.625539397028184,0.966873152785979,35.99932236736116,5.696378632763458,2.2643199999999997,1.49248,796.5382617832386,0.03554460331533284,0.8337043929366813,279363.2434791087,32021.667643382672,27.40372114550496,3.872,1.60768,0.6453875292627484,10,19.33374098226856,180.63046255133668,32449.1034252741,0.006121825465810134,10.47296000000003,2835.295930484215,15.374812,62.3122,1.0243678,797.68665,27.033428,0.9559979435369563,37.581345,5.817370414733887,1.984,1.32096,778.7112,0.036258645,0.89351195,2020.3917,32021.667643382672,27.699776,2.8390400000000002,0.85504,0.6790277775276218,1376,19.593842,180.63046255133668,68893.76708375552,0.25849208,4.733439999999978,2950.742,,,,,,,,,,,,,,,,,,,,,,,,,,,,,,,,,,,,,,,,,,,,,,,,,,,,,,,,,,,,,,,,,,,,,,,,,,,,,,,,,,,,,,,,,,,,,,,,,,,,,,,,,,,,,,,,,,,,,,,,,,,,,,,,,,,,,,,,,,,,,,,,,,,,,,,,,,,,
H0_15ft_32kHz_epoch_76,H0,15FT,True,0,False,0.43258584175000003,True,VALID,False,,,,,,,,,,,,,,,,,13.787347956969333,875.2418029330494,1.498890904144088,1080.9930662785393,41.511661858165716,0.991089603639559,37.71638262287876,5.901222780992543,2.65728,4.35584,721.1952939935072,0.03275438845705046,0.7302418163723798,6975484.270662743,32024.816758664372,26.954380876890607,6.6816,4.0243199999999995,0.787647193972732,15,18.080002960118712,193.5695325999368,32001.370818571297,0.0003021438785625655,15.278080000000028,2604.0708029757106,15.057082,112.61561,1.120629,989.30695,36.37418,0.9697057472640136,39.854313,6.040526866912842,1.8944,1.74336,882.814,0.03325279,0.815022,2050.1448,32024.816758664372,27.760277,5.84448,3.95008,0.8013998303324606,2693,18.154343,6047.7854837528175,70833.96962250106,0.26963696,8.855039999999981,2719.8057,,,,,,,,,,,,,,,,,,,,,,,,,,,,,,,,,,,,,,,,,,,,,,,,,,,,,,,,,,,,,,,,,,,,,,,,,,,,,,,,,,,,,,,,,,,,,,,,,,,,,,,,,,,,,,,,,,,,,,,,,,,,,,,,,,,,,,,,,,,,,,,,,,,,,,,,,,,,
H0_15ft_32kHz_epoch_77,H0,15FT,False,0,False,0.0062012017499999995,False,TOO_EARLY,False,,,,,,,,,,,,,,,,,12.32622915075093,6.323672807778688,2.016242287790057,1672.6652986676536,22.882041351420376,0.8010187951210673,23.122784211083932,4.550848792756378,3.16288,4.003839999999999,829.5953858307427,0.05622029806090207,1.0938227345076454,24831500.58181093,32023.133545337416,25.773212026631313,7.05536,3.89248,0.5958577085609541,19,15.049730865971643,196.93595925384943,31980.657088676373,9.82529007179166e-05,15.320320000000054,7309.9478887350315,13.141254,6.737204,2.109828,1743.9596,23.325989,0.8010686214935742,23.955273,4.630433559417725,3.21024,3.9296,826.5885,0.056767162,1.179355,4345.031,32023.133545337416,26.265537,7.17312,3.96288,0.5797877055703307,3152,15.071224,196.93595925384943,61488.83989663727,0.20924734,15.269120000000026,7476.466,,,,,,,,,,,,,,,,,,,,,,,,,,,,,,,,,,,,,,,,,,,,,,,,,,,,,,,,,,,,,,,,,,,,,,,,,,,,,,,,,,,,,,,,,,,,,,,,,,,,,,,,,,,,,,,,,,,,,,,,,,,,,,,,,,,,,,,,,,,,,,,,,,,,,,,,,,,,
H0_15ft_32kHz_epoch_78,H0,15FT,True,0,False,0.29712856175,True,VALID,False,,,,,,,,,,,,,,,,,13.94917447882067,1729.027904519178,2.016994180758631,1793.5295437103887,43.598208956902695,0.9920931142867562,41.747401431988834,6.240689321946344,2.9811199999999998,4.366079999999999,889.2090819199118,0.0537164627282624,0.90242686464439,7843534.489185346,31973.04579879297,24.48307767718695,6.95936,3.97824,0.6521720701219758,17,15.813055844762346,79.48353253814275,32014.745263611687,0.00031616108802425187,10.502400000000023,4113.768860283386,15.227685,139.6889,1.545186,1670.7705,39.47294,0.9788532135963711,43.18115,6.340624809265137,2.32064,3.94496,1081.2747,0.053903777,0.99927753,2721.9834,31973.04579879297,25.277103,6.27072,3.95008,0.638955758974226,2547,15.921098,79.48353253814275,68870.91553630025,0.2556034,9.41696000000003,4232.6987,,,,,,,,,,,,,,,,,,,,,,,,,,,,,,,,,,,,,,,,,,,,,,,,,,,,,,,,,,,,,,,,,,,,,,,,,,,,,,,,,,,,,,,,,,,,,,,,,,,,,,,,,,,,,,,,,,,,,,,,,,,,,,,,,,,,,,,,,,,,,,,,,,,,,,,,,,,,
H0_15ft_32kHz_epoch_79,H0,15FT,True,0,False,0.33377240175,True,VALID,False,,,,,,,,,,,,,,,,,14.326280311008128,1451.008105021694,20.609173040032932,1239.578568157478,32.16862464888232,0.9928435579696289,42.235251581188855,6.152650065921928,2.84288,2.12864,60.14693387976116,0.06878418798520836,0.9230257042978072,14651135.095445419,32018.083905356547,22.519936867415073,15.47776,12.634879999999999,0.13808522067145304,23,8.580978758730948,47.12997315476605,31993.62069115414,0.00015007356285296343,25.413119999999957,3853.3775742274834,14.808189,135.11342,19.340586,2373.1846,59.879314,0.9798014578675016,43.467342,6.240136623382568,6.59328,1.3657599999999999,122.704895,0.052033287,0.9675844,2655.7349,32018.083905356547,25.306425,10.75328,4.159999999999999,0.1708879707801928,5423,15.416309,47.12997315476605,68473.63277008424,0.2535271,23.59551999999998,3963.2795,,,,,,,,,,,,,,,,,,,,,,,,,,,,,,,,,,,,,,,,,,,,,,,,,,,,,,,,,,,,,,,,,,,,,,,,,,,,,,,,,,,,,,,,,,,,,,,,,,,,,,,,,,,,,,,,,,,,,,,,,,,,,,,,,,,,,,,,,,,,,,,,,,,,,,,,,,,,
H0_15ft_32kHz_epoch_8,H0,15FT,True,0,False,0.30491224175000003,True,VALID,False,,,,,,,,,,,,,,,,,17.264817886152894,2768.8805562241064,27.93900449867194,2770.2669083456667,40.03602645749956,0.9938165059753509,53.29352265645668,6.853215987595207,4.90368,2.2732799999999997,99.15410223276048,0.09078298181299883,1.4905855027583539,7191419.541278108,31910.358252431368,24.279450513340702,9.93408,5.0304,0.1278600609915433,24,11.601298247202617,80.79423969388881,32011.734305563295,0.0003523704307808945,15.233280000000015,6919.435202408054,17.662216,247.27864,24.036457,2768.9854,39.384823,0.9863401168715452,53.774273,6.885253429412842,4.43776,2.23744,115.199394,0.0917759,1.5370947,3849.8647,31910.358252431368,24.402409,9.53856,5.1008,0.1434321241096208,4533,11.667443,80.79423969388881,63042.15604382904,0.22094956,14.366719999999999,7030.5903,,,,,,,,,,,,,,,,,,,,,,,,,,,,,,,,,,,,,,,,,,,,,,,,,,,,,,,,,,,,,,,,,,,,,,,,,,,,,,,,,,,,,,,,,,,,,,,,,,,,,,,,,,,,,,,,,,,,,,,,,,,,,,,,,,,,,,,,,,,,,,,,,,,,,,,,,,,,
H0_15ft_32kHz_epoch_80,H0,15FT,True,0,False,0.39325400175,True,VALID,False,,,,,,,,,,,,,,,,,13.049623367169696,1561.8934504654073,0.5563949167747982,732.0273654026289,21.812435491296828,0.9914206076337077,33.97295226743023,5.600689048807963,1.15072,3.9360000000000004,1315.661490305927,0.043403717925916026,0.8353136474235622,10409814.190287318,32023.821587462822,25.683801933347958,5.14048,3.98976,0.8530432345530643,13,15.090148495761838,22.89187222550754,31986.830709501446,0.00021398497133942864,15.274239999999995,3356.00930806047,14.3734865,136.30484,0.574886,768.5612,22.24396,0.9770699933796763,35.070873,5.68566370010376,1.11872,3.9103999999999997,1336.8932,0.04392291,0.9335453,2813.4238,32023.821587462822,26.347118,5.08928,3.97056,0.7889160021353198,2308,15.226913,22.89187222550754,68132.83053340708,0.2526922,15.25888000000003,3455.1458,,,,,,,,,,,,,,,,,,,,,,,,,,,,,,,,,,,,,,,,,,,,,,,,,,,,,,,,,,,,,,,,,,,,,,,,,,,,,,,,,,,,,,,,,,,,,,,,,,,,,,,,,,,,,,,,,,,,,,,,,,,,,,,,,,,,,,,,,,,,,,,,,,,,,,,,,,,,
H0_15ft_32kHz_epoch_81,H0,15FT,False,0,False,0.010586481750000001,False,TOO_EARLY,False,,,,,,,,,,,,,,,,,11.209531367348662,5.355146394523997,17.541258852954606,1399.4336496419016,15.601571912060983,0.7972384212507647,19.350229455975118,4.323043523193631,2.9363200000000003,1.85856,79.77954497857662,0.06823496939935565,1.0708360901744522,21287476.962461445,32027.094600918907,23.912601625963127,9.927679999999999,6.99136,0.1481392637861655,26,11.118442387405423,69.94550863356562,31975.53269478634,0.00015397844302798375,18.997760000000085,8969.824691575066,11.48782,5.494584,18.189505,1518.4626,16.598242,0.7974151466588744,19.929232,4.379338264465332,3.04768,1.67424,83.480156,0.06817122,1.108287,5143.009,32027.094600918907,24.181892,9.9328,6.88512,0.1551692564847636,5032,11.465608,69.94550863356562,61747.78481214251,0.2087535,19.164159999999985,9148.335,,,,,,,,,,,,,,,,,,,,,,,,,,,,,,,,,,,,,,,,,,,,,,,,,,,,,,,,,,,,,,,,,,,,,,,,,,,,,,,,,,,,,,,,,,,,,,,,,,,,,,,,,,,,,,,,,,,,,,,,,,,,,,,,,,,,,,,,,,,,,,,,,,,,,,,,,,,,
H0_15ft_32kHz_epoch_82,H0,15FT,True,0,False,0.40414168175000004,True,VALID,False,,,,,,,,,,,,,,,,,13.410424681165672,1412.5298235184277,3.030888274230131,948.8649433399423,27.38771640484188,0.9919699121374752,37.767111554913875,5.92749641103959,3.33056,1.46944,313.064968909373,0.05699472852705479,0.7961783919597374,3649858.7018240523,32020.735918315855,22.87685563924567,4.79232,1.4617600000000002,0.43417355302126703,13,14.147287497170169,41.33143691983423,32012.387067378902,0.00057841216975061,8.090879999999967,3464.563928273206,13.9563,117.365036,11.208612,1268.6263,35.48403,0.9748298346745279,39.3162,6.0396599769592285,3.10144,1.39136,113.183174,0.057890713,0.8417135,2523.3384,32020.735918315855,23.214657,10.109440000000001,7.008,0.22250348738589207,5129,12.033083,41.33143691983423,70306.84964701672,0.26497543,20.211199999999984,3575.2036,,,,,,,,,,,,,,,,,,,,,,,,,,,,,,,,,,,,,,,,,,,,,,,,,,,,,,,,,,,,,,,,,,,,,,,,,,,,,,,,,,,,,,,,,,,,,,,,,,,,,,,,,,,,,,,,,,,,,,,,,,,,,,,,,,,,,,,,,,,,,,,,,,,,,,,,,,,,
H0_15ft_32kHz_epoch_83,H0,15FT,False,0,False,0.46683736175,False,TOO_LATE,False,,,,,,,,,,,,,,,,,14.8490190661363,84.27026662179733,7.2216159562031175,880.417128847902,37.344809503269346,0.9734573592611955,40.99815515705244,5.95145417851884,3.27424,1.3760000000000001,121.91414417308248,0.04257802138898429,0.7713503488855751,319781.0570170703,32028.821325067875,25.15385792738432,7.90016,4.625920000000001,0.21570759881189278,22,14.18217238696676,42.9220901112094,32513.77897717543,0.005225393482334279,12.522239999999963,2357.5354662628242,15.5815115,72.90891,4.5995765,819.24536,33.264893,0.9599260732710726,42.641872,6.071935176849365,1.60896,1.35552,178.11322,0.04375832,0.8272721,2231.4795,32028.821325067875,25.474731,6.0927999999999995,4.48384,0.3796932674598033,3200,14.765138,42.9220901112094,70734.11946222604,0.27284858,9.384959999999998,2462.7927,,,,,,,,,,,,,,,,,,,,,,,,,,,,,,,,,,,,,,,,,,,,,,,,,,,,,,,,,,,,,,,,,,,,,,,,,,,,,,,,,,,,,,,,,,,,,,,,,,,,,,,,,,,,,,,,,,,,,,,,,,,,,,,,,,,,,,,,,,,,,,,,,,,,,,,,,,,,
H0_15ft_32kHz_epoch_84,H0,15FT,False,0,False,0.49548120175000004,False,TOO_LATE,False,,,,,,,,,,,,,,,,,13.591842926702657,15.354688832588991,10.66568616298541,1164.5673782848,55.60582456109244,0.8822664409912133,31.352427119245846,5.215583700802369,1.9916800000000001,2.04928,109.18822853847801,0.03162699029918697,0.6455948885538183,79457.55947645812,32048.381745241757,26.190485067371753,10.6176,8.62592,0.2547799247825934,28,16.698807553500043,48.81318648172237,33434.58206605092,0.022028251659978813,17.28511999999993,2094.3262463544074,14.84041,16.729809,1.0056133,795.1653,36.01699,0.8800971427866933,34.304604,5.42864465713501,2.62656,0.67456,790.7267,0.02546341,0.72373646,1885.6095,32048.381745241757,28.997623,5.21984,2.59328,0.7351889261681679,2546,20.01418,48.81318648172237,70497.79227999014,0.277015,14.801919999999969,2207.7505,,,,,,,,,,,,,,,,,,,,,,,,,,,,,,,,,,,,,,,,,,,,,,,,,,,,,,,,,,,,,,,,,,,,,,,,,,,,,,,,,,,,,,,,,,,,,,,,,,,,,,,,,,,,,,,,,,,,,,,,,,,,,,,,,,,,,,,,,,,,,,,,,,,,,,,,,,,,
H0_15ft_32kHz_epoch_85,H0,15FT,False,0,False,0.01028312175,False,TOO_EARLY,False,,,,,,,,,,,,,,,,,11.03296214439987,4.826102936639912,5.331939826607268,1122.751353259795,24.356504199408445,0.7963363210427425,19.341814581045846,4.198068325802911,6.24512,1.6819199999999999,210.57089722891197,0.036263635813256624,0.8014035123731085,21710225.074625053,32048.493949702177,26.881590586261996,7.22304,0.97792,0.33415435657311887,21,17.031653373462323,30.403147162105597,31999.992251766256,0.00013351087039104923,12.431360000000002,4609.657215451466,11.994305,5.2611103,2.2564723,907.13416,19.008608,0.7966341042367969,20.466745,4.298964023590088,4.43392,1.3376,402.01428,0.037794944,0.88646287,3749.627,32048.493949702177,27.313126,5.34528,0.91136,0.5187042368944471,2661,17.044464,30.403147162105597,62714.68664301677,0.22087891,10.419200000000073,4772.228,,,,,,,,,,,,,,,,,,,,,,,,,,,,,,,,,,,,,,,,,,,,,,,,,,,,,,,,,,,,,,,,,,,,,,,,,,,,,,,,,,,,,,,,,,,,,,,,,,,,,,,,,,,,,,,,,,,,,,,,,,,,,,,,,,,,,,,,,,,,,,,,,,,,,,,,,,,,
H0_15ft_32kHz_epoch_86,H0,15FT,True,0,False,0.45157464175,True,VALID,False,,,,,,,,,,,,,,,,,13.98423754839674,382.97417086596045,32.66159463144691,1060.4457273979829,36.75227231189053,0.9910670037962375,41.483297581644585,6.115660543965255,3.32672,2.05312,32.46766544502113,0.049775461936565235,0.7796514418861977,742600.7016993425,32019.767118683503,23.885655981913303,15.5136,12.18688,0.11326298345328753,26,10.710078234089666,136.34027948343646,32184.93056890457,0.0024115390230864944,25.77535999999997,2885.388196949276,14.843896,112.05867,8.53273,1666.3276,55.676334,0.9692279895795232,43.264065,6.243331432342529,6.18112,1.93024,195.28658,0.039105054,0.84285396,2198.3813,32019.767118683503,26.670341,7.30496,1.1238400000000002,0.4180690505442324,3648,18.038952,136.34027948343646,71475.19168236684,0.27283025,11.023360000000038,2992.883,,,,,,,,,,,,,,,,,,,,,,,,,,,,,,,,,,,,,,,,,,,,,,,,,,,,,,,,,,,,,,,,,,,,,,,,,,,,,,,,,,,,,,,,,,,,,,,,,,,,,,,,,,,,,,,,,,,,,,,,,,,,,,,,,,,,,,,,,,,,,,,,,,,,,,,,,,,,
H0_15ft_32kHz_epoch_87,H0,15FT,True,0,False,0.47195224175,True,VALID,False,,,,,,,,,,,,,,,,,15.898852358344296,91.5511229215265,22.136230231684603,1006.5591863448165,31.601156547632552,0.9737717752253799,49.130643760997444,6.489122370070743,10.151679999999999,2.3820799999999998,45.471120231748785,0.05310788409180894,0.9313083876136388,691240.9009803286,32019.767118683503,24.86434706669801,15.787519999999999,5.63584,0.11672579395912071,25,9.847824384850444,143.0731327912581,32224.5943621342,0.0026925920327921194,24.57087999999996,3185.197303863212,16.724356,83.589134,10.512286,1254.9108,38.179977,0.9639454521690684,50.088825,6.55576229095459,3.11936,1.5065600000000001,119.375626,0.05006441,0.99517053,2333.6172,32019.767118683503,25.941,7.686400000000001,4.5670399999999995,0.19830630830708632,4126,14.445863,143.0731327912581,68462.48145860007,0.26014838,12.44287999999999,3286.8296,,,,,,,,,,,,,,,,,,,,,,,,,,,,,,,,,,,,,,,,,,,,,,,,,,,,,,,,,,,,,,,,,,,,,,,,,,,,,,,,,,,,,,,,,,,,,,,,,,,,,,,,,,,,,,,,,,,,,,,,,,,,,,,,,,,,,,,,,,,,,,,,,,,,,,,,,,,,
H0_15ft_32kHz_epoch_88,H0,15FT,False,0,False,0.07419864175,False,TOO_EARLY,False,,,,,,,,,,,,,,,,,16.202274337782455,2165.003241223186,16.50524333944708,1117.2882263676,38.384850545624865,0.9928264856322054,46.466373517882424,6.326060407027423,3.136,1.60896,67.69292662869508,0.11351748489900873,0.9351977718884094,3808482.774937526,32021.667643382672,18.289489166825913,10.47296,7.33696,0.16940007931382636,24,5.477181590132428,152.01573581053162,32018.679889761766,0.0004498047029230713,20.190719999999995,2910.7530978648315,16.6258,146.85165,16.030546,1126.3247,37.36592,0.9712974553390061,47.43827,6.395859718322754,3.07328,1.4591999999999998,70.261154,0.115483195,0.97656536,2112.272,32021.667643382672,18.485441,10.49216,7.41888,0.18642158824241725,4896,5.362069,152.01573581053162,69212.52924920378,0.26130518,20.17535999999999,3014.3098,,,,,,,,,,,,,,,,,,,,,,,,,,,,,,,,,,,,,,,,,,,,,,,,,,,,,,,,,,,,,,,,,,,,,,,,,,,,,,,,,,,,,,,,,,,,,,,,,,,,,,,,,,,,,,,,,,,,,,,,,,,,,,,,,,,,,,,,,,,,,,,,,,,,,,,,,,,,
H0_15ft_32kHz_epoch_89,H0,15FT,False,0,False,0.09649368175,False,TOO_EARLY,False,,,,,,,,,,,,,,,,,11.897144250070852,1815.8907834870304,0.7313877418101244,1793.8667392147702,36.9522296592675,0.9929365607609884,34.455561308791545,5.788132136326894,3.79776,3.8784,2452.689095902844,0.030240846695803316,0.8868339072672937,11097773.337962916,32025.244484225273,29.30983539397747,4.59648,0.7987200000000001,0.9694380630396844,12,22.599692601922087,39.34524926860831,31991.111377047346,0.00018404062481156268,11.393280000000006,4854.556154678035,13.241706,147.99113,0.74508774,1820.2509,36.733162,0.9784684809090254,35.29922,5.843493938446045,3.7644800000000003,3.75808,2443.002,0.030436764,0.9972529,3396.7708,32025.244484225273,30.272217,4.57088,0.8064,0.8864346077822493,1972,22.639568,39.34524926860831,65989.3068045112,0.23813012,11.454720000000002,4955.334,,,,,,,,,,,,,,,,,,,,,,,,,,,,,,,,,,,,,,,,,,,,,,,,,,,,,,,,,,,,,,,,,,,,,,,,,,,,,,,,,,,,,,,,,,,,,,,,,,,,,,,,,,,,,,,,,,,,,,,,,,,,,,,,,,,,,,,,,,,,,,,,,,,,,,,,,,,,
H0_15ft_32kHz_epoch_9,H0,15FT,True,0,False,0.28647128175000003,True,VALID,False,,,,,,,,,,,,,,,,,19.038151059884672,1616.2254007301235,8.9613563533237,1178.7321767170238,37.427075377782046,0.9931856700612514,66.06606570190984,7.370155513826356,2.5254399999999997,1.98912,131.53501883439162,0.0627650738341412,1.1430472676390226,3201631.564019272,31844.614021673937,25.18310303083084,7.53408,5.00864,0.18687790524184303,25,12.297940455160672,287.9356878293547,32061.008236613616,0.0005590746564329795,12.355840000000008,3149.410326131763,19.123695,153.1781,2.9260678,902.5393,27.653603,0.9793663097892171,67.71886,7.476059436798096,2.89024,1.94944,308.44785,0.06510636,1.168837,2230.438,31844.614021673937,24.978363,4.0192,1.12896,0.36588817955076613,1874,13.533817,6060.956807786864,68893.979021455,0.25471973,10.351359999999977,3263.7314,,,,,,,,,,,,,,,,,,,,,,,,,,,,,,,,,,,,,,,,,,,,,,,,,,,,,,,,,,,,,,,,,,,,,,,,,,,,,,,,,,,,,,,,,,,,,,,,,,,,,,,,,,,,,,,,,,,,,,,,,,,,,,,,,,,,,,,,,,,,,,,,,,,,,,,,,,,,
H0_15ft_32kHz_epoch_90,H0,15FT,True,0,False,0.11471960175000001,True,VALID,False,,,,,,,,,,,,,,,,,12.199391637464595,1914.5952564958516,20.467092973714372,1496.5038846888626,32.69491869930549,0.9926610230876393,35.19362793212361,5.777051082228196,3.04384,3.10656,73.11755932358136,0.12339618007407147,0.8830021576922377,7335584.721450526,32023.456063803973,17.0819953528157,9.697280000000001,6.65344,0.17599590512415844,26,6.359435147929169,107.30522527801804,31995.681820000587,0.0003405900117667735,20.343040000000006,4577.175733183943,12.9156475,145.64558,0.7008057,1588.9247,34.010117,0.9795489463840299,35.96352,5.8304009437561035,3.16672,3.73376,2267.2827,0.057738096,0.94447154,2940.3125,32023.456063803973,24.18964,4.93568,1.7689599999999999,0.9679596289267124,2408,16.145771,107.30522527801804,66343.1730718784,0.24422672,10.504960000000008,4671.918,,,,,,,,,,,,,,,,,,,,,,,,,,,,,,,,,,,,,,,,,,,,,,,,,,,,,,,,,,,,,,,,,,,,,,,,,,,,,,,,,,,,,,,,,,,,,,,,,,,,,,,,,,,,,,,,,,,,,,,,,,,,,,,,,,,,,,,,,,,,,,,,,,,,,,,,,,,,
H0_15ft_32kHz_epoch_91,H0,15FT,True,0,False,0.37066968175000004,True,VALID,False,,,,,,,,,,,,,,,,,18.29740330467877,2382.7530034784554,5.467664530965705,1345.5531799466144,29.423105618658063,0.9944538431048623,71.20759785361892,7.651531223596917,2.71104,2.3744,246.09285597637324,0.07058155341476804,1.2842666561899367,7040065.179064632,31972.637145528737,25.168206207891146,5.28,2.5689599999999997,0.3094982740333259,17,13.394404270552048,302.97839885207577,31999.161428026182,0.00023066704013560642,8.440320000000002,4573.1174587271635,18.843046,192.74573,4.754069,1789.442,38.1878,0.9812300623456719,72.169136,7.707263946533203,3.07584,2.3487999999999998,376.40222,0.064556316,1.3387736,2144.6206,31972.637145528737,26.306442,4.47104,1.3952,0.3616807505524936,2213,16.13346,302.97839885207577,65493.27189327164,0.23552322,7.015680000000025,4685.8994,,,,,,,,,,,,,,,,,,,,,,,,,,,,,,,,,,,,,,,,,,,,,,,,,,,,,,,,,,,,,,,,,,,,,,,,,,,,,,,,,,,,,,,,,,,,,,,,,,,,,,,,,,,,,,,,,,,,,,,,,,,,,,,,,,,,,,,,,,,,,,,,,,,,,,,,,,,,
H0_15ft_32kHz_epoch_92,H0,15FT,True,0,False,0.43312216175,True,VALID,False,,,,,,,,,,,,,,,,,18.747093803316577,1574.0775883894667,2.1752529274342085,654.4248198647888,16.42794807967324,0.9934601194454942,72.10128672354693,7.801032189306142,2.54464,1.90976,300.8499892637725,0.06551579601690773,1.1616485962629048,6675085.21186485,31973.90449882219,24.974100060427705,4.28032,1.7356800000000001,0.35677325253431263,13,11.833846779670406,319.2721847181165,31998.709988224342,0.00028942560037635036,6.598399999999948,3983.6065751541455,18.597164,171.64624,3.0439718,1073.6547,26.203098,0.9759114923893212,73.304375,7.87045431137085,2.70848,1.4656,352.71506,0.061301872,1.1687062,2095.5706,31973.90449882219,25.539198,3.9641600000000006,1.25568,0.38943600850199384,2051,14.884042,319.2721847181165,68310.50199363148,0.254708,7.056640000000003,4097.434,,,,,,,,,,,,,,,,,,,,,,,,,,,,,,,,,,,,,,,,,,,,,,,,,,,,,,,,,,,,,,,,,,,,,,,,,,,,,,,,,,,,,,,,,,,,,,,,,,,,,,,,,,,,,,,,,,,,,,,,,,,,,,,,,,,,,,,,,,,,,,,,,,,,,,,,,,,,
H0_15ft_32kHz_epoch_93,H0,15FT,True,0,False,0.38161496175000004,True,VALID,False,,,,,,,,,,,,,,,,,17.94020014974118,2234.377520478491,2.3503848177071,638.6202214455626,16.456435145305253,0.9939291862916594,69.98854317521877,7.628050562972999,2.6444799999999997,1.72288,271.7087928045454,0.06920697985451124,1.1956540340194641,3476834.7452381584,31885.747691363846,24.713618037325617,4.7168,2.07232,0.2804782641211654,13,10.831084778469922,307.6083124636607,32025.42579637545,0.00040357881182704377,9.583359999999985,3880.671699591839,18.34814,184.06673,5.712955,2065.0579,51.68581,0.9800721009906678,71.01418,7.694761276245117,1.82016,1.44384,361.4693,0.048393436,1.2407875,2135.6804,31885.747691363846,27.993336,3.872,2.05184,0.36117170806880544,1917,19.870705,307.6083124636607,65253.34358257704,0.23494612,5.97888000000002,3995.4058,,,,,,,,,,,,,,,,,,,,,,,,,,,,,,,,,,,,,,,,,,,,,,,,,,,,,,,,,,,,,,,,,,,,,,,,,,,,,,,,,,,,,,,,,,,,,,,,,,,,,,,,,,,,,,,,,,,,,,,,,,,,,,,,,,,,,,,,,,,,,,,,,,,,,,,,,,,,
H0_15ft_32kHz_epoch_94,H0,15FT,True,0,False,0.41610968175,True,VALID,False,,,,,,,,,,,,,,,,,16.147176587325355,2341.1149586246415,6.038080150176383,992.5749647873998,23.392058716834693,0.9935753405682838,48.99231892457608,6.554551590930837,2.63936,2.4038399999999998,164.3858544603455,0.06773355858046264,1.1253013201005726,7752069.769019383,32027.032904646574,24.353919042690197,5.37088,2.7315199999999997,0.30997378511878654,15,12.340632155832374,314.76199414886287,31988.171021509905,0.00023681553740658072,8.408320000000025,4243.2133776795135,16.2292,169.52736,7.0967875,1393.5525,32.11291,0.9788261615121087,49.98144,6.620856761932373,3.0463999999999998,1.53856,196.36385,0.06380457,1.1437836,2291.3525,32027.032904646574,25.055439,5.27104,2.22464,0.3309475586237143,2602,14.431559,314.76199414886287,65669.32855764878,0.23614495,8.880639999999996,4339.5396,,,,,,,,,,,,,,,,,,,,,,,,,,,,,,,,,,,,,,,,,,,,,,,,,,,,,,,,,,,,,,,,,,,,,,,,,,,,,,,,,,,,,,,,,,,,,,,,,,,,,,,,,,,,,,,,,,,,,,,,,,,,,,,,,,,,,,,,,,,,,,,,,,,,,,,,,,,,
H0_15ft_32kHz_epoch_95,H0,15FT,False,0,False,0.02544472175,False,TOO_EARLY,False,,,,,,,,,,,,,,,,,13.935653788457019,6.497140502205035,3.2078802686020054,876.2562653697785,10.562889162639067,0.7968374050461285,32.11533016924127,5.182769881812792,2.5574399999999997,1.8304,273.15740987781015,0.06552492372270599,1.317380173690791,13945095.959531968,31974.320358855693,26.048093934163656,4.371200000000001,1.81376,0.28210690514101366,11,12.979025245479319,306.3448255059884,31988.79041824893,0.0001729990194700412,9.61407999999997,8295.611663417674,13.563303,6.3329735,2.6937315,743.48535,8.772639,0.7970218709193906,32.672203,5.236734390258789,2.4025600000000003,1.85728,276.00574,0.06774686,1.2959735,3775.6096,31962.537865567003,25.588457,4.29824,1.89568,0.29749644342493076,2153,12.075133,306.3448255059884,59373.18101367448,0.19637932,9.48992000000004,8475.048,,,,,,,,,,,,,,,,,,,,,,,,,,,,,,,,,,,,,,,,,,,,,,,,,,,,,,,,,,,,,,,,,,,,,,,,,,,,,,,,,,,,,,,,,,,,,,,,,,,,,,,,,,,,,,,,,,,,,,,,,,,,,,,,,,,,,,,,,,,,,,,,,,,,,,,,,,,,
H0_15ft_32kHz_epoch_96,H0,15FT,False,0,False,0.09635544175,False,TOO_EARLY,False,,,,,,,,,,,,,,,,,17.701314393297533,1813.5789488380499,56.806208070605535,1183.5703537223055,28.232912529644636,0.9937508528034075,55.52310747440073,6.869379516708638,2.64576,2.04032,20.835228999012617,0.13271105132772945,1.1895543286538433,21727028.15199035,31871.64434591138,19.031757428531407,15.258880000000001,12.61312,0.08422232425331305,32,2.741536929266518,240.69950575470648,31968.67380490563,6.607983549443257e-05,23.406079999999996,4192.16526980532,17.436525,154.84781,35.91637,1366.4893,31.677559,0.9716298227091629,57.0992,6.970144271850586,2.74304,2.09152,38.046417,0.13014205,1.1886303,2076.131,31871.64434591138,19.139585,10.7072,7.96416,0.09499566816776008,5338,5.072632,240.69950575470648,67605.43203132234,0.24654384,24.727040000000006,4313.7456,,,,,,,,,,,,,,,,,,,,,,,,,,,,,,,,,,,,,,,,,,,,,,,,,,,,,,,,,,,,,,,,,,,,,,,,,,,,,,,,,,,,,,,,,,,,,,,,,,,,,,,,,,,,,,,,,,,,,,,,,,,,,,,,,,,,,,,,,,,,,,,,,,,,,,,,,,,,
H0_15ft_32kHz_epoch_97,H0,15FT,True,0,False,0.18279512174999998,True,VALID,False,,,,,,,,,,,,,,,,,19.02363828107663,1823.3865302241538,4.460458480969563,853.7834419876755,21.748010822976525,0.9941664677894001,70.34937606958054,7.639509599299767,2.58944,1.90848,191.41158821001827,0.09680298448326848,1.2752122356765327,5557541.889417626,31882.170850521245,22.39286211366843,4.6848,2.09536,0.23711350908047976,12,9.201370173494254,304.0314716210596,31989.65143645732,0.00033888570038704803,9.582079999999992,3925.8001521943393,18.535929,163.66048,4.4734654,903.6847,22.32587,0.9790219114590357,71.831375,7.732181072235107,2.6009599999999997,1.5244799999999998,202.00998,0.09717645,1.2616636,2242.3892,31882.170850521245,22.204552,4.38016,1.7792000000000001,0.24766603540704152,2329,9.702773,6030.553660624762,66562.82507044739,0.23910555,6.618880000000021,4047.702,,,,,,,,,,,,,,,,,,,,,,,,,,,,,,,,,,,,,,,,,,,,,,,,,,,,,,,,,,,,,,,,,,,,,,,,,,,,,,,,,,,,,,,,,,,,,,,,,,,,,,,,,,,,,,,,,,,,,,,,,,,,,,,,,,,,,,,,,,,,,,,,,,,,,,,,,,,,
H0_15ft_32kHz_epoch_98,H0,15FT,True,0,False,0.31362904175,True,VALID,False,,,,,,,,,,,,,,,,,16.265237836067744,1921.3125675379313,472.75398228660094,1083.6692130144568,31.537712530364264,0.9938238313877097,45.08052631841904,6.18857636157395,11.00672,1.9648,2.292247667012186,0.06795116178980752,1.053497991146127,6559029.388983777,31884.562698091,23.77579717741277,23.67104,12.66432,0.024045209603891598,74,6.259418224373911,114.45936112752679,31988.71103228449,0.00027041219317677144,37.13023999999998,3436.1059381560312,16.09838,143.87428,22.37981,979.1314,27.583504,0.9812098400691809,46.390694,6.277936935424805,2.51008,1.58336,43.750656,0.07020926,1.0597855,2283.3801,31884.562698091,23.551043,10.7584,8.24832,0.12064640542174604,5005,8.9732485,114.45936112752679,66642.08912446532,0.24313763,24.14208000000001,3549.6992,,,,,,,,,,,,,,,,,,,,,,,,,,,,,,,,,,,,,,,,,,,,,,,,,,,,,,,,,,,,,,,,,,,,,,,,,,,,,,,,,,,,,,,,,,,,,,,,,,,,,,,,,,,,,,,,,,,,,,,,,,,,,,,,,,,,,,,,,,,,,,,,,,,,,,,,,,,,
H0_15ft_32kHz_epoch_99,H0,15FT,True,0,False,0.32672600175000005,True,VALID,False,,,,,,,,,,,,,,,,,16.673808151098132,1762.4136435574142,4.2515937685795056,694.7894236826379,21.469532689361063,0.9936335619503924,54.65975562757469,6.842220614908712,2.59968,2.33088,163.41858171326373,0.06660486744788265,1.0147870155177932,2421372.028205934,31883.959270942545,23.620294825429646,4.7526399999999995,2.15296,0.289168669287929,17,11.481591391875504,316.5504145701634,32028.23270895085,0.0006117958139202658,9.58591999999997,3236.1646326233727,16.68926,141.6556,4.61373,828.1626,24.767023,0.9792938115636547,56.193523,6.93403434753418,2.7532799999999997,1.88672,179.49957,0.06581094,1.032483,1837.2256,31883.959270942545,23.76749,4.66688,1.9136,0.3213864413217959,2412,12.414399,6039.495762731269,68128.66500338279,0.25212634,8.608000000000004,3343.8115,,,,,,,,,,,,,,,,,,,,,,,,,,,,,,,,,,,,,,,,,,,,,,,,,,,,,,,,,,,,,,,,,,,,,,,,,,,,,,,,,,,,,,,,,,,,,,,,,,,,,,,,,,,,,,,,,,,,,,,,,,,,,,,,,,,,,,,,,,,,,,,,,,,,,,,,,,,,
H0_20ft_32kHz_epoch_0,H0,20FT,True,0,False,0.18195032175,True,VALID,False,,,,,,,,,,,,,,,,,14.828568029773454,2059.307637895223,61.88995530837463,3583.648776255894,72.304133766983,0.9942609677010308,49.60847498254955,6.708285770161321,10.823680000000001,5.4336,57.90356057608567,0.06769944065373587,1.116876536855153,7916897.491666252,32021.667643382672,24.342025465329357,15.728639999999999,4.90496,0.10372221339395303,34,13.268444514223464,91.20944148631679,32055.296179564677,0.00035871382881804347,26.42175999999999,4956.353931028299,15.655765,170.68672,58.99065,3641.6323,72.26104,0.9826766538303957,51.091785,6.797285079956055,10.83008,5.423360000000001,61.732365,0.06766168,1.1890363,3125.6587,32021.667643382672,24.837809,15.687679999999999,4.8576,0.1143558322895737,6550,13.354697,91.20944148631679,69661.01010768155,0.26266593,26.730239999999988,5039.5513,,,,,,,,,,,,,,,,,,,,,,,,,,,,,,,,,,,,,,,,,,,,,,,,,,,,,,,,,,,,,,,,,,,,,,,,,,,,,,,,,,,,,,,,,,,,,,,,,,,,,,,,,,,,,,,,,,,,,,,,,,,,,,,,,,,,,,,,,,,,,,,,,,,,,,,,,,,,
H0_20ft_32kHz_epoch_1,H0,20FT,True,0,False,0.15495896174999998,True,VALID,False,,,,,,,,,,,,,,,,,14.609852013546803,1531.7918524052832,55.324388324476324,3860.6248389301472,73.30986873209065,0.9943868870954322,55.2776885923474,7.1203206005043524,8.93824,5.66272,69.7816090849868,0.07341331597487118,1.069392076426076,7757096.098300709,32020.735918315855,23.24133129621604,14.136320000000001,5.19808,0.1490675981198189,31,13.348378443903666,95.3802390457713,32063.766264699345,0.0002985290577622325,22.58560000000001,5266.173443903774,16.072805,152.95274,50.03959,3835.3945,71.45086,0.9752347574311954,56.799,7.214297771453857,8.58496,4.463360000000001,76.6472,0.07553434,1.1877813,2989.6726,32020.735918315855,23.877098,13.81504,5.23008,0.142569068808065,5273,13.17557,95.3802390457713,71160.52790929277,0.26556152,22.483199999999982,5367.8774,,,,,,,,,,,,,,,,,,,,,,,,,,,,,,,,,,,,,,,,,,,,,,,,,,,,,,,,,,,,,,,,,,,,,,,,,,,,,,,,,,,,,,,,,,,,,,,,,,,,,,,,,,,,,,,,,,,,,,,,,,,,,,,,,,,,,,,,,,,,,,,,,,,,,,,,,,,,
H0_20ft_32kHz_epoch_10,H0,20FT,True,0,False,0.19305304175,True,VALID,False,,,,,,,,,,,,,,,,,17.276108735915546,1756.2954482626121,65.19473046457232,2677.6266896731217,59.11618309310774,0.9941304837112983,60.48972319297275,7.356455361652288,8.7104,4.5504,41.07121343375536,0.07675307666439748,1.1727658627837942,4241094.099865302,32041.401636775772,23.664264343620893,14.498560000000001,5.7881599999999995,0.09414450870080161,43,11.265307208129794,79.48353253814275,32080.8782110948,0.000579661556442365,23.463679999999986,4529.430943563815,18.050093,164.83188,10.695066,2935.4875,63.520603,0.9763400885658089,62.00158,7.440492630004883,3.89888,2.7008,274.4712,0.06689776,1.237673,3022.1155,32041.401636775772,25.235731,8.50304,4.60416,0.3060952265738579,4263,15.170876,79.48353253814275,73459.4648732092,0.28349963,18.775039999999994,4621.3154,,,,,,,,,,,,,,,,,,,,,,,,,,,,,,,,,,,,,,,,,,,,,,,,,,,,,,,,,,,,,,,,,,,,,,,,,,,,,,,,,,,,,,,,,,,,,,,,,,,,,,,,,,,,,,,,,,,,,,,,,,,,,,,,,,,,,,,,,,,,,,,,,,,,,,,,,,,,
H0_20ft_32kHz_epoch_100,H0,20FT,True,0,False,0.41268824175,True,VALID,False,,,,,,,,,,,,,,,,,13.566468327129506,1546.4002649335323,3.3151507975542382,3591.9888840354456,60.871517430698084,0.9927136836356386,39.17222719861514,6.106637011197735,5.96864,7.865600000000001,1083.5069363013936,0.04322792104677887,1.05116477435861,5858703.430865287,32001.6598705067,27.684622588003506,9.56672,3.59808,0.5816928630717494,18,19.332873789052773,214.60553785298544,32061.094353933895,0.00039076908548905546,17.136639999999982,5900.935339955745,13.878908,143.2417,3.2532988,3605.6692,59.929985,0.9789059098923398,40.13331,6.169649124145508,5.9596800000000005,1.89568,1108.3118,0.044283368,1.0858498,2907.5308,32001.6598705067,27.721146,9.52576,3.56608,0.6947458756222575,2902,19.159622,214.60553785298544,66841.29351252722,0.24048717,14.337280000000007,6016.469,,,,,,,,,,,,,,,,,,,,,,,,,,,,,,,,,,,,,,,,,,,,,,,,,,,,,,,,,,,,,,,,,,,,,,,,,,,,,,,,,,,,,,,,,,,,,,,,,,,,,,,,,,,,,,,,,,,,,,,,,,,,,,,,,,,,,,,,,,,,,,,,,,,,,,,,,,,,
H0_20ft_32kHz_epoch_101,H0,20FT,True,0,False,0.22977240175,True,VALID,False,,,,,,,,,,,,,,,,,14.492979348805948,2280.4050373262885,81.46193826804749,3719.0041377034718,73.7876171819863,0.9925932190722782,34.049905591542206,5.615699817771727,9.780479999999999,1.4400000000000002,45.65327337852041,0.059170367426117414,1.1007889437343106,12693055.459565308,32044.917108859576,25.386470549905738,14.66624,4.88576,0.1109663570867222,32,14.900507817068306,143.0736337040289,32056.798933693586,0.00021122158376019507,24.19968,5040.146680073733,16.539421,197.0193,71.84205,3729.3848,72.631134,0.9843842339071333,35.25595,5.687479019165039,9.74592,1.1583999999999999,51.910892,0.060602944,1.2679505,3392.5073,32044.917108859576,26.301529,13.8432,4.09728,0.11701615640342448,5862,14.952925,143.0736337040289,66047.16495130253,0.24091753,24.111359999999998,5134.692,,,,,,,,,,,,,,,,,,,,,,,,,,,,,,,,,,,,,,,,,,,,,,,,,,,,,,,,,,,,,,,,,,,,,,,,,,,,,,,,,,,,,,,,,,,,,,,,,,,,,,,,,,,,,,,,,,,,,,,,,,,,,,,,,,,,,,,,,,,,,,,,,,,,,,,,,,,,
H0_20ft_32kHz_epoch_102,H0,20FT,True,0,False,0.35685208175000005,True,VALID,False,,,,,,,,,,,,,,,,,14.648377412924479,1837.0174856309825,46.53820183398091,3246.883516891267,79.32258816957265,0.9923390644342922,36.84587993806382,5.776845924356068,9.67168,2.7302400000000002,69.76813432692255,0.037113559336803235,1.0026497154306921,11242573.327673925,32041.340268016975,28.598389928917314,14.57664,4.90496,0.18000240827226618,33,18.389838993754047,28.614726740805054,32067.263051988106,0.00024724933609566964,24.241919999999972,4093.2647204477616,16.665691,159.0307,44.346394,3292.3857,78.43536,0.980000079902678,38.347305,5.8674397468566895,9.664000000000001,1.3222399999999999,74.24247,0.038234424,1.1551747,3072.4475,32041.340268016975,29.487047,14.5152,4.8512,0.16674540943383842,5460,18.205212,28.614726740805054,67839.5483492554,0.25185838,24.07552000000002,4197.578,,,,,,,,,,,,,,,,,,,,,,,,,,,,,,,,,,,,,,,,,,,,,,,,,,,,,,,,,,,,,,,,,,,,,,,,,,,,,,,,,,,,,,,,,,,,,,,,,,,,,,,,,,,,,,,,,,,,,,,,,,,,,,,,,,,,,,,,,,,,,,,,,,,,,,,,,,,,
H0_20ft_32kHz_epoch_103,H0,20FT,True,0,False,0.35119576175,True,VALID,False,,,,,,,,,,,,,,,,,14.099724813099574,1546.4342205001203,2.929262905852607,1661.823092292455,38.88839393690899,0.9924702382115892,45.991438824257,6.502530212491751,2.4460800000000003,4.928,567.3178358186537,0.060438405604585084,0.9296866470477694,3323690.1757760406,31984.17349334831,23.737260022953986,9.378559999999998,6.93248,0.6458888004403422,11,13.154182445541817,220.96422045603686,32086.549201844875,0.0005311275665993669,14.378239999999987,4273.313768083333,14.58346,132.28383,3.1530197,2473.4932,56.374653,0.9784881590026385,47.462883,6.588768482208252,4.704,4.4928,784.4839,0.044509593,0.97435576,2217.9233,31984.17349334831,26.758842,9.568,4.864,0.6442986981629693,2305,17.460215,5996.237694677424,69236.12478320772,0.25713512,16.421120000000013,4387.598,,,,,,,,,,,,,,,,,,,,,,,,,,,,,,,,,,,,,,,,,,,,,,,,,,,,,,,,,,,,,,,,,,,,,,,,,,,,,,,,,,,,,,,,,,,,,,,,,,,,,,,,,,,,,,,,,,,,,,,,,,,,,,,,,,,,,,,,,,,,,,,,,,,,,,,,,,,,
H0_20ft_32kHz_epoch_104,H0,20FT,True,0,False,0.25167064175000003,True,VALID,False,,,,,,,,,,,,,,,,,14.316761122919646,1607.5067304569382,61.48334637654893,3690.34363644397,82.59740135983596,0.9928343435428938,38.32472039258161,6.017723703809329,11.19616,3.11168,60.02184093618882,0.04252178299819863,0.939501743250193,4073190.6377246478,32082.336561556644,26.86396230770031,14.76352,3.56736,0.20024102806026695,23,17.70741779778969,221.38212808284516,32078.536414468275,0.00046912803174809794,22.35391999999997,4467.8689349642955,15.370289,140.32256,3.0991902,2477.3787,54.065205,0.9771573125071611,39.772366,6.104527950286865,4.17536,1.2224,799.3632,0.05639263,1.0214612,2105.4512,32082.336561556644,25.110064,9.03808,4.86272,0.5789967437065261,2636,15.659805,221.38212808284516,69810.31045022824,0.26083007,16.857599999999973,4582.2056,,,,,,,,,,,,,,,,,,,,,,,,,,,,,,,,,,,,,,,,,,,,,,,,,,,,,,,,,,,,,,,,,,,,,,,,,,,,,,,,,,,,,,,,,,,,,,,,,,,,,,,,,,,,,,,,,,,,,,,,,,,,,,,,,,,,,,,,,,,,,,,,,,,,,,,,,,,,
H0_20ft_32kHz_epoch_105,H0,20FT,True,0,False,0.14483800175,True,VALID,False,,,,,,,,,,,,,,,,,13.544197624097086,1515.2995370528604,2.1620934059451793,1900.524424432901,44.7878639118797,0.9921661686096258,41.63857784657256,6.235783357027813,4.16896,3.65056,879.0204989325392,0.07914821829316229,0.9157341339312969,3886066.9070303747,32046.6985319148,21.26448807055202,9.72544,5.55648,0.7591600121837037,15,11.239848737837157,168.32133269559563,32081.707743941533,0.0005557879115817374,15.773439999999999,4243.391531625946,14.114449,133.80568,2.100259,1880.6478,43.223125,0.9758958444337502,42.85275,6.3155293464660645,4.0256,3.4624,895.43616,0.08116367,0.96631575,2696.9846,32046.6985319148,21.48888,9.59872,5.57312,0.7405718498443877,2557,11.03932,168.32133269559563,68084.32153384312,0.2498269,15.754240000000003,4351.0225,,,,,,,,,,,,,,,,,,,,,,,,,,,,,,,,,,,,,,,,,,,,,,,,,,,,,,,,,,,,,,,,,,,,,,,,,,,,,,,,,,,,,,,,,,,,,,,,,,,,,,,,,,,,,,,,,,,,,,,,,,,,,,,,,,,,,,,,,,,,,,,,,,,,,,,,,,,,
H0_20ft_32kHz_epoch_106,H0,20FT,True,0,False,0.18505432175,True,VALID,False,,,,,,,,,,,,,,,,,14.899887969060389,1838.2247115133182,1.589365584799655,1612.8773427935992,43.199332018710926,0.9913523618015764,39.93091665721172,6.062155374807018,4.2048,1.48224,1014.7931717023738,0.06114224463157674,0.9449410718974505,8417267.55872858,32043.332105260888,23.778982985914343,8.98688,4.7820800000000006,0.70093717187088,13,13.10958905252921,168.32133269559927,32084.599428064437,0.00025416272295105123,16.582399999999996,3733.5700980167253,17.222765,155.56,1.6963773,1743.2689,45.34454,0.9765691439112766,41.757317,6.157793045043945,4.34816,1.37216,1027.6422,0.059285134,1.1083633,2361.834,32043.332105260888,25.401371,8.93056,4.582400000000001,0.6180274532474691,2636,13.753092,168.32133269559927,68789.72336432696,0.25677007,16.788479999999993,3844.4958,,,,,,,,,,,,,,,,,,,,,,,,,,,,,,,,,,,,,,,,,,,,,,,,,,,,,,,,,,,,,,,,,,,,,,,,,,,,,,,,,,,,,,,,,,,,,,,,,,,,,,,,,,,,,,,,,,,,,,,,,,,,,,,,,,,,,,,,,,,,,,,,,,,,,,,,,,,,
H0_20ft_32kHz_epoch_107,H0,20FT,True,0,False,0.18555096175,True,VALID,False,,,,,,,,,,,,,,,,,16.743935013289214,2114.2828402130385,3.2224107842403993,2117.0621612391747,52.35231938675058,0.9928710422915615,46.08933012159977,6.370278003415153,2.39232,1.27744,656.9808453945748,0.06496085860014549,1.1391506673358438,5249524.911525069,31987.687655377966,24.831408090895934,7.18208,4.789759999999999,0.40796186849056193,20,14.745922456873137,121.61258864842603,32096.61887637972,0.0004591398437035718,16.604160000000007,4043.8746287426425,18.634853,186.94356,3.0842571,2050.1538,49.48376,0.9811468753144437,48.043213,6.46536111831665,2.25792,1.0944,664.7156,0.06844314,1.2832541,2760.468,31987.687655377966,25.43309,7.104,4.84608,0.37448948955086225,3555,14.190635,121.61258864842603,67276.28140347006,0.24844421,16.50048000000001,4143.084,,,,,,,,,,,,,,,,,,,,,,,,,,,,,,,,,,,,,,,,,,,,,,,,,,,,,,,,,,,,,,,,,,,,,,,,,,,,,,,,,,,,,,,,,,,,,,,,,,,,,,,,,,,,,,,,,,,,,,,,,,,,,,,,,,,,,,,,,,,,,,,,,,,,,,,,,,,,
H0_20ft_32kHz_epoch_108,H0,20FT,True,0,False,0.28000600175,True,VALID,False,,,,,,,,,,,,,,,,,17.61518754631537,2578.663140735696,4.362883307669859,2758.240923569899,59.003921696772046,0.9933152185038404,55.58276189337167,7.029732034100017,3.9590399999999994,1.31968,632.2059814711367,0.053673026425439606,1.2148047936510395,16744930.639334606,31985.763163999072,27.088476048131945,8.74112,4.7820800000000006,0.421394495975353,24,16.695782527562997,27.024401062968536,32067.225320986825,0.00015780868874251653,16.832000000000015,4674.673893279091,19.68703,194.31023,4.0505757,2662.57,55.616646,0.9808173839679979,57.877327,7.132465362548828,3.8220799999999997,1.11744,657.33124,0.056836452,1.3739535,3055.4,31985.763163999072,27.578117,7.91296,4.09088,0.37845719733979016,3629,16.47774,27.024401062968536,68102.22914121386,0.250314,16.774399999999968,4787.362,,,,,,,,,,,,,,,,,,,,,,,,,,,,,,,,,,,,,,,,,,,,,,,,,,,,,,,,,,,,,,,,,,,,,,,,,,,,,,,,,,,,,,,,,,,,,,,,,,,,,,,,,,,,,,,,,,,,,,,,,,,,,,,,,,,,,,,,,,,,,,,,,,,,,,,,,,,,
H0_20ft_32kHz_epoch_109,H0,20FT,True,0,False,0.12595544174999998,True,VALID,False,,,,,,,,,,,,,,,,,18.143482900603537,2234.2576683837547,2.533731698847286,2330.0240781849443,50.466366552672035,0.9917521874694487,49.176974417366154,6.505806857096059,4.00128,1.26976,919.6017396967203,0.08187286515134895,1.279556341395326,18215573.697420493,31987.78606547134,23.876716184953462,8.67584,4.6745600000000005,0.5071959298051094,21,12.330268187553003,25.248199904337525,32064.867772151556,0.00012902232037808082,16.666879999999995,4616.984017965776,20.502108,202.20059,2.1638231,2289.492,48.364834,0.9751556204451227,51.54912,6.6146111488342285,2.25408,1.09568,1058.0773,0.079874374,1.4640734,3569.0884,31987.78606547134,25.166718,6.81216,4.55808,0.45305046485220335,2683,13.517147,25.248199904337525,67574.07493285579,0.24921122,16.673279999999984,4733.795,,,,,,,,,,,,,,,,,,,,,,,,,,,,,,,,,,,,,,,,,,,,,,,,,,,,,,,,,,,,,,,,,,,,,,,,,,,,,,,,,,,,,,,,,,,,,,,,,,,,,,,,,,,,,,,,,,,,,,,,,,,,,,,,,,,,,,,,,,,,,,,,,,,,,,,,,,,,
H0_20ft_32kHz_epoch_11,H0,20FT,True,0,False,0.14626520175,True,VALID,False,,,,,,,,,,,,,,,,,15.975106451173165,1512.87490910979,55.23184987736936,2793.324308654709,60.45751167535515,0.9940495893655494,55.80810730173461,7.044636049373235,8.12672,5.31712,50.57452022431208,0.08722046361829675,1.12703881963656,11196305.4421676,32041.64889193393,22.224225931738708,13.972480000000001,5.84576,0.11612066203435834,31,10.49615053616428,82.4774530208415,32049.64520766758,0.00027188727491628256,21.16863999999999,4620.309753491421,17.031538,156.05656,9.133822,3009.484,63.808865,0.9754133354488583,57.445137,7.1438164710998535,3.90784,4.7168,329.48788,0.07549931,1.2140003,3345.639,32041.64889193393,24.066837,8.38784,4.4799999999999995,0.35140423888081557,3895,14.294369,82.4774530208415,72656.97915522335,0.27769893,12.735999999999997,4716.4043,,,,,,,,,,,,,,,,,,,,,,,,,,,,,,,,,,,,,,,,,,,,,,,,,,,,,,,,,,,,,,,,,,,,,,,,,,,,,,,,,,,,,,,,,,,,,,,,,,,,,,,,,,,,,,,,,,,,,,,,,,,,,,,,,,,,,,,,,,,,,,,,,,,,,,,,,,,,
H0_20ft_32kHz_epoch_110,H0,20FT,False,0,False,0.06634328175000001,False,TOO_EARLY,False,,,,,,,,,,,,,,,,,12.67800156873014,2115.117767433821,33.46349166075906,3401.244518207731,35.94462820572064,0.7970408801048596,22.393694757792108,4.568230377123485,8.22784,2.38336,101.64045499749362,0.1084317292858348,1.2800068642145597,8088232.791596577,31986.102852144384,21.42784294291416,12.87936,4.6515200000000005,0.14786272392192287,21,9.813860565450337,35.347479866075446,32075.611906026734,0.0005100698078713818,19.95392,9462.455693633749,14.540783,200.30624,30.745493,3499.4143,36.268143,0.7972537924183997,23.168804,4.619845867156982,8.29312,1.07008,113.81877,0.1072181,1.4824579,6428.3447,31986.102852144384,22.675117,12.85248,4.55936,0.2586715864043028,2961,10.040568,35.347479866075446,61031.542216515416,0.20330247,19.294719999999987,9648.728,,,,,,,,,,,,,,,,,,,,,,,,,,,,,,,,,,,,,,,,,,,,,,,,,,,,,,,,,,,,,,,,,,,,,,,,,,,,,,,,,,,,,,,,,,,,,,,,,,,,,,,,,,,,,,,,,,,,,,,,,,,,,,,,,,,,,,,,,,,,,,,,,,,,,,,,,,,,
H0_20ft_32kHz_epoch_111,H0,20FT,True,0,False,0.13877976174999998,True,VALID,False,,,,,,,,,,,,,,,,,14.443583620736824,2068.1324917807096,93.9436651352136,6667.432432354942,76.69529204817272,0.9941869585264965,43.64424245766275,6.325385082043908,11.31648,3.7439999999999998,70.97266668006914,0.09439405835917639,1.440770197673855,10513370.58265412,31985.899234956665,23.666994109596015,15.22688,3.9103999999999997,0.10795366243346344,29,13.212912361937645,30.403147162105597,32044.13802261191,0.0002834630909479626,27.682559999999995,8693.405102580502,16.133774,210.8116,90.94568,6950.979,78.91855,0.9834253512596075,44.821293,6.396455764770508,10.59712,1.4310399999999999,76.43001,0.08933559,1.6199229,5311.3604,31985.899234956665,25.092594,14.35136,3.75424,0.10195946352677016,5399,14.129028,30.403147162105597,63872.80387711145,0.22040434,27.792640000000006,8807.788,,,,,,,,,,,,,,,,,,,,,,,,,,,,,,,,,,,,,,,,,,,,,,,,,,,,,,,,,,,,,,,,,,,,,,,,,,,,,,,,,,,,,,,,,,,,,,,,,,,,,,,,,,,,,,,,,,,,,,,,,,,,,,,,,,,,,,,,,,,,,,,,,,,,,,,,,,,,
H0_20ft_32kHz_epoch_112,H0,20FT,True,0,False,0.24932184175,True,VALID,False,,,,,,,,,,,,,,,,,16.724433899292485,2334.6359154199017,46.55533237396788,5450.9059752361745,72.8380417745707,0.9938914916573568,48.8585643002783,6.566954640140208,8.4288,2.63808,117.08446051777037,0.06958486135999496,1.547859149461791,6870825.98090276,31989.476075799266,26.92150814802964,13.11872,4.68992,0.17967518469757193,28,15.64014462476916,35.76840842600723,32070.72395118415,0.00048109808303618834,19.92832,7483.597639961717,18.453352,229.43369,5.5101333,4883.659,64.29777,0.9858609283896562,50.400703,6.649290561676025,4.1792,1.3478400000000001,886.3051,0.06722343,1.7205801,4915.8555,31989.476075799266,28.077084,7.96288,3.7836800000000004,0.3310191202660076,3675,17.632614,35.76840842600723,64277.255385236545,0.22375636,16.890879999999996,7595.3794,,,,,,,,,,,,,,,,,,,,,,,,,,,,,,,,,,,,,,,,,,,,,,,,,,,,,,,,,,,,,,,,,,,,,,,,,,,,,,,,,,,,,,,,,,,,,,,,,,,,,,,,,,,,,,,,,,,,,,,,,,,,,,,,,,,,,,,,,,,,,,,,,,,,,,,,,,,,
H0_20ft_32kHz_epoch_113,H0,20FT,True,0,False,0.25183064175000003,True,VALID,False,,,,,,,,,,,,,,,,,14.315620723050877,1991.2563292759771,1115.057873850357,5369.503115213448,82.56011354243938,0.9930175699066547,42.27675260773014,6.17388795489953,22.978559999999998,4.49024,4.815447916224069,0.053314101816116566,1.1644897170370148,7355134.902633443,31990.53217595136,26.782898676161476,26.32064,3.3420799999999997,0.0339795185645584,26,14.862557658595783,34.97275431678281,32048.416729825476,0.0004100304657331635,46.719999999999985,6503.749673809755,15.93017,187.07011,34.903408,4432.209,67.03915,0.9828281270591726,43.471184,6.241200923919678,9.2992,2.0390400000000004,126.98499,0.07133958,1.3065013,4458.8145,31990.53217595136,25.160177,13.10336,3.80416,0.20866103690356522,4308,14.526867,34.97275431678281,68006.77574318135,0.25162813,19.991040000000016,6611.374,,,,,,,,,,,,,,,,,,,,,,,,,,,,,,,,,,,,,,,,,,,,,,,,,,,,,,,,,,,,,,,,,,,,,,,,,,,,,,,,,,,,,,,,,,,,,,,,,,,,,,,,,,,,,,,,,,,,,,,,,,,,,,,,,,,,,,,,,,,,,,,,,,,,,,,,,,,,
H0_20ft_32kHz_epoch_114,H0,20FT,True,0,False,0.29198040175,True,VALID,False,,,,,,,,,,,,,,,,,15.452110056688257,2281.7902681616893,59.62639120353271,3942.882079454473,65.82951239914948,0.99281825123377,45.216549266167895,6.396465500358366,9.46688,4.3839999999999995,66.12645843330704,0.06548097087687565,1.2062239119216995,29999836.49244615,31990.53217595136,25.275280911321374,14.23872,4.77184,0.11980643967582603,30,14.403559140381827,36.56242496754567,32004.082900929418,0.00012111100526119972,23.074560000000023,5989.5355984823445,16.981277,202.5708,53.47011,4146.81,68.06675,0.9833207538789115,46.51145,6.465681552886963,9.27488,2.3552,77.553795,0.06331295,1.3369141,4016.586,31990.53217595136,26.423014,13.8432,4.56832,0.11913389285347425,5571,15.03544,36.56242496754567,67900.78701827413,0.25252464,23.157760000000028,6092.2695,,,,,,,,,,,,,,,,,,,,,,,,,,,,,,,,,,,,,,,,,,,,,,,,,,,,,,,,,,,,,,,,,,,,,,,,,,,,,,,,,,,,,,,,,,,,,,,,,,,,,,,,,,,,,,,,,,,,,,,,,,,,,,,,,,,,,,,,,,,,,,,,,,,,,,,,,,,,
H0_20ft_32kHz_epoch_115,H0,20FT,True,0,False,0.33746776175000004,True,VALID,False,,,,,,,,,,,,,,,,,13.53921523368285,2320.199674280528,80.04701886106196,4682.849861547907,63.0905348561027,0.9932570197077352,39.16428037859665,5.964024030082365,9.308159999999999,4.4032,58.50123999830586,0.07090888190296846,1.2888623153665868,12060925.288098343,31989.483779124563,25.18565475272053,14.202879999999999,4.89472,0.10104615279064443,35,14.471098476810738,38.15312037584226,32012.55107895015,0.0003092282949721262,22.946560000000005,7422.428534214391,15.063787,195.94444,3.4251196,3672.6824,48.81767,0.9854565626828892,40.15987,6.025570869445801,3.91936,2.3552,1072.2786,0.0719733,1.4437013,4852.2676,31989.483779124563,25.91282,8.034559999999999,4.115200000000001,0.462218029032973,3231,15.75507,38.15312037584226,64805.7373038121,0.2292461,16.833280000000006,7523.264,,,,,,,,,,,,,,,,,,,,,,,,,,,,,,,,,,,,,,,,,,,,,,,,,,,,,,,,,,,,,,,,,,,,,,,,,,,,,,,,,,,,,,,,,,,,,,,,,,,,,,,,,,,,,,,,,,,,,,,,,,,,,,,,,,,,,,,,,,,,,,,,,,,,,,,,,,,,
H0_20ft_32kHz_epoch_116,H0,20FT,True,0,False,0.31104728175,True,VALID,False,,,,,,,,,,,,,,,,,15.468919878933804,2072.7930028212504,45.793239416510445,4006.047591955471,60.77194068234304,0.9928538818784042,50.657594052256535,6.692569911885835,9.47072,4.4044799999999995,87.4812012208627,0.07132519841296941,1.2668058353616605,4696651.425057109,31992.121846602124,24.975632109094285,14.29248,4.821759999999999,0.1027784213940258,28,13.71061182488962,68.35583798280277,32061.523234086093,0.0006643886524174978,27.773439999999983,6591.936257055134,16.943708,188.17688,3.0235407,2999.5051,44.73209,0.9825011593215992,52.129906,6.776347637176514,3.89248,2.39744,992.0505,0.07344148,1.3994818,4101.012,31992.121846602124,25.50756,8.00512,4.11264,0.43048857960984366,3448,14.723854,68.35583798280277,67998.03157674015,0.24937584,16.614399999999975,6705.4883,,,,,,,,,,,,,,,,,,,,,,,,,,,,,,,,,,,,,,,,,,,,,,,,,,,,,,,,,,,,,,,,,,,,,,,,,,,,,,,,,,,,,,,,,,,,,,,,,,,,,,,,,,,,,,,,,,,,,,,,,,,,,,,,,,,,,,,,,,,,,,,,,,,,,,,,,,,,
H0_20ft_32kHz_epoch_117,H0,20FT,True,0,False,0.34220504175000005,True,VALID,False,,,,,,,,,,,,,,,,,14.942570061961087,468.8420961563317,1.4128936694320415,1714.144541500877,37.008021798062806,0.9906560197613024,45.37927856027384,6.444404731866155,4.1536,5.35296,1213.2155296511391,0.05602877383686441,1.0257573815833765,1995039.7696287553,32050.93966068035,25.24552949837437,9.01376,4.86016,0.6771067531791126,19,14.127811483628482,135.12200531484268,32098.27807931137,0.0010611670618121288,16.582399999999996,4631.818882009433,16.796698,156.27852,1.3979462,1702.0435,35.864864,0.9791865575186737,46.654617,6.509527206420898,4.11904,2.0032,1217.5314,0.057677824,1.1671273,2683.0232,32050.93966068035,26.077759,8.98816,4.869120000000001,0.6174131994113112,3160,13.85924,135.12200531484268,69033.42971401277,0.26029527,16.529920000000033,4745.713,,,,,,,,,,,,,,,,,,,,,,,,,,,,,,,,,,,,,,,,,,,,,,,,,,,,,,,,,,,,,,,,,,,,,,,,,,,,,,,,,,,,,,,,,,,,,,,,,,,,,,,,,,,,,,,,,,,,,,,,,,,,,,,,,,,,,,,,,,,,,,,,,,,,,,,,,,,,
H0_20ft_32kHz_epoch_118,H0,20FT,True,0,False,0.35155672175,True,VALID,False,,,,,,,,,,,,,,,,,15.350950224519808,2126.4208340318655,39.034087038897226,3698.9094925158665,58.72829182733543,0.9924734278602115,48.83838282745002,6.648161351051078,9.38624,5.24416,94.76100949475321,0.06719320047406986,1.2288305418712608,11850392.781535376,31985.763163999072,25.23840879014328,14.46656,5.08032,0.1686241276925892,22,13.829373889880578,128.76332271179126,32033.160533642953,0.0002325710056215579,22.795520000000014,6298.343400470109,16.499477,182.53209,2.3006282,2804.6418,43.745087,0.9819646520135376,50.010838,6.717394828796387,4.36224,1.9929599999999998,1219.0765,0.06524418,1.3325633,3439.5571,31985.763163999072,26.13813,9.23008,4.86784,0.5601061820298897,3094,14.84185,128.76332271179126,66729.55517956227,0.2395839,16.476160000000018,6411.3296,,,,,,,,,,,,,,,,,,,,,,,,,,,,,,,,,,,,,,,,,,,,,,,,,,,,,,,,,,,,,,,,,,,,,,,,,,,,,,,,,,,,,,,,,,,,,,,,,,,,,,,,,,,,,,,,,,,,,,,,,,,,,,,,,,,,,,,,,,,,,,,,,,,,,,,,,,,,
H0_20ft_32kHz_epoch_119,H0,20FT,False,0,False,0.09899736175000001,False,TOO_EARLY,False,,,,,,,,,,,,,,,,,15.017138320482289,2193.5067279329705,2.859320667758607,2867.5585536385497,52.183768870672544,0.9921775782081173,44.157659305545636,6.334346188323541,6.96704,4.28416,1002.881064013752,0.10125102290365506,1.1554074816870126,4906366.158943257,32097.19493172348,21.130258937007966,10.461440000000001,3.4943999999999997,0.5803563666008871,13,10.569227051970813,127.92421284865486,32044.84446715557,0.0003573946543434628,17.845759999999988,5495.115848656296,15.265506,181.93811,2.3803735,2305.9316,41.21801,0.9781252131486446,45.262287,6.397821426391602,5.78944,1.3222399999999999,968.7268,0.119589485,1.1850879,2879.9055,32097.19493172348,19.799196,10.37184,4.582400000000001,0.5847833539444484,2394,8.213713,127.92421284865486,65877.27560463129,0.23949172,16.7808,5594.476,,,,,,,,,,,,,,,,,,,,,,,,,,,,,,,,,,,,,,,,,,,,,,,,,,,,,,,,,,,,,,,,,,,,,,,,,,,,,,,,,,,,,,,,,,,,,,,,,,,,,,,,,,,,,,,,,,,,,,,,,,,,,,,,,,,,,,,,,,,,,,,,,,,,,,,,,,,,
H0_20ft_32kHz_epoch_12,H0,20FT,True,0,False,0.31197784175000004,True,VALID,False,,,,,,,,,,,,,,,,,14.796361782506473,1679.3349426615746,25.876088779352475,1667.3918009676522,31.151427619356355,0.9944354617606663,57.74389239539686,7.271541218543548,6.3488,4.42624,64.43755140829245,0.08541281468765487,1.091888673265119,4979972.465698511,32017.55657701433,22.105120958857146,13.89184,7.54304,0.13599523670253677,28,8.457313948901264,81.07320318890561,32055.633576289933,0.0005491419240155637,22.63552000000002,5352.537358292899,15.708201,152.1416,41.361607,3887.1995,71.35818,0.9808755798555229,58.98223,7.3530402183532715,9.4464,4.43136,93.980865,0.054170374,1.1694096,3096.4685,32017.55657701433,26.594763,13.85088,4.4044799999999995,0.14895334922437636,5544,16.106941,81.07320318890561,71135.39810762837,0.2655402,25.76512000000003,5447.448,,,,,,,,,,,,,,,,,,,,,,,,,,,,,,,,,,,,,,,,,,,,,,,,,,,,,,,,,,,,,,,,,,,,,,,,,,,,,,,,,,,,,,,,,,,,,,,,,,,,,,,,,,,,,,,,,,,,,,,,,,,,,,,,,,,,,,,,,,,,,,,,,,,,,,,,,,,,
H0_20ft_32kHz_epoch_120,H0,20FT,True,0,False,0.20279768175,True,VALID,False,,,,,,,,,,,,,,,,,14.051169314599564,1732.6004281282624,36.827677531106026,3411.6692247155697,65.46592475001982,0.9918644584862572,37.088907447486505,5.838932250710087,8.643839999999999,2.70336,92.638728625509,0.0727150643550649,1.085208208662518,4328958.016373844,32093.204460234687,23.47063615881019,13.703679999999999,5.05984,0.14801599970822252,29,13.030960809488054,128.76627033362456,32080.027138251604,0.0004883663129740514,28.024319999999992,5211.366428783963,15.102752,157.42924,36.807842,3583.503,67.3386,0.9817723770461765,38.069225,5.904593467712402,8.82816,1.7689599999999999,97.35705,0.070825495,1.1786987,3223.4976,32093.204460234687,24.364868,13.69088,4.86272,0.14096782538929153,5219,13.472998,128.76627033362456,67268.75660135059,0.24322903,28.204800000000002,5321.618,,,,,,,,,,,,,,,,,,,,,,,,,,,,,,,,,,,,,,,,,,,,,,,,,,,,,,,,,,,,,,,,,,,,,,,,,,,,,,,,,,,,,,,,,,,,,,,,,,,,,,,,,,,,,,,,,,,,,,,,,,,,,,,,,,,,,,,,,,,,,,,,,,,,,,,,,,,,
H0_20ft_32kHz_epoch_121,H0,20FT,True,0,False,0.33576792175000003,True,VALID,False,,,,,,,,,,,,,,,,,12.791899822646132,1306.3966669562142,1.2983431535935057,1368.565071806445,33.16672593716204,0.9911403229620693,38.70151360993549,6.002102757468434,4.30592,3.1232,1054.0857923565522,0.05655700561951593,0.8791060568704142,4294622.465335969,32050.282370123477,23.775770905021723,9.56032,5.2544,0.8189663564571992,20,12.811867608349392,67.95997600941337,32072.792985560427,0.0005931948527580327,16.00640000000003,4126.319475727893,13.882878,126.30819,1.2999179,1376.2902,32.45249,0.9794411968981008,40.0927,6.092230319976807,4.277760000000001,2.06848,1058.7516,0.057981655,0.96724266,2964.2449,32050.282370123477,24.443407,9.528319999999999,5.250559999999999,0.7505884250937551,4026,12.633328,67.95997600941337,67902.72024128519,0.2482206,15.842560000000006,4240.9385,,,,,,,,,,,,,,,,,,,,,,,,,,,,,,,,,,,,,,,,,,,,,,,,,,,,,,,,,,,,,,,,,,,,,,,,,,,,,,,,,,,,,,,,,,,,,,,,,,,,,,,,,,,,,,,,,,,,,,,,,,,,,,,,,,,,,,,,,,,,,,,,,,,,,,,,,,,,
H0_20ft_32kHz_epoch_122,H0,20FT,True,0,False,0.42569432175000005,True,VALID,False,,,,,,,,,,,,,,,,,15.238878241412369,1740.2366263073918,32.12341766124478,2165.3301629088546,40.31861390409806,0.9925597235977872,39.85177851522595,6.06715367688217,3.7657599999999998,2.7904,67.40659371116665,0.06806200615074023,1.1264342081832643,3717535.4483271316,32049.349990029586,24.374588663320765,12.34816,8.5824,0.1600866091277767,25,12.085904286871525,222.5538911067997,32059.79946488563,0.00046311064061920295,23.72095999999996,5370.547132545958,16.216839,171.65569,30.035513,2195.1885,40.079586,0.9787606726882204,40.922577,6.136214256286621,3.65184,1.2825600000000001,73.08643,0.068748936,1.2105536,2655.2656,32049.349990029586,24.855387,12.18176,8.52992,0.16597638963018693,4403,12.109761,222.5538911067997,67747.93375259916,0.24890827,23.81952000000004,5477.0737,,,,,,,,,,,,,,,,,,,,,,,,,,,,,,,,,,,,,,,,,,,,,,,,,,,,,,,,,,,,,,,,,,,,,,,,,,,,,,,,,,,,,,,,,,,,,,,,,,,,,,,,,,,,,,,,,,,,,,,,,,,,,,,,,,,,,,,,,,,,,,,,,,,,,,,,,,,,
H0_20ft_32kHz_epoch_123,H0,20FT,True,0,False,0.41240024175,True,VALID,False,,,,,,,,,,,,,,,,,14.671914459603027,1471.5321941798227,17.55724392530522,1681.9732300880337,35.951686924852424,0.9921941427983831,43.173279050430494,6.303210245174529,2.0928,3.14368,95.79938840298581,0.0664991676016358,1.0415886948907904,3664700.8111243616,32092.14529174261,23.870960875685398,10.54464,8.45184,0.16669777590699678,22,11.872837141849299,223.86737248514328,32088.867144479853,0.0005812978100767892,24.079359999999994,4678.426449372798,16.153612,150.38797,2.7017655,2489.1406,51.853836,0.9767795797809318,44.868084,6.399661540985107,4.86144,1.02656,921.3015,0.045982976,1.1616184,2640.2556,32092.14529174261,27.920002,9.442559999999999,4.58112,0.6014315869455165,3043,17.257004,223.86737248514328,67514.13144852282,0.2450736,16.89215999999999,4800.302,,,,,,,,,,,,,,,,,,,,,,,,,,,,,,,,,,,,,,,,,,,,,,,,,,,,,,,,,,,,,,,,,,,,,,,,,,,,,,,,,,,,,,,,,,,,,,,,,,,,,,,,,,,,,,,,,,,,,,,,,,,,,,,,,,,,,,,,,,,,,,,,,,,,,,,,,,,,
H0_20ft_32kHz_epoch_124,H0,20FT,False,0,False,0.0014050417500000001,False,TOO_EARLY,False,,,,,,,,,,,,,,,,,12.390761800110544,9.743837187116613,18.12498782581965,2690.4657732312116,39.890995867682186,0.844480073844438,27.099221755872602,5.039445972078789,4.1433599999999995,4.39424,148.43959064053774,0.06996965862082806,1.026402899789775,254218.31207347184,32052.529331331112,23.298130140054884,12.56704,8.42368,0.20589129293128522,24,12.705251892512518,117.63562815645128,32632.367350444423,0.01023692845115422,22.160640000000065,6744.544012276367,13.115101,10.367697,17.895218,2775.6328,40.469864,0.84478712605775,27.819962,5.1019368171691895,4.14976,3.9168,155.10472,0.07019074,1.0955454,4138.0137,32052.529331331112,23.781761,12.45312,8.30336,0.21590471366963215,4713,12.860039,117.63562815645128,64217.922032479226,0.23081638,22.22079999999993,6858.5176,,,,,,,,,,,,,,,,,,,,,,,,,,,,,,,,,,,,,,,,,,,,,,,,,,,,,,,,,,,,,,,,,,,,,,,,,,,,,,,,,,,,,,,,,,,,,,,,,,,,,,,,,,,,,,,,,,,,,,,,,,,,,,,,,,,,,,,,,,,,,,,,,,,,,,,,,,,,
H0_20ft_32kHz_epoch_125,H0,20FT,True,0,False,0.46696792175,True,VALID,False,,,,,,,,,,,,,,,,,13.46074613783236,119.69490400058955,1.17807690919574,1806.9244152430908,40.98284381376655,0.9813385237716343,36.93363949053058,5.853824456040857,5.19168,2.7392,1533.7915556604366,0.03807570182179598,0.9276788376358271,327316.92409212515,32048.381745241757,27.72716165990893,9.84576,4.6540799999999996,0.9076803595922096,11,17.324057836456433,21.881773250428523,32632.374283999223,0.006316083720643009,16.654080000000015,4408.977628429206,16.512377,112.810745,1.1415964,1815.1956,40.10655,0.9702445449261803,38.3627,5.934865474700928,4.7872,1.1456000000000002,1590.05,0.03884798,1.1529839,3193.166,32048.381745241757,29.423622,9.37216,4.58496,0.7446717976660294,3323,17.389748,21.881773250428523,66455.79615562045,0.24403445,16.705279999999988,4525.933,,,,,,,,,,,,,,,,,,,,,,,,,,,,,,,,,,,,,,,,,,,,,,,,,,,,,,,,,,,,,,,,,,,,,,,,,,,,,,,,,,,,,,,,,,,,,,,,,,,,,,,,,,,,,,,,,,,,,,,,,,,,,,,,,,,,,,,,,,,,,,,,,,,,,,,,,,,,
H0_20ft_32kHz_epoch_126,H0,20FT,False,0,False,0.04877144175,False,TOO_EARLY,False,,,,,,,,,,,,,,,,,13.43630920770432,7.262442081336096,2.380823524933267,2995.475789679803,24.323784888833412,0.7977746304494856,25.841395568517502,4.803064450263012,4.334079999999999,2.86976,1258.1679231195963,0.06944339457152784,1.5039759274375963,10879063.945013957,31984.17349334831,26.69474485461448,8.97024,4.63616,0.5120106208392025,14,14.700474264482658,128.76332271179126,32063.552220845853,0.00036064947779534435,16.902399999999986,12315.00690936855,15.253161,8.240875,2.3739207,3064.7603,24.534767,0.7978787592817712,26.627943,4.857444763183594,4.3814400000000004,1.31968,1291.0121,0.06953184,1.7195339,6440.8975,31984.17349334831,27.786549,8.281600000000001,3.90016,0.45498698880016325,2973,15.133638,128.76332271179126,59608.81641189592,0.19718908,16.890880000000053,12491.5,,,,,,,,,,,,,,,,,,,,,,,,,,,,,,,,,,,,,,,,,,,,,,,,,,,,,,,,,,,,,,,,,,,,,,,,,,,,,,,,,,,,,,,,,,,,,,,,,,,,,,,,,,,,,,,,,,,,,,,,,,,,,,,,,,,,,,,,,,,,,,,,,,,,,,,,,,,,
H0_20ft_32kHz_epoch_127,H0,20FT,True,0,False,0.44886616175000005,True,VALID,False,,,,,,,,,,,,,,,,,18.365070479934673,666.0397411013272,9.0417487772018,2723.7093854680447,52.265242071967364,0.9912877465435862,61.89411291014784,7.294761837169472,7.42272,2.82496,301.2370120628437,0.055558035865848385,1.3372421760791002,5423861.347956885,32046.17064872806,27.585249671778328,12.098559999999999,4.67584,0.23964799469196493,15,14.934571717706017,131.94266401331697,32086.069386073195,0.0004310613574238884,19.08479999999996,5211.320712372368,20.965752,206.36835,2.2056155,2167.7546,40.665173,0.9763550433143944,64.21327,7.400758266448975,4.40704,1.33632,982.83435,0.055257294,1.5440017,2823.8296,32046.17064872806,28.911362,8.98176,4.57472,0.4443710925511648,2998,15.28587,131.94266401331697,67678.79197863885,0.24871321,16.80128000000003,5330.7397,,,,,,,,,,,,,,,,,,,,,,,,,,,,,,,,,,,,,,,,,,,,,,,,,,,,,,,,,,,,,,,,,,,,,,,,,,,,,,,,,,,,,,,,,,,,,,,,,,,,,,,,,,,,,,,,,,,,,,,,,,,,,,,,,,,,,,,,,,,,,,,,,,,,,,,,,,,,
H0_20ft_32kHz_epoch_128,H0,20FT,True,0,False,0.41183832175,True,VALID,False,,,,,,,,,,,,,,,,,16.878752660961666,2261.583655944672,1.8200790942972929,2491.2138017736734,44.29394173597634,0.9920641194168177,45.61723608688259,6.288579184313856,4.289280000000001,2.72256,1368.7393089558639,0.05211822837317559,1.3542488717100463,22084629.42507427,31987.687655377966,28.2350990899136,8.91776,4.62848,0.5369551935724757,21,16.417407164148283,25.037885898207605,32056.31744421461,0.0001318944016147433,16.76928,5624.2766033852895,19.338991,217.87975,1.7141558,2500.7212,43.560688,0.9798392854241962,47.477997,6.378371238708496,4.08064,1.35936,1458.8646,0.05199183,1.5676315,4221.5327,31987.687655377966,29.556892,7.9104,3.8297600000000003,0.4788067462768377,3689,16.987082,25.037885898207605,66268.45248951041,0.23936924,16.87808000000002,5740.7754,,,,,,,,,,,,,,,,,,,,,,,,,,,,,,,,,,,,,,,,,,,,,,,,,,,,,,,,,,,,,,,,,,,,,,,,,,,,,,,,,,,,,,,,,,,,,,,,,,,,,,,,,,,,,,,,,,,,,,,,,,,,,,,,,,,,,,,,,,,,,,,,,,,,,,,,,,,,
H0_20ft_32kHz_epoch_129,H0,20FT,True,0,False,0.48014424175000003,True,VALID,False,,,,,,,,,,,,,,,,,17.1594273465117,62.68033772671654,2.048957266206483,2309.492243273891,46.50711487336491,0.9592170406559768,50.386753675439216,6.649361119336951,5.1904,3.8515200000000003,1127.1549101409844,0.04478281517732346,1.219677214934121,169316.76987678086,31984.17349334831,28.656261717862748,9.85472,4.66432,0.6164458959877542,14,16.98241660524208,130.35299336255412,33166.18824039318,0.01383915556510947,16.715519999999984,4965.8901644671005,19.896715,68.670944,2.1089995,2405.7566,47.22319,0.9527996183009502,52.74535,6.769773483276367,5.23008,1.16992,1140.7098,0.044926725,1.4324293,3172.221,31984.17349334831,30.016575,9.79968,4.5696,0.5356291914639773,2982,17.155987,130.35299336255412,68050.2871430412,0.25007054,16.843520000000055,5094.439,,,,,,,,,,,,,,,,,,,,,,,,,,,,,,,,,,,,,,,,,,,,,,,,,,,,,,,,,,,,,,,,,,,,,,,,,,,,,,,,,,,,,,,,,,,,,,,,,,,,,,,,,,,,,,,,,,,,,,,,,,,,,,,,,,,,,,,,,,,,,,,,,,,,,,,,,,,,
H0_20ft_32kHz_epoch_13,H0,20FT,True,0,False,0.31427672175000004,True,VALID,False,,,,,,,,,,,,,,,,,15.733116855669758,2034.8982888575179,437.39334393804745,4554.234936751577,74.53750517288714,0.9938313875754776,56.98711635143648,7.005158611876139,17.54624,4.7424,10.4122182009082,0.05596048231891997,1.2764230124419096,8311492.81299367,31979.369998836562,27.149905738778408,23.11168,5.56544,0.05247655042818258,34,14.288745781944234,92.57673298257941,32063.986234447642,0.0003706314370969435,36.26879999999999,6109.991106072191,16.417778,173.07019,86.693016,4493.847,72.3931,0.9829203760483571,58.544586,7.104160785675049,14.03776,4.072959999999999,51.836323,0.057743777,1.3425627,3652.5493,31979.369998836562,27.245586,19.61984,5.5820799999999995,0.11018885954400513,5725,14.667729,92.57673298257941,68381.81244568572,0.24961138,30.32575999999998,6207.563,,,,,,,,,,,,,,,,,,,,,,,,,,,,,,,,,,,,,,,,,,,,,,,,,,,,,,,,,,,,,,,,,,,,,,,,,,,,,,,,,,,,,,,,,,,,,,,,,,,,,,,,,,,,,,,,,,,,,,,,,,,,,,,,,,,,,,,,,,,,,,,,,,,,,,,,,,,,
H0_20ft_32kHz_epoch_130,H0,20FT,True,0,False,0.41392600175000005,True,VALID,False,,,,,,,,,,,,,,,,,16.576161657782677,1803.1333858588682,2.2044863950877938,1799.1301929084302,37.19316312980174,0.9918617290843942,54.22882684761198,6.902161819736096,4.79744,4.32512,816.1221574862834,0.058210838175045514,1.131843317806318,7611183.752491045,32010.048519733675,25.716669141759407,9.4208,4.62336,0.573849153045993,16,13.813826007138882,121.98607057626214,32048.09599254124,0.0002815699515917127,16.75647999999996,4837.260511104003,19.865744,182.51733,1.6200604,1640.6688,33.059383,0.9763700330413608,56.546074,7.017560005187988,2.53824,0.98816,1012.72076,0.058851063,1.373949,2643.5725,32010.048519733675,27.342442,7.1078399999999995,4.5696,0.482957732058944,3562,14.536045,121.98607057626214,68761.36698889044,0.25270304,16.771840000000036,4962.7935,,,,,,,,,,,,,,,,,,,,,,,,,,,,,,,,,,,,,,,,,,,,,,,,,,,,,,,,,,,,,,,,,,,,,,,,,,,,,,,,,,,,,,,,,,,,,,,,,,,,,,,,,,,,,,,,,,,,,,,,,,,,,,,,,,,,,,,,,,,,,,,,,,,,,,,,,,,,
H0_20ft_32kHz_epoch_131,H0,20FT,True,0,False,0.20159576175,True,VALID,False,,,,,,,,,,,,,,,,,17.599431518345106,1409.1218943095123,2.100518303789916,2518.46750656326,49.30947726357247,0.9919675866971744,48.25703569743131,6.387439984517728,4.2969599999999994,1.89952,1198.9743207755143,0.06570795326558315,1.305452831726984,5281130.541138407,31986.102852144384,25.931725158637082,8.98048,4.68352,0.5482814040804709,19,14.426560803350323,23.564986577384843,32076.106516683605,0.00047966166870909183,16.956159999999997,5107.471517293363,19.93515,200.52386,2.132981,2624.3533,50.23359,0.9797597177968494,50.488922,6.495756149291992,4.33152,1.13536,1230.3688,0.06421933,1.4955227,3563.8745,31986.102852144384,27.280409,8.12544,3.79392,0.48677881070554085,3569,15.237656,23.564986577384843,66930.46453488535,0.24150242,17.070080000000015,5224.3,,,,,,,,,,,,,,,,,,,,,,,,,,,,,,,,,,,,,,,,,,,,,,,,,,,,,,,,,,,,,,,,,,,,,,,,,,,,,,,,,,,,,,,,,,,,,,,,,,,,,,,,,,,,,,,,,,,,,,,,,,,,,,,,,,,,,,,,,,,,,,,,,,,,,,,,,,,,
H0_20ft_32kHz_epoch_132,H0,20FT,True,0,False,0.46654040175,True,VALID,False,,,,,,,,,,,,,,,,,14.922872626226999,170.03957784184726,2.2314024224190634,2172.605831333913,51.1023382061814,0.9847288800093976,45.852155026341435,6.445626397408899,7.01568,5.472,973.6503866381788,0.038737731230388636,0.9552677492856323,898810.0375192757,32050.710543259094,27.829007430322985,10.361600000000001,3.34592,0.674557003978438,22,17.753072019179097,126.50407319019723,32216.120124651185,0.003002746459357424,18.03391999999998,4251.480279763522,16.189724,113.975746,1.9469924,1755.4781,40.153065,0.9693328324247206,47.46029,6.544810771942139,5.73056,1.18272,901.63586,0.04802759,1.0509461,2768.319,32050.710543259094,26.787308,10.30784,4.57728,0.6420642073054881,3179,14.987935,126.50407319019723,71557.30117804087,0.2723565,16.797439999999998,4371.9653,,,,,,,,,,,,,,,,,,,,,,,,,,,,,,,,,,,,,,,,,,,,,,,,,,,,,,,,,,,,,,,,,,,,,,,,,,,,,,,,,,,,,,,,,,,,,,,,,,,,,,,,,,,,,,,,,,,,,,,,,,,,,,,,,,,,,,,,,,,,,,,,,,,,,,,,,,,,
H0_20ft_32kHz_epoch_133,H0,20FT,True,0,False,0.33599064175000004,True,VALID,False,,,,,,,,,,,,,,,,,15.375815604848409,2679.8722841624335,28.10397965326367,3358.0700273817533,57.86147889544202,0.9926335557216157,49.4028502106837,6.628240696842601,8.846079999999999,4.4249600000000004,119.48734908043443,0.06625223214710127,1.2157599693085468,13685842.170455176,32093.828505069567,25.26950580885922,13.72032,4.87424,0.18109564885154014,20,13.761461178979268,132.97385282952018,32054.10643474054,0.0002296777606819433,20.967679999999987,5803.636705259229,16.744505,201.54517,2.02753,2312.2344,39.178883,0.9837417735817539,50.45578,6.689168453216553,2.2502400000000002,1.8944,1140.4193,0.06738861,1.3351245,3631.4895,32093.828505069567,25.868559,7.1168000000000005,4.86656,0.5046323446164748,3281,14.852466,132.97385282952018,67833.97901335546,0.25133038,16.78592000000001,5901.737,,,,,,,,,,,,,,,,,,,,,,,,,,,,,,,,,,,,,,,,,,,,,,,,,,,,,,,,,,,,,,,,,,,,,,,,,,,,,,,,,,,,,,,,,,,,,,,,,,,,,,,,,,,,,,,,,,,,,,,,,,,,,,,,,,,,,,,,,,,,,,,,,,,,,,,,,,,,
H0_20ft_32kHz_epoch_134,H0,20FT,True,0,False,0.40850648175000004,True,VALID,False,,,,,,,,,,,,,,,,,16.900257518230084,2309.1742646210014,20.93842950534755,3887.924836211529,55.22465432897342,0.9930649192724901,64.03572822216286,7.496569978138721,8.09984,4.35712,185.6836891810096,0.06790550769599131,1.3921574261938672,26009258.583595105,32095.89056939845,26.227784468034,13.02528,4.92544,0.19993828786710965,20,14.409643046606192,72.28804182296881,32027.8449067045,0.00010923881871145686,22.90688000000002,7040.1976860753075,18.027752,201.87035,3.3987596,3200.434,44.733727,0.9804363006948572,65.42642,7.577031135559082,3.5251200000000003,2.38592,941.64764,0.067923106,1.4970322,3433.542,32095.89056939845,26.793953,7.610880000000001,4.08576,0.39294710247223763,3366,15.893112,72.28804182296881,68355.42774314867,0.25132748,16.782080000000033,7154.4097,,,,,,,,,,,,,,,,,,,,,,,,,,,,,,,,,,,,,,,,,,,,,,,,,,,,,,,,,,,,,,,,,,,,,,,,,,,,,,,,,,,,,,,,,,,,,,,,,,,,,,,,,,,,,,,,,,,,,,,,,,,,,,,,,,,,,,,,,,,,,,,,,,,,,,,,,,,,
H0_20ft_32kHz_epoch_135,H0,20FT,True,0,False,0.28992088175,True,VALID,False,,,,,,,,,,,,,,,,,15.239628810196482,1958.0809654823436,2.958609052347797,2824.816729136745,50.56173261586622,0.9930264918534165,46.61979304135479,6.533272073206015,2.2259200000000003,2.05696,954.77864062331,0.06241603486560702,1.1822739529079869,5515413.031834739,32090.462078415654,25.543579753083865,7.176959999999999,4.95104,0.4808768963021692,17,16.348440492798776,198.61917258080211,32053.885102951863,0.0004291072002815452,16.426239999999982,5586.866950540912,16.851656,175.3483,2.93371,2869.5337,50.387756,0.9825341032255203,47.864952,6.608037948608398,2.2297599999999997,1.6601599999999999,978.1245,0.062581666,1.3199128,2751.206,32090.462078415654,26.392088,6.29888,4.06912,0.45673658723341304,3178,16.954926,198.61917258080211,67922.94663702417,0.2480285,16.472319999999986,5694.9023,,,,,,,,,,,,,,,,,,,,,,,,,,,,,,,,,,,,,,,,,,,,,,,,,,,,,,,,,,,,,,,,,,,,,,,,,,,,,,,,,,,,,,,,,,,,,,,,,,,,,,,,,,,,,,,,,,,,,,,,,,,,,,,,,,,,,,,,,,,,,,,,,,,,,,,,,,,,
H0_20ft_32kHz_epoch_136,H0,20FT,True,0,False,0.39768920175,True,VALID,False,,,,,,,,,,,,,,,,,18.462402444722244,1133.3041186061143,3.798796775625144,2724.082914364335,9.18464891185562,0.5336328277474836,51.996901928679684,6.715811394366641,3.6928,1.8611199999999999,717.0909830825761,0.05938711747182285,1.4033294371408198,130661117.1423392,32089.66573786855,27.44508436147662,7.38816,3.69536,0.38545119887438595,19,16.496276050507884,197.23324131063418,32030.861585446444,3.870064336065825e-05,16.84224000000034,29659.085943372942,20.252222,202.83405,3.1788745,2571.019,8.492914,0.5333096099236001,53.56124,6.807607650756836,2.2182399999999998,1.12896,808.78284,0.06098639,1.5552123,6102.8076,32089.66573786855,28.123043,5.9622399999999995,3.7439999999999998,0.35923476855015146,2700,16.94588,197.23324131063418,71351.45538222254,0.27049512,16.742400000000046,30272.518,,,,,,,,,,,,,,,,,,,,,,,,,,,,,,,,,,,,,,,,,,,,,,,,,,,,,,,,,,,,,,,,,,,,,,,,,,,,,,,,,,,,,,,,,,,,,,,,,,,,,,,,,,,,,,,,,,,,,,,,,,,,,,,,,,,,,,,,,,,,,,,,,,,,,,,,,,,,
H0_20ft_32kHz_epoch_137,H0,20FT,True,0,False,0.25130584175000004,True,VALID,False,,,,,,,,,,,,,,,,,15.323783932421557,1838.205734636466,2.2065189770459748,1637.2517344485877,39.943905834761075,0.9920121341930285,50.76616662540163,6.704953702905909,3.91168,5.332479999999999,742.0066409944379,0.06548398890804762,0.9895598143855473,8537687.941594174,32046.17064872806,23.537635453631257,8.762880000000001,4.8512,0.5104813020978411,24,12.693214026639,122.40464010873984,32016.854107020892,0.0002484985239163293,15.965439999999997,4098.877413794958,16.93751,157.58057,2.1347938,1614.0626,38.46228,0.9787299951140395,52.136093,6.782754898071289,3.8182400000000003,2.1196800000000002,756.0743,0.06705549,1.106715,2393.0713,32044.580978077298,24.254921,8.68352,4.865279999999999,0.483196586138561,3745,12.458134,122.40464010873984,70793.42751502187,0.26903543,15.892479999999987,4196.482,,,,,,,,,,,,,,,,,,,,,,,,,,,,,,,,,,,,,,,,,,,,,,,,,,,,,,,,,,,,,,,,,,,,,,,,,,,,,,,,,,,,,,,,,,,,,,,,,,,,,,,,,,,,,,,,,,,,,,,,,,,,,,,,,,,,,,,,,,,,,,,,,,,,,,,,,,,,
H0_20ft_32kHz_epoch_138,H0,20FT,True,0,False,0.28463320175,True,VALID,False,,,,,,,,,,,,,,,,,13.424806966634021,1291.5976348257225,25.709204196100096,2032.6683222056388,60.60776159570488,0.9920683398905452,37.53947999055362,5.879628043579565,8.3712,2.04544,79.06383669827514,0.0524908848927289,0.8317675723505527,4546477.919902839,32046.705529280876,23.979463907158234,13.29664,4.92544,0.17459092163776468,38,13.745026844926798,107.30522527802168,32033.614836307926,0.0004784144257246332,27.000320000000023,3353.8086025431244,14.773938,121.119865,2.7931714,1576.3632,45.64209,0.9790948274006643,38.69654,5.962563991546631,4.2496,0.9536,564.3632,0.053487554,0.92889476,2591.661,32046.705529280876,24.754496,9.12384,4.87424,0.5236463785145379,4139,14.107725,107.30522527802168,71027.47369262866,0.26704314,17.04448000000003,3453.7488,,,,,,,,,,,,,,,,,,,,,,,,,,,,,,,,,,,,,,,,,,,,,,,,,,,,,,,,,,,,,,,,,,,,,,,,,,,,,,,,,,,,,,,,,,,,,,,,,,,,,,,,,,,,,,,,,,,,,,,,,,,,,,,,,,,,,,,,,,,,,,,,,,,,,,,,,,,,
H0_20ft_32kHz_epoch_139,H0,20FT,True,0,False,0.40714072175000005,True,VALID,False,,,,,,,,,,,,,,,,,15.251453560351916,1474.8928444744745,9.377761697070197,2776.2097998678373,62.33554331825874,0.992586983133275,53.195501330119896,6.957327486726199,8.02688,2.06848,296.0418370125831,0.04635590651505961,0.9992452737016053,42783620.98293629,32046.19254064516,26.653971966993662,11.81312,3.7862400000000003,0.44405543228298516,23,16.690175840320094,78.31204530821924,32012.564466467276,6.321909960744646e-05,17.759999999999998,4453.654611934045,16.24784,140.07283,8.61791,2804.0212,61.486374,0.9753086344437504,54.668236,7.054945468902588,8.058879999999998,1.49376,325.37137,0.046884514,1.0772079,2838.1084,32046.19254064516,27.166199,11.71456,3.6556800000000003,0.4428485465526448,4244,16.670135,78.31204530821924,71905.38053827667,0.27229163,17.77279999999998,4560.3945,,,,,,,,,,,,,,,,,,,,,,,,,,,,,,,,,,,,,,,,,,,,,,,,,,,,,,,,,,,,,,,,,,,,,,,,,,,,,,,,,,,,,,,,,,,,,,,,,,,,,,,,,,,,,,,,,,,,,,,,,,,,,,,,,,,,,,,,,,,,,,,,,,,,,,,,,,,,
H0_20ft_32kHz_epoch_14,H0,20FT,True,0,False,0.38747608175000003,True,VALID,False,,,,,,,,,,,,,,,,,15.32543742446547,1928.1904971117044,39.09355414073397,3279.44983714481,79.62251331927504,0.9938351686295924,54.46656504280553,6.996146282405776,9.48096,4.1548799999999995,83.88722665979967,0.035190637940598346,0.9656017261812874,5777282.822981355,31978.422501436125,28.74837267189067,14.74688,5.26592,0.16658560090900196,29,18.844998562985833,97.89005663527132,32049.393557614712,0.0004654377648366622,25.25183999999997,4118.74694785707,16.885199,157.38765,35.79284,3294.7163,78.19693,0.9783645848743778,55.807766,7.0752081871032715,8.85888,3.9692800000000004,92.04959,0.036481757,1.0760264,2705.367,31978.422501436125,29.31471,14.086400000000001,5.22752,0.16115195996970652,5810,18.75137,97.89005663527132,71936.96967194666,0.2764246,25.21856,4213.3574,,,,,,,,,,,,,,,,,,,,,,,,,,,,,,,,,,,,,,,,,,,,,,,,,,,,,,,,,,,,,,,,,,,,,,,,,,,,,,,,,,,,,,,,,,,,,,,,,,,,,,,,,,,,,,,,,,,,,,,,,,,,,,,,,,,,,,,,,,,,,,,,,,,,,,,,,,,,
H0_20ft_32kHz_epoch_140,H0,20FT,True,0,False,0.26441944175000004,True,VALID,False,,,,,,,,,,,,,,,,,14.771192170139141,1770.215345684838,355.7566280186842,2834.5451802418643,60.8007017545666,0.9926337681906886,41.56259051265991,6.049684460544044,19.35232,5.94816,7.967652481958591,0.06588175807991532,1.079015645418608,4955376.554819956,31994.841337063168,24.25223342770385,24.49664,5.14432,0.053654698748682526,29,10.561430766898418,82.26733937981771,32060.51571729657,0.0004139987028130412,40.72191999999997,4662.027079364931,16.025406,159.02437,30.78707,2994.0042,62.920208,0.9825925617964545,42.966682,6.134886741638184,8.89728,2.1184,97.24876,0.06278237,1.182674,2970.1196,31994.841337063168,25.454449,13.76256,4.865279999999999,0.1758226422789099,4868,13.71616,82.26733937981771,69502.03783153683,0.25890929,20.839680000000026,4758.4146,,,,,,,,,,,,,,,,,,,,,,,,,,,,,,,,,,,,,,,,,,,,,,,,,,,,,,,,,,,,,,,,,,,,,,,,,,,,,,,,,,,,,,,,,,,,,,,,,,,,,,,,,,,,,,,,,,,,,,,,,,,,,,,,,,,,,,,,,,,,,,,,,,,,,,,,,,,,
H0_20ft_32kHz_epoch_141,H0,20FT,True,0,False,0.21123928175,True,VALID,False,,,,,,,,,,,,,,,,,16.008747652135174,1300.2542024002253,2.357471645973137,1338.9735546612353,43.64035151033975,0.991690906206565,46.36931094743797,6.375044426198648,2.3808000000000002,1.7779200000000002,567.9701628429498,0.05775158806271691,0.8944226826945888,2899579.6590782,31985.763163999072,23.79061588270767,7.6160000000000005,5.2352,0.46926915960616034,20,13.524794451336897,82.66287383966846,32056.5881495059,0.0007446725190335316,15.692800000000007,3068.200663654021,17.241999,126.2122,2.2961266,1327.4728,41.792305,0.9718143702822971,48.55601,6.4996209144592285,2.3040000000000003,1.6908800000000002,578.1357,0.05965882,0.9801574,2243.3462,31985.763163999072,24.174482,7.54816,5.24416,0.445951068065359,3411,13.239249,5908.805808885467,72720.97359324724,0.27753267,17.217280000000002,3176.357,,,,,,,,,,,,,,,,,,,,,,,,,,,,,,,,,,,,,,,,,,,,,,,,,,,,,,,,,,,,,,,,,,,,,,,,,,,,,,,,,,,,,,,,,,,,,,,,,,,,,,,,,,,,,,,,,,,,,,,,,,,,,,,,,,,,,,,,,,,,,,,,,,,,,,,,,,,,
H0_20ft_32kHz_epoch_142,H0,20FT,True,0,False,0.28917976175000004,True,VALID,False,,,,,,,,,,,,,,,,,14.245639773997636,1669.0204674084,1.8509132763368925,1226.1650120259105,40.19124958048033,0.9914377441695124,36.69658721363204,5.756676965957694,3.9654399999999996,1.83808,662.4648640764009,0.05021871918910256,0.8418126766933416,8444058.251751672,31985.899234956665,24.43615221234746,9.217279999999999,5.25184,0.5812900353148611,20,13.521148903510316,118.0357478058213,32042.161978721877,0.0003011832004672284,16.84992000000002,3050.8258011997254,15.691781,134.90308,2.0682812,1412.8777,44.979244,0.9796943473451376,38.276638,5.846726417541504,4.27008,1.61024,683.1168,0.04722417,0.9408996,2616.581,31985.899234956665,25.960596,9.13664,4.86656,0.5456480292639986,3935,14.709626,118.0357478058213,70981.84751172706,0.27360582,17.311999999999994,3141.177,,,,,,,,,,,,,,,,,,,,,,,,,,,,,,,,,,,,,,,,,,,,,,,,,,,,,,,,,,,,,,,,,,,,,,,,,,,,,,,,,,,,,,,,,,,,,,,,,,,,,,,,,,,,,,,,,,,,,,,,,,,,,,,,,,,,,,,,,,,,,,,,,,,,,,,,,,,,
H0_20ft_32kHz_epoch_143,H0,20FT,True,0,False,0.37051352175,True,VALID,False,,,,,,,,,,,,,,,,,17.1639366106269,1219.3139494726154,52.059367221670136,2314.7390687943703,53.538802180918886,0.992807363469247,58.88224988737413,7.106213779462009,13.27744,2.1964799999999998,44.463449948074576,0.057940494510017516,1.138353542342884,4842868.882576106,32047.760319378824,25.8456437070655,18.304000000000002,5.02656,0.11605296184793819,25,12.06492727997752,112.86661620416271,32046.244946572504,0.000538768073962159,30.14783999999998,4323.479372908505,18.242517,164.67145,11.513275,2272.8696,51.360363,0.9782127122071915,60.54106,7.20404052734375,7.00544,1.55648,197.41295,0.057556532,1.2240566,2691.0432,32047.760319378824,26.47579,11.90784,4.9024,0.2519206270352414,4257,13.908772,112.86661620416271,71219.46728352722,0.2720651,18.603519999999985,4425.338,,,,,,,,,,,,,,,,,,,,,,,,,,,,,,,,,,,,,,,,,,,,,,,,,,,,,,,,,,,,,,,,,,,,,,,,,,,,,,,,,,,,,,,,,,,,,,,,,,,,,,,,,,,,,,,,,,,,,,,,,,,,,,,,,,,,,,,,,,,,,,,,,,,,,,,,,,,,
H0_20ft_32kHz_epoch_144,H0,20FT,True,0,False,0.29821016175000004,True,VALID,False,,,,,,,,,,,,,,,,,16.926945774454783,1702.8199924293153,2.888190719498127,1715.4087226918837,43.22083427305128,0.9923109715510554,52.426645256508735,6.726208474379104,3.6966400000000004,2.02624,593.9388666790247,0.05916386942326863,1.07562132272677,2866742.5679925703,32046.17064872806,25.186801107197493,8.6912,4.99456,0.40599338872224405,25,13.813768525040445,163.73607702857407,32068.07056675332,0.0007213476183108371,17.648639999999993,3968.9394051364225,18.198662,152.31998,2.6290786,1714.1887,42.08227,0.9775985318397263,54.201427,6.835331916809082,2.68032,1.50784,652.0112,0.059284776,1.1715554,2389.4136,32046.17064872806,25.788517,7.58144,4.90112,0.39030994882942827,3792,14.381615,163.73607702857407,71199.27844002824,0.2695489,16.43648000000003,4073.4226,,,,,,,,,,,,,,,,,,,,,,,,,,,,,,,,,,,,,,,,,,,,,,,,,,,,,,,,,,,,,,,,,,,,,,,,,,,,,,,,,,,,,,,,,,,,,,,,,,,,,,,,,,,,,,,,,,,,,,,,,,,,,,,,,,,,,,,,,,,,,,,,,,,,,,,,,,,,
H0_20ft_32kHz_epoch_145,H0,20FT,True,0,False,0.24946392174999998,True,VALID,False,,,,,,,,,,,,,,,,,15.024159596279912,1010.1555743019376,2.1251123765514977,1645.5842886704463,45.79390576236384,0.9920253329790774,37.20726014388237,5.718038104981101,3.43424,2.92992,774.3516563300935,0.0543025148778591,0.9635432407653556,5653782.833050597,31989.476075799266,24.97709160924633,8.671999999999999,5.23776,0.598355608996017,23,14.383603919808444,28.614726740808692,32055.2989516874,0.00048471586867291586,15.66592,3593.456948637999,17.190453,146.99222,2.228392,1848.7933,49.98137,0.9797494485378072,39.010143,5.821686744689941,3.7439999999999998,1.3235199999999998,829.6536,0.049923066,1.1185421,3255.7354,31989.476075799266,26.881092,8.61184,4.86784,0.5278865174515942,3752,15.656462,28.614726740808692,69585.60415931247,0.2597856,15.944960000000009,3698.965,,,,,,,,,,,,,,,,,,,,,,,,,,,,,,,,,,,,,,,,,,,,,,,,,,,,,,,,,,,,,,,,,,,,,,,,,,,,,,,,,,,,,,,,,,,,,,,,,,,,,,,,,,,,,,,,,,,,,,,,,,,,,,,,,,,,,,,,,,,,,,,,,,,,,,,,,,,,
H0_20ft_32kHz_epoch_146,H0,20FT,True,0,False,0.27648728175000004,True,VALID,False,,,,,,,,,,,,,,,,,14.351519852303978,1498.7007891041737,1.6710810228208468,1823.9189298507301,42.43142866412661,0.9919317478346205,33.2556645591626,5.468316128883214,3.7875199999999998,3.4073599999999997,1091.460500683396,0.055998032518723005,1.0396732146235175,15619821.466335794,31991.391435143356,25.360048436409688,8.65664,4.869120000000001,0.5651321987873471,23,14.577294487930379,26.707184263090312,32030.45133793618,0.00020976154901855974,12.988160000000025,4298.509353263207,16.497423,157.14487,1.6359825,1806.7435,41.064728,0.9824030513177472,34.86695,5.565093517303467,3.7376,1.29664,1104.3783,0.057725668,1.2091215,3765.8674,31991.391435143356,26.401936,8.607999999999999,4.8704,0.4986081322737228,3557,14.299506,26.707184263090312,68267.5153330461,0.24915884,12.936959999999997,4399.7456,,,,,,,,,,,,,,,,,,,,,,,,,,,,,,,,,,,,,,,,,,,,,,,,,,,,,,,,,,,,,,,,,,,,,,,,,,,,,,,,,,,,,,,,,,,,,,,,,,,,,,,,,,,,,,,,,,,,,,,,,,,,,,,,,,,,,,,,,,,,,,,,,,,,,,,,,,,,
H0_20ft_32kHz_epoch_147,H0,20FT,True,0,False,0.36342232175,True,VALID,False,,,,,,,,,,,,,,,,,13.544123005352876,1431.6084515752045,2.107041344587184,2511.70123944849,54.30905889054709,0.9921950403605174,30.74158219890022,5.398906540545585,5.11744,3.80672,1192.0512361566296,0.039603708273082565,0.9560009169943057,5965309.84529997,31991.152492125253,27.6372355774242,8.73856,3.62112,0.6105417681465386,19,18.933883570244745,30.297839885206486,32044.078906897223,0.0005670466006491129,17.272320000000008,4624.829247198789,13.938454,134.03035,2.1245353,2553.2166,54.020615,0.9793592524336845,31.7789,5.472718238830566,5.14816,1.70112,1201.7765,0.04040461,0.9945766,3728.6133,31991.152492125253,27.744488,8.72832,3.5801600000000002,0.5990623643716679,2981,18.831696,30.297839885206486,69745.05398272205,0.2599131,15.253760000000005,4726.3745,,,,,,,,,,,,,,,,,,,,,,,,,,,,,,,,,,,,,,,,,,,,,,,,,,,,,,,,,,,,,,,,,,,,,,,,,,,,,,,,,,,,,,,,,,,,,,,,,,,,,,,,,,,,,,,,,,,,,,,,,,,,,,,,,,,,,,,,,,,,,,,,,,,,,,,,,,,,
H0_20ft_32kHz_epoch_148,H0,20FT,True,0,False,0.44671064175,True,VALID,False,,,,,,,,,,,,,,,,,14.239141129421995,703.5801735811275,2.6152835164457766,1860.0494085648104,42.64920611418386,0.9915958447938977,35.24514380336966,5.619765903042225,4.12928,5.25952,711.2228547566398,0.05036142633740324,1.0060402507053254,2896138.5427990924,31987.687655377966,25.99713587062262,9.7024,5.57312,0.5482239424927379,18,15.08079928236538,26.82630631950815,32098.476261346463,0.001024954163353493,15.33696000000001,4361.275573535636,15.220933,141.29863,2.8989856,2311.8115,51.835857,0.9741420665927971,36.599426,5.706178665161133,4.78464,1.9264,797.4553,0.043645035,1.087495,3536.6353,31987.687655377966,27.904833,9.64864,4.864,0.5246792871613248,3166,17.295649,26.82630631950815,68695.48633690408,0.253343,16.422400000000003,4459.869,,,,,,,,,,,,,,,,,,,,,,,,,,,,,,,,,,,,,,,,,,,,,,,,,,,,,,,,,,,,,,,,,,,,,,,,,,,,,,,,,,,,,,,,,,,,,,,,,,,,,,,,,,,,,,,,,,,,,,,,,,,,,,,,,,,,,,,,,,,,,,,,,,,,,,,,,,,,
H0_20ft_32kHz_epoch_149,H0,20FT,False,0,False,0.00311128175,False,TOO_EARLY,False,,,,,,,,,,,,,,,,,11.693796346411931,5.362970401327012,2.6484740445263677,3042.602040908329,27.128571445579723,0.7964410330356619,18.748508257953596,4.152415904016647,3.44064,3.62112,1148.8132372662837,0.06106618212501261,1.249131629381462,78567.6910176454,31984.17349334831,26.190062840224115,8.9792,5.5385599999999995,0.5286438519150497,18,15.887537413873476,25.43473041220568,35659.95304704663,0.047567537610589246,15.253760000000005,11215.489348607249,12.306435,5.6546345,2.6177428,3280.6196,28.848007,0.7966352524141137,19.375298,4.209238052368164,3.66848,3.0451200000000003,1253.2246,0.059106763,1.3237193,7096.1133,31984.17349334831,26.944542,8.92288,5.2544,0.5199116331335945,2871,16.52582,25.43473041220568,61097.12748671718,0.2174497,15.394560000000057,11372.084,,,,,,,,,,,,,,,,,,,,,,,,,,,,,,,,,,,,,,,,,,,,,,,,,,,,,,,,,,,,,,,,,,,,,,,,,,,,,,,,,,,,,,,,,,,,,,,,,,,,,,,,,,,,,,,,,,,,,,,,,,,,,,,,,,,,,,,,,,,,,,,,,,,,,,,,,,,,
H0_20ft_32kHz_epoch_15,H0,20FT,True,0,False,0.23703256174999998,True,VALID,False,,,,,,,,,,,,,,,,,15.301626791708951,1552.877091999747,55.32611998559237,2625.1619822613316,55.4382210560883,0.9932008552945637,46.75601073762438,6.506442746101427,11.447040000000001,4.3289599999999995,47.44887194221147,0.07393142980274833,1.0928752318741557,7467908.693839266,31984.419638817428,23.37797402355494,18.49984,7.0527999999999995,0.11319574653894607,21,10.447731369740229,87.52709300171045,32056.73975025269,0.0003837145034615513,31.422719999999988,4735.292605448741,15.459197,145.10327,45.478027,2670.4607,55.231457,0.9801524263310664,48.08274,6.598247528076172,10.028799999999999,4.29952,58.719803,0.07423826,1.1156971,3126.1436,31984.419638817428,23.505669,16.26496,6.23616,0.12611298883466504,6265,11.044936,87.52709300171045,71186.1406653994,0.27087107,31.52128000000001,4835.0356,,,,,,,,,,,,,,,,,,,,,,,,,,,,,,,,,,,,,,,,,,,,,,,,,,,,,,,,,,,,,,,,,,,,,,,,,,,,,,,,,,,,,,,,,,,,,,,,,,,,,,,,,,,,,,,,,,,,,,,,,,,,,,,,,,,,,,,,,,,,,,,,,,,,,,,,,,,,
H0_20ft_32kHz_epoch_150,H0,20FT,True,0,False,0.42086360175000004,True,VALID,False,,,,,,,,,,,,,,,,,14.003082569573506,1636.1482969272129,431.36121288711814,3210.871508552047,61.48829848576717,0.9926123102109209,33.03209803369101,5.505246481494039,18.840320000000002,4.920319999999999,7.443579562980217,0.05489242209323718,1.082589156845278,13504547.128429854,31984.110814535365,25.879899786947135,24.63104,5.79072,0.0451381489896082,28,12.664127226091397,26.82630631950451,32021.38278126644,0.0002638806350611921,37.49503999999998,5221.922849751995,14.240368,144.95766,265.0596,3265.7024,61.424755,0.9778982610658858,34.1318,5.582126617431641,18.83008,4.70528,12.320635,0.055339195,1.1108686,3962.4746,31984.110814535365,26.004704,24.55296,5.72288,0.05625741859784061,11836,12.6800785,26.82630631950451,68892.49664181554,0.2548851,37.512959999999985,5316.59,,,,,,,,,,,,,,,,,,,,,,,,,,,,,,,,,,,,,,,,,,,,,,,,,,,,,,,,,,,,,,,,,,,,,,,,,,,,,,,,,,,,,,,,,,,,,,,,,,,,,,,,,,,,,,,,,,,,,,,,,,,,,,,,,,,,,,,,,,,,,,,,,,,,,,,,,,,,
H0_20ft_32kHz_epoch_151,H0,20FT,False,0,False,0.49133784175,False,TOO_LATE,False,,,,,,,,,,,,,,,,,13.148100517612958,16.484415657961666,46.19988059109376,2630.016530834925,47.84440007383505,0.8922054338721073,35.03830963927546,5.625941797519214,8.17024,7.1923200000000005,56.92691187035903,0.060210274339911427,1.0429212006856736,63690.003879816126,31980.533973692764,24.74915450749295,13.90336,5.73312,0.18241035929660757,117,13.479116033791183,125.18942949102711,34555.55559759221,0.03779326451087677,21.239040000000042,5497.020605914484,14.20444,17.75337,44.30565,3017.6348,53.93768,0.8908091474678825,36.319355,5.721150875091553,8.61952,6.9017599999999995,68.10948,0.05695664,1.1366748,3523.4146,31980.533973692764,25.917053,13.83552,5.216,0.18944022880050054,5355,14.573662,125.18942949102711,66050.46957971029,0.2491284,21.720320000000015,5594.669,,,,,,,,,,,,,,,,,,,,,,,,,,,,,,,,,,,,,,,,,,,,,,,,,,,,,,,,,,,,,,,,,,,,,,,,,,,,,,,,,,,,,,,,,,,,,,,,,,,,,,,,,,,,,,,,,,,,,,,,,,,,,,,,,,,,,,,,,,,,,,,,,,,,,,,,,,,,
H0_20ft_32kHz_epoch_152,H0,20FT,False,0,False,0.09803096175,False,TOO_EARLY,False,,,,,,,,,,,,,,,,,13.737151274377748,1504.9635237578032,2.2699839600618827,1957.776782611459,45.23886977222822,0.9922218183676995,33.13626632288836,5.5657973033439685,3.5071999999999997,5.18144,862.4628266350659,0.09695511979485949,0.9668234874235809,16628958.780823292,31984.110814535365,19.95801777615275,9.08416,5.57696,0.6000907333835505,16,9.907344348750142,30.403147162105597,32034.752822335995,0.00013858298373248558,16.369919999999997,4327.643003612962,14.747188,135.63365,2.1970258,1936.1255,43.73366,0.9740096247438029,34.273407,5.640507698059082,3.4048,4.2752,881.2484,0.09894136,1.0497674,3273.288,31984.110814535365,20.434875,8.990720000000001,5.585920000000001,0.5680262413941629,2496,9.729805,30.403147162105597,68897.97929621443,0.2547402,16.261120000000005,4427.083,,,,,,,,,,,,,,,,,,,,,,,,,,,,,,,,,,,,,,,,,,,,,,,,,,,,,,,,,,,,,,,,,,,,,,,,,,,,,,,,,,,,,,,,,,,,,,,,,,,,,,,,,,,,,,,,,,,,,,,,,,,,,,,,,,,,,,,,,,,,,,,,,,,,,,,,,,,,
H0_20ft_32kHz_epoch_153,H0,20FT,True,0,False,0.22239064175,True,VALID,False,,,,,,,,,,,,,,,,,12.470337119593884,2541.4529525748217,2.716045992682855,2936.244571045755,26.703209671388784,0.7965987840276794,20.866221426081697,4.397624435186353,3.48928,2.83008,1081.0732141340216,0.06178059076755151,1.1930446960148793,24199067.3666991,31982.089405638297,25.71214504427627,9.027840000000001,5.5385599999999995,0.5478009882831457,21,15.603589285521899,31.21472735808493,32038.485185061694,0.0001787799096501999,15.660800000000002,10995.84884056756,13.310912,185.62143,2.7539494,3191.029,28.603046,0.7966083147354125,21.583525,4.454204082489014,3.70304,1.85472,1158.7101,0.055465724,1.282718,6243.5923,31982.089405638297,27.28118,8.943359999999998,5.24032,0.5267370047707212,3835,16.94591,27.312886438325222,62779.803856311104,0.21622959,15.756800000000016,11156.256,,,,,,,,,,,,,,,,,,,,,,,,,,,,,,,,,,,,,,,,,,,,,,,,,,,,,,,,,,,,,,,,,,,,,,,,,,,,,,,,,,,,,,,,,,,,,,,,,,,,,,,,,,,,,,,,,,,,,,,,,,,,,,,,,,,,,,,,,,,,,,,,,,,,,,,,,,,,
H0_20ft_32kHz_epoch_154,H0,20FT,False,0,False,0.04674776175,False,TOO_EARLY,False,,,,,,,,,,,,,,,,,14.02651554460667,5.96436320187001,17.997997034425726,3067.0609346629917,61.2268841439628,0.8991400414879552,37.191492282004916,5.776192988360642,7.604480000000001,3.66464,170.41123680566574,0.13755210813474966,1.0620983103562291,5272026.439598902,31987.687655377966,17.72499352544662,13.16096,5.55648,0.24192378918442783,24,7.207640285338883,21.46104505560288,32052.09935055432,0.00048055595279875946,21.085440000000006,5009.336956379078,14.978903,6.4556675,0.8872847,1446.3795,27.716204,0.8828505707756942,37.33309,5.788185119628906,2.7737600000000002,3.52768,1630.1189,0.1406805,1.1576549,3518.6978,31985.899234956665,18.22912,5.15456,2.3808000000000002,0.6640930859315508,2617,7.8121233,21.46104505560288,62338.43210505838,0.23094118,15.70688,5218.5337,,,,,,,,,,,,,,,,,,,,,,,,,,,,,,,,,,,,,,,,,,,,,,,,,,,,,,,,,,,,,,,,,,,,,,,,,,,,,,,,,,,,,,,,,,,,,,,,,,,,,,,,,,,,,,,,,,,,,,,,,,,,,,,,,,,,,,,,,,,,,,,,,,,,,,,,,,,,
H0_20ft_32kHz_epoch_155,H0,20FT,True,0,False,0.18482136175,True,VALID,False,,,,,,,,,,,,,,,,,13.71303715145405,1892.1423110121689,3.5749776537206013,1581.330974984918,36.254336209821325,0.9926922429309721,37.60765240191022,5.849969910092922,2.3129600000000003,5.89952,442.33310754790745,0.08851608072505555,1.0007027281111898,13470361.571889617,31983.760811068187,21.057837411551915,9.20064,6.8876800000000005,0.4778617904112177,17,9.717429890434804,120.18232918390277,32020.327155175877,0.0001892187147571518,14.30271999999999,4361.770591614081,14.015994,143.79297,3.024328,2159.9934,48.51726,0.982562765501816,38.75753,5.924213409423828,3.92704,4.66176,714.20605,0.072480336,1.0333371,2958.1787,31983.760811068187,23.01528,9.14816,5.22112,0.5305142554561123,3196,12.824137,120.18232918390277,67559.4093357959,0.24645178,15.444479999999983,4452.0103,,,,,,,,,,,,,,,,,,,,,,,,,,,,,,,,,,,,,,,,,,,,,,,,,,,,,,,,,,,,,,,,,,,,,,,,,,,,,,,,,,,,,,,,,,,,,,,,,,,,,,,,,,,,,,,,,,,,,,,,,,,,,,,,,,,,,,,,,,,,,,,,,,,,,,,,,,,,
H0_20ft_32kHz_epoch_156,H0,20FT,False,0,False,0.009769841750000001,False,TOO_EARLY,False,,,,,,,,,,,,,,,,,10.037466696220797,4.850354671990188,2.5311237049631674,2165.336495475861,19.815586706854386,0.7973760535686244,14.809308409105316,3.828803439820792,4.41088,5.04192,855.4842622783295,0.30510550045778856,1.0890377025135058,22139302.72986266,31984.419638817428,11.01262229734691,9.62304,5.212160000000001,0.5741520269456314,16,0.13114991726085945,25.248199904341163,32019.56458190554,0.0001574287901161068,16.05248,10927.440744042326,10.6487465,5.149911,2.5678325,2183.0137,19.709532,0.7975462882918682,15.317291,3.8782784938812256,4.48256,3.47776,850.1387,0.30835912,1.1631832,7101.835,31984.419638817428,11.472226,9.696,5.213439999999999,0.566709331336098,2521,0.04968293,25.248199904341163,61131.815181906924,0.20457046,16.08448,11075.929,,,,,,,,,,,,,,,,,,,,,,,,,,,,,,,,,,,,,,,,,,,,,,,,,,,,,,,,,,,,,,,,,,,,,,,,,,,,,,,,,,,,,,,,,,,,,,,,,,,,,,,,,,,,,,,,,,,,,,,,,,,,,,,,,,,,,,,,,,,,,,,,,,,,,,,,,,,,
H0_20ft_32kHz_epoch_157,H0,20FT,True,0,False,0.14214616175,True,VALID,False,,,,,,,,,,,,,,,,,15.965395629363536,2259.4941464570143,1.428683285982965,2921.703918136607,43.94314766032305,0.9924922697420825,44.01675687824719,6.156007353914274,4.03072,3.64288,2045.0326162570516,0.08504567616072292,1.392762301236976,8112737.2005135985,31982.322394114064,24.273130379824693,6.52032,2.4896,0.538737714024713,17,14.226392769024967,101.93996401412005,32028.032616140845,0.0003677930336478308,15.461119999999994,6648.827117986851,16.849306,196.3847,1.2572212,2746.7954,40.700844,0.9813514110235134,45.235554,6.23358154296875,3.83616,2.9798400000000003,2184.8147,0.08742061,1.4808749,3955.0964,31982.322394114064,24.509829,6.048,2.21184,0.5189863070003983,3205,14.047373,101.93996401412005,65111.942138563536,0.2299858,15.408640000000002,6748.743,,,,,,,,,,,,,,,,,,,,,,,,,,,,,,,,,,,,,,,,,,,,,,,,,,,,,,,,,,,,,,,,,,,,,,,,,,,,,,,,,,,,,,,,,,,,,,,,,,,,,,,,,,,,,,,,,,,,,,,,,,,,,,,,,,,,,,,,,,,,,,,,,,,,,,,,,,,,
H0_20ft_32kHz_epoch_158,H0,20FT,True,0,False,0.16206552175,True,VALID,False,,,,,,,,,,,,,,,,,13.712955465487385,2127.5352124315896,10.285697721465581,1602.2195016581422,24.08961198704194,0.9936564915580579,42.77669852657687,6.295800591275961,0.97792,7.865600000000001,155.77159129549239,0.13588055849263883,1.1964704238651915,9360627.593998455,32078.897096864283,18.888112497307446,9.66912,8.6912,0.2554363248140532,22,5.838270073334063,128.76627033362456,32030.416724086288,0.00024560337063738,15.17056,6651.08056750756,13.721115,165.30753,9.158404,1560.6736,23.148401,0.9828250735181451,43.689632,6.359264373779297,0.7615999999999999,4.60416,170.40889,0.13710968,1.2053407,3364.0464,32078.897096864283,18.865711,9.4848,8.7232,0.25648196527173867,3866,5.7256346,128.76627033362456,66947.15700415031,0.24151634,15.210239999999986,6742.036,,,,,,,,,,,,,,,,,,,,,,,,,,,,,,,,,,,,,,,,,,,,,,,,,,,,,,,,,,,,,,,,,,,,,,,,,,,,,,,,,,,,,,,,,,,,,,,,,,,,,,,,,,,,,,,,,,,,,,,,,,,,,,,,,,,,,,,,,,,,,,,,,,,,,,,,,,,,
H0_20ft_32kHz_epoch_159,H0,20FT,True,0,False,0.18376920175,True,VALID,False,,,,,,,,,,,,,,,,,13.675689547113668,2171.4853812186734,5.542348788888789,2585.8768901422172,40.453106408141345,0.9935211112039951,44.88615242040362,6.438212793593451,3.97824,7.649279999999999,466.5669716286689,0.10638367555540175,1.1697741364593315,6541612.30926156,31985.899234956665,20.800006308850477,9.74976,5.77152,0.39406126589325513,21,10.004571191916815,134.1315315975262,32029.133164875,0.00041457704447581345,16.135679999999986,6392.282619912124,14.022739,168.60423,5.8011355,3762.799,58.041443,0.9838430512386578,45.873867,6.501514434814453,5.24672,7.604480000000001,648.6315,0.083539315,1.2079365,3371.5366,31985.899234956665,23.201391,9.35168,4.10496,0.3946591431914991,4220,13.910008,134.1315315975262,67137.6828473899,0.24455069,17.76256000000001,6482.9526,,,,,,,,,,,,,,,,,,,,,,,,,,,,,,,,,,,,,,,,,,,,,,,,,,,,,,,,,,,,,,,,,,,,,,,,,,,,,,,,,,,,,,,,,,,,,,,,,,,,,,,,,,,,,,,,,,,,,,,,,,,,,,,,,,,,,,,,,,,,,,,,,,,,,,,,,,,,
H0_20ft_32kHz_epoch_16,H0,20FT,True,0,False,0.33466968175,True,VALID,False,,,,,,,,,,,,,,,,,14.155871419524237,1918.426743637455,85.20124746770271,2887.380117103431,64.00676869088079,0.9944717481057973,48.27915983698848,6.686391393625464,11.319040000000001,4.57984,33.8889418043959,0.05466428745162376,0.9868137828633229,3450642.4161879485,31981.05321216352,25.120060230361922,18.38336,7.0643199999999995,0.11765079053820776,26,13.510471856965541,90.8935196556231,32089.453830721413,0.0006928414300067077,31.420159999999974,4511.054340280639,14.354217,147.51447,46.88116,2899.7861,63.018833,0.9822642142447192,49.19964,6.749884605407715,7.08096,4.5120000000000005,61.853973,0.055288963,1.0106176,2902.8984,31981.05321216352,25.155842,13.46432,6.383360000000001,0.12819798765581364,6011,14.781495,90.8935196556231,70188.33500385133,0.26531446,31.479040000000012,4601.4595,,,,,,,,,,,,,,,,,,,,,,,,,,,,,,,,,,,,,,,,,,,,,,,,,,,,,,,,,,,,,,,,,,,,,,,,,,,,,,,,,,,,,,,,,,,,,,,,,,,,,,,,,,,,,,,,,,,,,,,,,,,,,,,,,,,,,,,,,,,,,,,,,,,,,,,,,,,,
H0_20ft_32kHz_epoch_160,H0,20FT,True,0,False,0.31567192175000003,True,VALID,False,,,,,,,,,,,,,,,,,13.539871094392135,1598.000713329467,3.6681928045782017,2501.9919690931206,51.84002530084505,0.9927162173012213,39.22980896285039,6.055541663795676,4.24832,5.56672,682.0775521859333,0.057269793026761426,0.9763026116668403,2627520.0940836295,32068.58030516523,24.578384865491543,9.48352,5.2352,0.506148982784425,22,15.353039036834364,117.82493288691694,32065.918050692595,0.0008262928446420477,16.220159999999982,4826.371041628878,14.83188,147.43004,3.5983927,2518.6729,51.16273,0.9816578585374183,40.48121,6.1330885887146,4.1983999999999995,5.41312,699.94385,0.058036026,1.0801022,2905.9863,32068.58030516523,25.294132,9.40032,5.201919999999999,0.4762869356553694,3635,15.303848,117.82493288691694,68955.45447915886,0.25556675,16.14463999999999,4922.866,,,,,,,,,,,,,,,,,,,,,,,,,,,,,,,,,,,,,,,,,,,,,,,,,,,,,,,,,,,,,,,,,,,,,,,,,,,,,,,,,,,,,,,,,,,,,,,,,,,,,,,,,,,,,,,,,,,,,,,,,,,,,,,,,,,,,,,,,,,,,,,,,,,,,,,,,,,,
H0_20ft_32kHz_epoch_161,H0,20FT,True,0,False,0.41009240175,True,VALID,False,,,,,,,,,,,,,,,,,14.313577130246351,1630.1225002691485,854.3501201332767,2385.68453935409,38.00568322579564,0.992873977258054,41.015800563075786,6.160215052145333,16.80256,5.53088,2.7923967973416954,0.07720576832916744,1.1133533433787481,11226994.848307861,32073.300556328773,23.159218566817444,25.5616,8.759039999999999,0.02393129994488042,32,8.246699374995993,132.52807667544403,32008.809692613228,0.0002141848040046575,39.90272,6277.17840297846,14.917653,151.30383,71.20336,2379.642,37.259235,0.9787002082000207,42.11135,6.23095703125,5.0624,5.45408,33.42036,0.077845395,1.1704208,3092.345,32073.300556328773,23.526226,13.80992,8.74752,0.09160904961102345,6626,10.843065,132.52807667544403,69487.80353986558,0.2555363,29.414400000000008,6386.7173,,,,,,,,,,,,,,,,,,,,,,,,,,,,,,,,,,,,,,,,,,,,,,,,,,,,,,,,,,,,,,,,,,,,,,,,,,,,,,,,,,,,,,,,,,,,,,,,,,,,,,,,,,,,,,,,,,,,,,,,,,,,,,,,,,,,,,,,,,,,,,,,,,,,,,,,,,,,
H0_20ft_32kHz_epoch_162,H0,20FT,True,0,False,0.42042456175000004,True,VALID,False,,,,,,,,,,,,,,,,,13.979387478779424,1907.4792353481264,474.6451274758242,4938.720764449752,72.28186658360323,0.9932716749828226,46.80587745244021,6.6114442583263955,20.12416,7.9488,10.405080508603428,0.05338411164293598,1.0790627583280494,10915925.739072323,32085.29685685085,26.073805154513426,24.25472,4.13056,0.04598294062641861,28,14.83933085757072,136.25487029408396,32023.83527059541,0.00023294453054804821,42.76992000000001,6832.586093688405,15.308319,170.64449,5.994172,4275.7783,61.625923,0.9794600714314509,47.88473,6.675541877746582,5.61536,6.96192,713.3226,0.05385909,1.1907467,3200.4233,32085.29685685085,26.784163,9.71904,4.10368,0.4697558452760703,3669,18.10983,136.25487029408396,70423.5499717588,0.26502565,17.54623999999999,6938.279,,,,,,,,,,,,,,,,,,,,,,,,,,,,,,,,,,,,,,,,,,,,,,,,,,,,,,,,,,,,,,,,,,,,,,,,,,,,,,,,,,,,,,,,,,,,,,,,,,,,,,,,,,,,,,,,,,,,,,,,,,,,,,,,,,,,,,,,,,,,,,,,,,,,,,,,,,,,
H0_20ft_32kHz_epoch_163,H0,20FT,True,0,False,0.38433624175000003,True,VALID,False,,,,,,,,,,,,,,,,,14.338400902432362,1851.3662567643505,68.4184113632253,2855.3097284168916,59.39718552210108,0.9924524253728957,44.00259583223359,6.359567337076979,11.88608,7.6288,41.733060904491715,0.056129799670879214,1.0318200586338282,42490688.27762226,31981.05321216352,25.269320741544377,17.07648,5.1904,0.13127892081085388,36,13.548913036586072,119.5081462138769,32020.12572146251,7.172863077573572e-05,28.55552,4807.14650588015,15.1947365,151.58202,3.9083972,2289.4724,46.707993,0.9794550352091937,45.191643,6.433170795440674,4.6912,3.16928,585.78296,0.057471022,1.1041416,3239.392,31981.05321216352,25.628029,9.90848,5.217280000000001,0.5179542444023355,2809,14.754043,119.5081462138769,69957.79484247549,0.2641919,16.91263999999998,4901.6714,,,,,,,,,,,,,,,,,,,,,,,,,,,,,,,,,,,,,,,,,,,,,,,,,,,,,,,,,,,,,,,,,,,,,,,,,,,,,,,,,,,,,,,,,,,,,,,,,,,,,,,,,,,,,,,,,,,,,,,,,,,,,,,,,,,,,,,,,,,,,,,,,,,,,,,,,,,,
H0_20ft_32kHz_epoch_164,H0,20FT,False,0,False,0.00975704175,False,TOO_EARLY,False,,,,,,,,,,,,,,,,,10.271451764272943,4.606508841909911,3.4968969063061732,2324.827323219103,22.745378193748095,0.7962968282136746,18.37004315244546,4.179600949054118,4.23424,6.33728,664.8258114290549,0.06178568214149132,1.077804936334607,27972217.106028747,31986.102852144384,24.782403985619705,9.45152,5.217280000000001,0.4921910881999731,15,14.38820426464783,16.832133269559563,32036.6264952688,0.00015285287104390807,16.611840000000043,10221.09768154171,10.97325,4.9291015,3.4302423,2304.0483,22.23122,0.7964815155121374,18.921219,4.229596138000488,4.14464,4.213760000000001,671.68677,0.06284265,1.1594687,6911.3564,31986.102852144384,25.302336,9.38624,5.2416,0.4848960985070625,2844,14.239779,16.832133269559563,61980.357080821304,0.21159235,16.582399999999996,10364.0205,,,,,,,,,,,,,,,,,,,,,,,,,,,,,,,,,,,,,,,,,,,,,,,,,,,,,,,,,,,,,,,,,,,,,,,,,,,,,,,,,,,,,,,,,,,,,,,,,,,,,,,,,,,,,,,,,,,,,,,,,,,,,,,,,,,,,,,,,,,,,,,,,,,,,,,,,,,,
H0_20ft_32kHz_epoch_165,H0,20FT,True,0,False,0.10272088175,True,VALID,False,,,,,,,,,,,,,,,,,12.621535660433269,1986.634155735472,3.4027432383959626,3268.5906038809876,56.053691588469356,0.9925808057183252,30.96766182173522,5.439497929191578,4.2176,5.6448,960.5751521297403,0.09791984916515308,1.0311341025455205,6942731.676965403,31984.110814535365,20.44629179870929,9.46048,5.24288,0.6302050901323063,21,11.869198633193003,98.36312317151896,32038.280015458946,0.0003978861343944247,16.55551999999999,5831.178128066955,13.610062,158.14522,3.4528084,3294.29,55.592907,0.9789091409353778,31.825745,5.497075080871582,4.3584000000000005,5.53472,954.09,0.09915637,1.1208726,3894.5686,31984.110814535365,21.052944,9.58464,5.22624,0.6064221226536047,3036,11.739573,98.36312317151896,67443.49775936113,0.24641931,16.601599999999994,5925.738,,,,,,,,,,,,,,,,,,,,,,,,,,,,,,,,,,,,,,,,,,,,,,,,,,,,,,,,,,,,,,,,,,,,,,,,,,,,,,,,,,,,,,,,,,,,,,,,,,,,,,,,,,,,,,,,,,,,,,,,,,,,,,,,,,,,,,,,,,,,,,,,,,,,,,,,,,,,
H0_20ft_32kHz_epoch_166,H0,20FT,True,0,False,0.10507096175000001,True,VALID,False,,,,,,,,,,,,,,,,,12.459005667327103,2199.2131660131176,6.6488575778723975,3020.1868600533644,29.760227080678703,0.7981547484537304,23.23229808291577,4.6242264184381945,4.583679999999999,4.56576,454.2414730169547,0.0621360268485203,1.201008814539199,31689879.275027312,31991.845706165233,25.71349550047396,9.784320000000001,5.20064,0.3826508461757162,22,15.327596624627947,117.31726433994845,32016.914320354677,0.00011963494575739413,16.13312,10148.39991598766,13.42552,182.80112,6.4635515,3017.4106,29.283056,0.7982509710532583,23.9813,4.685932159423828,4.47104,3.2985599999999997,466.83478,0.06301968,1.30408,5416.303,31991.845706165233,26.268223,9.67552,5.20448,0.38484709787067245,3910,15.252544,117.31726433994845,63837.012058289816,0.22166038,16.074240000000017,10304.289,,,,,,,,,,,,,,,,,,,,,,,,,,,,,,,,,,,,,,,,,,,,,,,,,,,,,,,,,,,,,,,,,,,,,,,,,,,,,,,,,,,,,,,,,,,,,,,,,,,,,,,,,,,,,,,,,,,,,,,,,,,,,,,,,,,,,,,,,,,,,,,,,,,,,,,,,,,,
H0_20ft_32kHz_epoch_167,H0,20FT,False,0,False,0.46311384175000003,False,TOO_LATE,False,,,,,,,,,,,,,,,,,12.803143300727255,179.56228981846982,4.173523947997808,2866.8778525131447,48.17764755639859,0.9873671451700591,36.72598884676448,5.85843401600125,4.1548799999999995,7.97056,686.9201874085504,0.0572684161157073,1.056630648805477,910703.5376346366,31993.052916641867,25.291344359104396,9.38624,5.23136,0.5105326946382575,23,15.988945488425014,134.1315315975262,32186.87578219045,0.0025009643848597734,16.079360000000044,5950.638933038439,13.795529,124.331924,4.119879,2887.9001,47.745583,0.9748270248973535,37.73389,5.928538799285889,4.14976,4.87296,700.9672,0.057971172,1.147857,3006.4368,31993.052916641867,25.862297,9.354239999999999,5.20448,0.5111604393513625,3876,15.928871,134.1315315975262,67166.16278492744,0.24218534,16.06784,6048.518,,,,,,,,,,,,,,,,,,,,,,,,,,,,,,,,,,,,,,,,,,,,,,,,,,,,,,,,,,,,,,,,,,,,,,,,,,,,,,,,,,,,,,,,,,,,,,,,,,,,,,,,,,,,,,,,,,,,,,,,,,,,,,,,,,,,,,,,,,,,,,,,,,,,,,,,,,,,
H0_20ft_32kHz_epoch_168,H0,20FT,True,0,False,0.10118232175000001,True,VALID,False,,,,,,,,,,,,,,,,,13.201569714551475,2375.379264161512,15.726229512244059,1764.4899880911034,30.444140007881536,0.9931695269081805,35.96999897976875,5.816901558629862,1.1430399999999998,5.81248,112.20044745727142,0.15195095728393473,1.0752466919438253,4732227.452332156,32071.74341517908,16.990809505576113,9.88032,8.73728,0.2940720876369797,22,5.179863397520512,125.18942949102711,32047.30922416212,0.0005624758606042618,15.075840000000007,5795.827990655254,13.745527,175.59135,11.24722,1712.306,29.108768,0.9806518054766709,36.849827,5.872803688049316,0.72832,5.69728,152.2426,0.15325852,1.1278856,3359.0005,32071.74341517908,17.247713,9.49504,8.766720000000001,0.31098617644976057,3733,5.1533456,125.18942949102711,66637.97584928114,0.2437449,14.368000000000006,5882.4404,,,,,,,,,,,,,,,,,,,,,,,,,,,,,,,,,,,,,,,,,,,,,,,,,,,,,,,,,,,,,,,,,,,,,,,,,,,,,,,,,,,,,,,,,,,,,,,,,,,,,,,,,,,,,,,,,,,,,,,,,,,,,,,,,,,,,,,,,,,,,,,,,,,,,,,,,,,,
H0_20ft_32kHz_epoch_169,H0,20FT,False,0,False,0.09298776175000001,False,TOO_EARLY,False,,,,,,,,,,,,,,,,,10.935548830294959,2278.7953449072834,1000.2741106891688,3515.945466944327,30.97410709415323,0.8004996582346411,21.478879327152583,4.459395490785776,6.4,5.54112,3.5149819727133433,0.07257583293054849,1.175183856912172,24648581.507531084,31984.17349334831,24.18417548397903,13.36064,6.96064,0.07552740379610993,1,13.289567458967369,112.86661620416271,32016.776636048442,0.00017476063382981954,20.587520000000083,11351.240751692167,11.358419,181.50604,134.6962,3512.9058,30.56061,0.8005264441279831,22.021954,4.506012916564941,4.77184,4.625920000000001,26.080215,0.073234834,1.2283261,6527.2456,31984.17349334831,24.434448,11.7248,6.95296,0.15657930951889693,760,13.768563,112.86661620416271,61428.05158074677,0.20806496,18.197759999999953,11494.881,,,,,,,,,,,,,,,,,,,,,,,,,,,,,,,,,,,,,,,,,,,,,,,,,,,,,,,,,,,,,,,,,,,,,,,,,,,,,,,,,,,,,,,,,,,,,,,,,,,,,,,,,,,,,,,,,,,,,,,,,,,,,,,,,,,,,,,,,,,,,,,,,,,,,,,,,,,,
H0_20ft_32kHz_epoch_17,H0,20FT,True,0,False,0.29609816175000003,True,VALID,False,,,,,,,,,,,,,,,,,14.475627137714254,2090.1239828500647,9.210442537552336,2971.861347268948,73.81636491331085,0.9936340697381748,47.2573000302994,6.503602525458204,9.16096,4.11904,322.6621668992895,0.03961213703334573,0.9533116506739671,18347943.87770655,31979.369998836562,27.585254284212116,10.18496,1.024,0.3470234103537681,25,18.992984345659554,77.42781303997617,32054.803307408594,0.00012709424981517315,15.31520000000003,4026.019637730734,15.296214,144.09706,8.954439,2953.5452,71.75228,0.981020990152203,48.542244,6.588599681854248,9.07392,4.096,329.84143,0.041746754,1.0185854,2949.3467,31979.369998836562,27.678871,10.12992,1.056,0.35927976711138865,4043,18.534391,77.42781303997617,70464.0408595972,0.26558962,16.293119999999995,4116.3086,,,,,,,,,,,,,,,,,,,,,,,,,,,,,,,,,,,,,,,,,,,,,,,,,,,,,,,,,,,,,,,,,,,,,,,,,,,,,,,,,,,,,,,,,,,,,,,,,,,,,,,,,,,,,,,,,,,,,,,,,,,,,,,,,,,,,,,,,,,,,,,,,,,,,,,,,,,,
H0_20ft_32kHz_epoch_170,H0,20FT,True,0,False,0.11640024175000001,True,VALID,False,,,,,,,,,,,,,,,,,13.784107998910729,2071.5052674284943,20.612923520426005,2166.476640236592,28.81393983036255,0.9938067836799711,43.40451030100678,6.303321230109572,3.36768,5.890560000000001,105.1028321182922,0.1648362670627705,1.2787308640071664,9778492.476655787,32052.070790544778,17.770867157265407,11.882240000000001,8.51456,0.186058837841843,24,4.571045938620363,119.82416822712185,32036.320654658815,0.00022186250280005173,19.019519999999996,7518.849046646683,14.012452,175.46506,20.391623,2197.4507,28.870237,0.9814732715533673,44.302593,6.365520477294922,3.38816,4.63744,107.76243,0.16527912,1.3078966,3576.3806,32052.070790544778,17.928955,11.883519999999999,8.49536,0.19201643413548933,4281,4.604316,119.82416822712185,66224.29255626572,0.23588847,18.97472,7611.4746,,,,,,,,,,,,,,,,,,,,,,,,,,,,,,,,,,,,,,,,,,,,,,,,,,,,,,,,,,,,,,,,,,,,,,,,,,,,,,,,,,,,,,,,,,,,,,,,,,,,,,,,,,,,,,,,,,,,,,,,,,,,,,,,,,,,,,,,,,,,,,,,,,,,,,,,,,,,
H0_20ft_32kHz_epoch_171,H0,20FT,True,0,False,0.16555224175,True,VALID,False,,,,,,,,,,,,,,,,,12.993075930375921,2019.3709882600886,24.917761503411647,3166.6142374457627,52.18989124954286,0.9929778086284017,34.950622337863166,5.689242518145672,5.98656,4.627199999999999,127.08261281855955,0.10178018724239575,1.082782325750655,11836949.423415558,32005.571859590968,20.488098009737733,12.9792,6.99264,0.2167423453313884,27,10.021360825860278,89.42102106501989,32024.409420467495,0.0002189039638937759,20.50432000000002,6067.48579395334,13.478557,155.41885,20.49289,3192.725,51.84089,0.9822691161995277,35.861668,5.75404167175293,4.95488,4.5696,155.79672,0.10189871,1.1316518,3270.5085,32005.571859590968,20.898201,11.905280000000001,6.9504,0.2150739788536438,4865,10.425127,89.42102106501989,66706.0515613098,0.23994108,20.545279999999998,6158.7,,,,,,,,,,,,,,,,,,,,,,,,,,,,,,,,,,,,,,,,,,,,,,,,,,,,,,,,,,,,,,,,,,,,,,,,,,,,,,,,,,,,,,,,,,,,,,,,,,,,,,,,,,,,,,,,,,,,,,,,,,,,,,,,,,,,,,,,,,,,,,,,,,,,,,,,,,,,
H0_20ft_32kHz_epoch_172,H0,20FT,True,0,False,0.27741912175,True,VALID,False,,,,,,,,,,,,,,,,,14.467172283426716,2507.915793381521,25.12593644198262,2297.9504777405027,37.562146294260394,0.99337041394479,34.39756579940333,5.682874794588852,3.62624,5.52064,91.45730679706618,0.09145685740066176,1.2106081229831112,6025694.342987519,31982.322394114064,22.434899026692836,12.352,8.725760000000001,0.16168356850738602,29,9.777952335417213,103.7283844354206,32034.21937466422,0.0003533853585367536,18.807039999999997,6117.729428287751,14.819696,181.05101,23.853926,2284.2993,36.807503,0.9854010273734419,35.24086,5.741265773773193,3.5161599999999997,4.920319999999999,95.761986,0.09244453,1.249029,3448.6304,31982.322394114064,22.576597,12.270079999999998,8.75392,0.17288173405875287,4390,9.687004,103.7283844354206,66182.96589684539,0.23878045,18.754559999999977,6206.0693,,,,,,,,,,,,,,,,,,,,,,,,,,,,,,,,,,,,,,,,,,,,,,,,,,,,,,,,,,,,,,,,,,,,,,,,,,,,,,,,,,,,,,,,,,,,,,,,,,,,,,,,,,,,,,,,,,,,,,,,,,,,,,,,,,,,,,,,,,,,,,,,,,,,,,,,,,,,
H0_20ft_32kHz_epoch_173,H0,20FT,True,0,False,0.25682136175000003,True,VALID,False,,,,,,,,,,,,,,,,,14.331007241783094,2117.542093489097,9.189674663354568,2534.752915282105,43.50838576162146,0.9934923556261565,46.520201776046996,6.572778065489041,2.93376,5.48096,275.8261862510711,0.08571715089181249,1.1033203066587791,5609880.227825501,31984.17349334831,22.152820059685475,9.904639999999999,6.970879999999999,0.30295402650359105,16,11.718651189584337,117.63562815645128,32044.80654530119,0.0003813235584770228,16.838399999999975,5825.895102543554,14.819059,160.93114,6.0280952,2439.6108,41.183807,0.9820428210968841,47.492043,6.631591320037842,2.52672,5.431039999999999,404.70676,0.08623155,1.1504327,3130.864,31984.17349334831,22.502527,9.47584,6.94912,0.46234631282906874,2676,11.696293,117.63562815645128,68225.82820110477,0.25064543,14.840319999999963,5923.7134,,,,,,,,,,,,,,,,,,,,,,,,,,,,,,,,,,,,,,,,,,,,,,,,,,,,,,,,,,,,,,,,,,,,,,,,,,,,,,,,,,,,,,,,,,,,,,,,,,,,,,,,,,,,,,,,,,,,,,,,,,,,,,,,,,,,,,,,,,,,,,,,,,,,,,,,,,,,
H0_20ft_32kHz_epoch_174,H0,20FT,True,0,False,0.28765272175,True,VALID,False,,,,,,,,,,,,,,,,,13.71048036190574,2195.2156145891468,12.273348965048381,3209.7034653554956,51.76709480435646,0.9936807198449821,48.68286717866423,6.723487116595933,5.78688,7.944959999999999,261.51814590253656,0.07732557589556667,1.0889345960699996,13022367.1658706,32084.32274434637,22.972948425584626,10.9888,5.201919999999999,0.4243017593476382,19,13.192233393537387,136.71167596560554,32023.790359461676,0.00018620347475418369,16.591359999999998,6200.277372114247,14.818437,185.36943,11.951246,3193.569,50.787155,0.9844745185890813,49.627216,6.7784810066223145,5.72288,7.776,267.2164,0.07846994,1.1852424,3014.8018,32084.32274434637,23.502884,10.95296,5.23008,0.41662012420576083,3301,13.053784,136.71167596560554,67256.57674472468,0.24848376,16.47615999999996,6288.143,,,,,,,,,,,,,,,,,,,,,,,,,,,,,,,,,,,,,,,,,,,,,,,,,,,,,,,,,,,,,,,,,,,,,,,,,,,,,,,,,,,,,,,,,,,,,,,,,,,,,,,,,,,,,,,,,,,,,,,,,,,,,,,,,,,,,,,,,,,,,,,,,,,,,,,,,,,,
H0_20ft_32kHz_epoch_175,H0,20FT,True,0,False,0.32721624175,True,VALID,False,,,,,,,,,,,,,,,,,13.52577570673634,2000.2987541115888,10.316537122981186,3894.725458289409,72.91580961228651,0.9932808215705914,39.4971670230662,6.042159985504534,9.35168,7.09504,377.5225554718803,0.0454931409351377,1.0575832226804485,20318693.995217364,32080.685517285583,27.29105660527504,11.93088,2.5791999999999997,0.43327927080869183,21,18.28133420963869,119.82416822712548,32008.37572142859,9.327080058115052e-05,18.799359999999986,5341.400553595532,13.7526455,153.48831,19.463203,2782.742,51.198914,0.9836327643920261,40.513832,6.110323429107666,6.46784,6.86848,142.9745,0.06937812,1.084719,2961.583,32080.685517285583,23.789997,11.67744,5.2096,0.2842086056899874,4310,13.246389,119.82416822712548,67181.13994394608,0.24444011,18.31423999999998,5435.158,,,,,,,,,,,,,,,,,,,,,,,,,,,,,,,,,,,,,,,,,,,,,,,,,,,,,,,,,,,,,,,,,,,,,,,,,,,,,,,,,,,,,,,,,,,,,,,,,,,,,,,,,,,,,,,,,,,,,,,,,,,,,,,,,,,,,,,,,,,,,,,,,,,,,,,,,,,,
H0_20ft_32kHz_epoch_176,H0,20FT,True,0,False,0.30333784175,True,VALID,False,,,,,,,,,,,,,,,,,16.88691707034283,2024.509619070986,1.7426018134742172,1591.8555594596357,38.80732757590026,0.9920941987507524,44.30922946312064,6.153422978149705,2.8096,1.52704,913.4935744648321,0.05717973854702405,1.1225479465429553,19391696.215352617,31987.78606547134,25.83484951293211,8.029440000000001,5.21984,0.49556556916713196,19,14.135387524848205,25.248199904337525,32012.202387921636,0.00016263163525250836,15.822080000000016,4101.945840888449,18.875914,202.12999,1.9410411,1879.081,44.747417,0.982557602574426,46.05187,6.240059852600098,3.072,1.30944,968.079,0.052154515,1.2695692,3578.9868,31987.78606547134,27.645668,7.938560000000001,4.86656,0.453138183786955,3234,15.704011,25.248199904337525,67596.96073614316,0.25209638,16.163839999999986,4199.306,,,,,,,,,,,,,,,,,,,,,,,,,,,,,,,,,,,,,,,,,,,,,,,,,,,,,,,,,,,,,,,,,,,,,,,,,,,,,,,,,,,,,,,,,,,,,,,,,,,,,,,,,,,,,,,,,,,,,,,,,,,,,,,,,,,,,,,,,,,,,,,,,,,,,,,,,,,,
H0_20ft_32kHz_epoch_177,H0,20FT,True,0,False,0.40119896175,True,VALID,False,,,,,,,,,,,,,,,,,12.757857112430546,1923.6001010932093,1.8674294756853969,1993.448054278604,44.02371485058859,0.992236909207675,26.104276928696194,4.9813856290170175,3.35488,2.58816,1067.4823763005927,0.04805413982708935,0.9485863547002115,6196177.764829871,31989.483779124563,25.857672387757976,8.60032,5.245439999999999,0.6019533364018099,15,16.317206597899414,30.522496300673083,32039.244016771016,0.0004671335671798882,15.678719999999979,4528.12321959674,14.310101,165.19167,1.8719711,2158.5522,46.722343,0.9804170163822815,27.147032,5.049432277679443,3.68256,1.32736,1153.0906,0.04525472,1.0747359,4032.4404,31989.483779124563,27.469141,8.56192,4.87936,0.5609178287529818,3147,17.205631,30.522496300673083,66674.56022690423,0.24495639,16.399359999999973,4619.957,,,,,,,,,,,,,,,,,,,,,,,,,,,,,,,,,,,,,,,,,,,,,,,,,,,,,,,,,,,,,,,,,,,,,,,,,,,,,,,,,,,,,,,,,,,,,,,,,,,,,,,,,,,,,,,,,,,,,,,,,,,,,,,,,,,,,,,,,,,,,,,,,,,,,,,,,,,,
H0_20ft_32kHz_epoch_178,H0,20FT,False,0,False,0.02575192175,False,TOO_EARLY,False,,,,,,,,,,,,,,,,,12.438172509240006,3.9501918299130736,1.8276694320587836,2486.407804143506,58.578989362009416,0.9917842289078738,31.90207941262628,5.452924744709974,6.02496,3.33056,1360.425337607415,0.09563879868529057,0.895389175485516,6621851.936332759,31993.299091162145,19.393128761709058,7.676159999999999,1.6512,0.6473597258354138,23,11.794840645907783,112.55170510873359,32015.99317652407,0.00040559928019541427,20.330240000000003,4244.538581534444,13.234378,4.221601,1.4404272,1536.2114,35.374374,0.9725460362406385,32.78648,5.517290115356445,2.7264,0.9574400000000001,1066.4971,0.19097844,0.96366185,3225.1694,31993.299091162145,13.959485,7.605759999999999,4.87936,0.6403104166039124,2803,3.7401464,110.64404908994038,67754.33469409062,0.2481357,17.28,4342.7236,,,,,,,,,,,,,,,,,,,,,,,,,,,,,,,,,,,,,,,,,,,,,,,,,,,,,,,,,,,,,,,,,,,,,,,,,,,,,,,,,,,,,,,,,,,,,,,,,,,,,,,,,,,,,,,,,,,,,,,,,,,,,,,,,,,,,,,,,,,,,,,,,,,,,,,,,,,,
H0_20ft_32kHz_epoch_179,H0,20FT,False,0,False,0.07147736175000001,False,TOO_EARLY,False,,,,,,,,,,,,,,,,,12.410026109369111,1506.5997487683617,10909602907646.367,1090.9602907646367,16.14898126939476,0.8039541504649836,21.771858885109165,4.540924323161865,3.8835200000000003,1.16608,0.0,0.060741629596308,1.0586786854479808,23663409.95046779,31997.88534543308,24.767135985380083,8.6784,4.79488,0,0,14.023018945388202,45.44675982780973,32004.050004804394,0.00014077849156737384,0,6755.598217406987,13.908604,180.68633,10815082000000.0,1081.5082,15.56046,0.8036279684996566,22.276432,4.57218074798584,3.7619200000000004,0.9241600000000001,0.0,0.062030453,1.203502,4465.0435,31997.88534543308,25.533485,8.62464,4.86272,0,0,13.867094,45.44675982780973,63020.951895271945,0.22661076,0,6950.3613,,,,,,,,,,,,,,,,,,,,,,,,,,,,,,,,,,,,,,,,,,,,,,,,,,,,,,,,,,,,,,,,,,,,,,,,,,,,,,,,,,,,,,,,,,,,,,,,,,,,,,,,,,,,,,,,,,,,,,,,,,,,,,,,,,,,,,,,,,,,,,,,,,,,,,,,,,,,
H0_20ft_32kHz_epoch_18,H0,20FT,True,0,False,0.22599128175,True,VALID,False,,,,,,,,,,,,,,,,,14.805547788837382,2079.4521701296276,246.93144893797435,2084.2949674729994,44.96235298462403,0.993522843164448,48.22531574271432,6.537794896015486,15.918080000000002,5.34912,8.4407837738475,0.08376594421288443,1.0167709292585803,8430508.227745086,31984.17349334831,21.667918653648485,23.08992,7.1718399999999995,0.0603779738012925,27,7.39920482166421,84.25254449043132,32042.83068428041,0.00032258182824625436,34.70847999999999,4635.644776388214,15.365861,158.14267,213.72725,3508.2332,74.30827,0.9802384851664685,49.526295,6.6200852394104,18.12864,4.6310400000000005,16.414534,0.057282083,1.0649424,2861.54,31984.17349334831,25.29275,22.99776,4.869120000000001,0.07902523976356551,9263,12.973038,84.25254449043132,70147.15434534846,0.26629657,34.713600000000014,4721.188,,,,,,,,,,,,,,,,,,,,,,,,,,,,,,,,,,,,,,,,,,,,,,,,,,,,,,,,,,,,,,,,,,,,,,,,,,,,,,,,,,,,,,,,,,,,,,,,,,,,,,,,,,,,,,,,,,,,,,,,,,,,,,,,,,,,,,,,,,,,,,,,,,,,,,,,,,,,
H0_20ft_32kHz_epoch_180,H0,20FT,False,0,False,0.00263128175,False,TOO_EARLY,False,,,,,,,,,,,,,,,,,10.702783852182197,5.900081349540921,2.919954722112898,2907.332633181426,39.61627237090784,0.8075929293903776,15.507026185673222,3.936508705480638,8.18304,1.2300799999999998,995.6772997758573,0.054311063265671804,0.9516272725009861,145620.84787538028,31987.78606547134,24.866133764762232,9.82912,1.64608,0.7016461274617082,18,16.309949793883696,25.248199904341163,33547.140085937725,0.023777818646769016,15.22432000000007,7338.733452661694,11.579121,6.399357,2.9786184,2932.367,39.277046,0.8078342157228061,16.026241,3.9856655597686768,8.16768,1.09696,984.47217,0.055238668,1.0384245,5673.678,31987.78606547134,25.476702,9.8432,1.67552,0.6739926685260919,3243,16.19781,25.248199904341163,62139.179240705365,0.22320937,15.088639999999987,7465.854,,,,,,,,,,,,,,,,,,,,,,,,,,,,,,,,,,,,,,,,,,,,,,,,,,,,,,,,,,,,,,,,,,,,,,,,,,,,,,,,,,,,,,,,,,,,,,,,,,,,,,,,,,,,,,,,,,,,,,,,,,,,,,,,,,,,,,,,,,,,,,,,,,,,,,,,,,,,
H0_20ft_32kHz_epoch_181,H0,20FT,False,0,False,0.0040303217499999995,False,TOO_EARLY,False,,,,,,,,,,,,,,,,,10.674498222497018,6.871368493553164,4.111274939709984,2588.075960937763,38.821397977302944,0.8234453828514039,16.97919908642028,4.135981484657815,2.85952,6.45632,629.5069045224006,0.0646957984639839,0.9630313264678099,155112.40204607166,31978.03784301181,23.44101023593504,8.70016,5.8406400000000005,0.48586776627756456,51,14.818593061811189,53.414368526176986,33141.34627980648,0.018049583080787707,15.985919999999986,6666.622264481178,10.743022,6.9395294,3.985035,2625.646,38.789185,0.8236979024460165,17.441385,4.179320812225342,2.8838399999999997,3.08352,658.8765,0.0651417,0.97662824,4359.005,31978.03784301181,23.456633,8.634879999999999,5.75104,0.49743642136396704,2153,14.856105,53.414368526176986,63681.163826178985,0.23004952,16.03456000000003,6769.016,,,,,,,,,,,,,,,,,,,,,,,,,,,,,,,,,,,,,,,,,,,,,,,,,,,,,,,,,,,,,,,,,,,,,,,,,,,,,,,,,,,,,,,,,,,,,,,,,,,,,,,,,,,,,,,,,,,,,,,,,,,,,,,,,,,,,,,,,,,,,,,,,,,,,,,,,,,,
H0_20ft_32kHz_epoch_182,H0,20FT,True,0,False,0.47160024175000004,True,VALID,False,,,,,,,,,,,,,,,,,12.142870901805031,95.07799330293528,58.31658434165527,3139.5387570049975,64.03577814387937,0.9796619404147084,27.532476484671086,5.223499674211721,8.15488,6.4256,53.83612213304145,0.0479280073322721,0.8576034553974987,425225.3829651212,31988.942505300598,24.99809147357746,13.95968,5.804799999999999,0.22048856510974565,37,16.208737731816576,33.38308366601996,32519.82215516862,0.00549907194489326,21.20576000000002,4902.78848482302,13.078409,83.885765,47.31976,3422.6619,68.445885,0.9699669774078533,28.412699,5.28497838973999,8.66304,2.74432,72.3305,0.044921316,0.93283933,3491.0574,31988.942505300598,26.331135,13.85856,5.19552,0.22565604675700318,5377,17.176338,33.38308366601996,69375.88299086079,0.26158094,21.72288,5000.537,,,,,,,,,,,,,,,,,,,,,,,,,,,,,,,,,,,,,,,,,,,,,,,,,,,,,,,,,,,,,,,,,,,,,,,,,,,,,,,,,,,,,,,,,,,,,,,,,,,,,,,,,,,,,,,,,,,,,,,,,,,,,,,,,,,,,,,,,,,,,,,,,,,,,,,,,,,,
H0_20ft_32kHz_epoch_183,H0,20FT,False,0,False,0.04590424175,False,TOO_EARLY,False,,,,,,,,,,,,,,,,,11.398500179880001,5.14585533846154,2.195128706324441,2951.4641615761093,48.49429082416087,0.8870606937205949,24.61971495703739,4.903687851940801,3.3382400000000003,3.85664,1344.551758205499,0.1325337440325746,0.9513623467564488,14301942.936801849,31987.687655377966,17.118013848382287,8.652800000000001,5.31456,0.8061262092420564,17,9.180279276778482,33.979988004703046,32026.860282171918,0.00020964513440760161,13.52064,6086.2095546009705,12.1055765,5.5060997,2.1519783,2971.196,47.39622,0.8783025268066227,24.720118,4.9068803787231445,3.3664,3.15648,1380.6813,0.1326792,1.0254253,4445.0127,31987.687655377966,17.750658,8.61312,5.24672,0.7768976612235612,2916,9.225025,33.979988004703046,62546.82534927545,0.22500819,13.532160000000001,6268.8457,,,,,,,,,,,,,,,,,,,,,,,,,,,,,,,,,,,,,,,,,,,,,,,,,,,,,,,,,,,,,,,,,,,,,,,,,,,,,,,,,,,,,,,,,,,,,,,,,,,,,,,,,,,,,,,,,,,,,,,,,,,,,,,,,,,,,,,,,,,,,,,,,,,,,,,,,,,,
H0_20ft_32kHz_epoch_184,H0,20FT,True,0,False,0.14871000175,True,VALID,False,,,,,,,,,,,,,,,,,11.960798015838726,1966.5923587254292,1.7282076266821895,2483.0114535931793,24.96335739480939,0.7962053516378927,19.668175646184107,4.346537130667611,3.45344,3.0246399999999998,1436.7552921635279,0.07196578365979095,1.064411175038751,46675912.122794226,31982.4055466558,23.39811123183733,8.679680000000001,5.22624,0.7322248944764397,16,13.7252670113103,27.369415046927315,32013.77999142425,9.66309036481761e-05,15.76575999999999,9946.62462393558,12.818722,158.15933,1.7460918,2487.221,24.58021,0.7962904875226415,20.408289,4.405317783355713,3.4688000000000003,1.8713600000000001,1424.4502,0.074330136,1.1505901,5889.228,31982.4055466558,23.721363,8.71296,5.24416,0.6996149131632706,2764,13.435263,27.369415046927315,64245.5917747662,0.22599608,15.814400000000006,10118.795,,,,,,,,,,,,,,,,,,,,,,,,,,,,,,,,,,,,,,,,,,,,,,,,,,,,,,,,,,,,,,,,,,,,,,,,,,,,,,,,,,,,,,,,,,,,,,,,,,,,,,,,,,,,,,,,,,,,,,,,,,,,,,,,,,,,,,,,,,,,,,,,,,,,,,,,,,,,
H0_20ft_32kHz_epoch_185,H0,20FT,True,0,False,0.45502296175,True,VALID,False,,,,,,,,,,,,,,,,,11.171604686145136,83.73329066585498,2.120868137963511,2177.704597363697,46.77453018941182,0.9793921566964817,26.650303667697354,5.173692719921372,2.76608,1.95456,1026.7986766280287,0.04482217479058102,0.7688717285752595,25026054.98435902,31993.711517252887,24.642968518617177,8.592640000000001,5.82656,0.7600456995442655,23,17.309704585834254,36.56242496754567,31991.273559789097,9.881537272795666e-05,16.04351999999998,4655.748734503824,51.71113,17.146326,818.05225,56062.637,77.69966,0.8050134692897873,206.45563,12.872598648071289,3.07712,,68.53185,1e-10,14.010536,1969.6475,11.127694555339868,207.64514,,,0.003985949017167659,18215,94.57688,235.2712563129001,40086.40679771061,0.24073638,76.1088,72153.0,,,,,,,,,,,,,,,,,,,,,,,,,,,,,,,,,,,,,,,,,,,,,,,,,,,,,,,,,,,,,,,,,,,,,,,,,,,,,,,,,,,,,,,,,,,,,,,,,,,,,,,,,,,,,,,,,,,,,,,,,,,,,,,,,,,,,,,,,,,,,,,,,,,,,,,,,,,,
H0_20ft_32kHz_epoch_186,H0,20FT,True,0,False,0.47789272175,True,VALID,False,,,,,,,,,,,,,,,,,15.42508801360914,73.05249178118025,2.9654228723119034,3685.4005418620245,54.379608697413694,0.9683690883967344,50.877549014219696,6.712089504748699,5.137919999999999,5.250559999999999,1242.7908937616426,0.049399536663918206,1.2466787544774662,1184968.0654984685,32007.03651799105,28.019929104135365,8.68736,3.54944,0.5745970572216059,18,18.701317883177264,112.9500653483883,32155.177159395324,0.0026003889943502553,14.251519999999962,6777.173705623314,16.303186,72.609764,3.5763311,3019.1719,43.937626,0.9634094069645004,52.00074,6.778872489929199,3.7811199999999996,5.20832,844.2093,0.063003734,1.3267857,3673.9387,32007.03651799105,26.464607,8.67072,4.8896,0.5223029707854124,3125,15.732449,112.9500653483883,68033.1118882329,0.25370532,13.007359999999968,6871.495,,,,,,,,,,,,,,,,,,,,,,,,,,,,,,,,,,,,,,,,,,,,,,,,,,,,,,,,,,,,,,,,,,,,,,,,,,,,,,,,,,,,,,,,,,,,,,,,,,,,,,,,,,,,,,,,,,,,,,,,,,,,,,,,,,,,,,,,,,,,,,,,,,,,,,,,,,,,
H0_20ft_32kHz_epoch_187,H0,20FT,False,0,False,0.01982680175,False,TOO_EARLY,False,,,,,,,,,,,,,,,,,11.141642415159673,5.271471627947318,1.2619237311262423,1598.6171835920306,16.891736727100533,0.7971594640474111,14.35354449292193,3.7000338684826,3.98464,1.1033600000000001,1266.8096685725766,0.2023748885669147,1.1596023850554882,14680108.894789025,32001.99501874837,15.151952933949644,8.76928,4.78464,0.5944175854823303,23,2.7897425378720415,48.28735137510739,32011.70825475512,0.0002435698617770434,16.197119999999998,9463.900659943665,12.410944,5.876602,1.2041631,1525.9701,15.85274,0.7973320776775902,14.965412,3.752087116241455,3.85408,1.0368,1267.2454,0.21215428,1.3027184,6836.154,32001.99501874837,15.625377,8.71296,4.85888,0.5528898990976752,3621,2.1920843,48.28735137510739,60132.01237691407,0.19914989,16.16384,9625.907,,,,,,,,,,,,,,,,,,,,,,,,,,,,,,,,,,,,,,,,,,,,,,,,,,,,,,,,,,,,,,,,,,,,,,,,,,,,,,,,,,,,,,,,,,,,,,,,,,,,,,,,,,,,,,,,,,,,,,,,,,,,,,,,,,,,,,,,,,,,,,,,,,,,,,,,,,,,
H0_20ft_32kHz_epoch_188,H0,20FT,False,0,False,0.08661336175,False,TOO_EARLY,False,,,,,,,,,,,,,,,,,11.424851934740484,1431.4771149674434,5.9795162401851,2254.1209447283054,57.20337859975765,0.990049552276513,27.69099007257218,5.190447697585801,1.96736,1.64352,376.97379757562624,0.09429162706462323,0.7443683784987728,9168430.729618847,31999.568558760035,17.936256608024443,9.7792,7.811839999999999,0.5773823760810841,18,10.435473102937934,35.347479866075446,32002.70641856693,0.0002902033794204635,14.786560000000005,3940.5381288751328,12.806693,117.864555,0.7436622,1256.2305,31.006155,0.9706433090357751,28.79693,5.268679141998291,3.8848,0.90624,1689.2489,0.07698539,0.84607184,2902.7239,31999.568558760035,20.57692,4.76672,0.88192,0.8327153809899871,2443,12.775135,35.347479866075446,68506.59576902642,0.25395662,16.162559999999992,4051.552,,,,,,,,,,,,,,,,,,,,,,,,,,,,,,,,,,,,,,,,,,,,,,,,,,,,,,,,,,,,,,,,,,,,,,,,,,,,,,,,,,,,,,,,,,,,,,,,,,,,,,,,,,,,,,,,,,,,,,,,,,,,,,,,,,,,,,,,,,,,,,,,,,,,,,,,,,,,
H0_20ft_32kHz_epoch_189,H0,20FT,False,0,False,0.021352561750000002,False,TOO_EARLY,False,,,,,,,,,,,,,,,,,12.317281388473198,5.905659363793932,1.5265278944527343,1862.0719564846909,18.488646101620265,0.7976842206205165,24.04079140813084,4.586991574360142,2.39232,1.9072,1219.8086672710933,0.06722748651655071,1.282980648692948,12639161.873457268,31999.568558760035,25.59712169200678,7.21024,4.81792,0.4923082894590652,21,13.87460782204765,111.0920795790953,31993.439083304245,0.0003128910448810319,12.915200000000016,10071.434902534525,13.292556,6.380514,1.2622701,1695.436,16.582764,0.7978561329422337,24.73817,4.648505687713623,1.91744,1.632,1343.1642,0.06846771,1.3950194,5934.277,31999.568558760035,26.150362,6.77248,4.85504,0.46697162456757324,3224,13.585286,111.0920795790953,61819.67225672486,0.20923032,11.745279999999969,10224.086,,,,,,,,,,,,,,,,,,,,,,,,,,,,,,,,,,,,,,,,,,,,,,,,,,,,,,,,,,,,,,,,,,,,,,,,,,,,,,,,,,,,,,,,,,,,,,,,,,,,,,,,,,,,,,,,,,,,,,,,,,,,,,,,,,,,,,,,,,,,,,,,,,,,,,,,,,,,
H0_20ft_32kHz_epoch_19,H0,20FT,True,0,False,0.21480920174999998,True,VALID,False,,,,,,,,,,,,,,,,,15.08782542407791,1429.78369935347,55.937990682946776,2405.9557747420963,69.84760690928934,0.9935201798885221,44.24705353001822,6.287120035761178,11.11936,4.2752,43.01112259060783,0.05421873953920848,0.9473697266431232,4059547.473792025,31982.322394114064,24.799508643929094,16.7296,5.61024,0.11382312045989505,31,13.194618742271892,85.84418022241516,32094.863447450007,0.0005597499132366339,29.497599999999984,3444.5786780735757,16.298029,134.8675,36.43492,2402.9968,67.9005,0.9787981997679082,46.050674,6.404508113861084,8.0256,4.24832,65.953125,0.055491902,1.0372897,2793.0261,31982.322394114064,25.371248,13.60896,5.58336,0.12434706036959267,6512,13.8858185,85.84418022241516,72657.62053685694,0.27809334,29.43744000000001,3538.9973,,,,,,,,,,,,,,,,,,,,,,,,,,,,,,,,,,,,,,,,,,,,,,,,,,,,,,,,,,,,,,,,,,,,,,,,,,,,,,,,,,,,,,,,,,,,,,,,,,,,,,,,,,,,,,,,,,,,,,,,,,,,,,,,,,,,,,,,,,,,,,,,,,,,,,,,,,,,
H0_20ft_32kHz_epoch_190,H0,20FT,True,0,False,0.11548248175,True,VALID,False,,,,,,,,,,,,,,,,,14.29101530704953,2331.681727854523,3.220059024889845,3327.516892455765,54.192936603084426,0.9927445365934255,44.721659613016996,6.246897400788156,5.26592,5.44128,1033.3713968393092,0.09785998734251836,1.2373481043403594,11098810.331050813,32002.837371256108,22.03487775307414,8.782079999999999,3.5161599999999997,0.5195789886220593,22,12.274616057718617,66.76796065772578,31983.128235119715,0.00023026877152312176,14.219520000000013,6140.130247649881,14.934486,237.15038,3.2595441,2491.6846,40.037746,0.9848903188300181,45.5017,6.29645299911499,3.83872,5.32352,764.4273,0.12554626,1.3017932,4031.7446,32002.837371256108,20.234938,8.7104,4.87168,0.4125763616948466,4122,8.896315,66.76796065772578,64190.12689833959,0.23154789,13.143040000000008,6223.3384,,,,,,,,,,,,,,,,,,,,,,,,,,,,,,,,,,,,,,,,,,,,,,,,,,,,,,,,,,,,,,,,,,,,,,,,,,,,,,,,,,,,,,,,,,,,,,,,,,,,,,,,,,,,,,,,,,,,,,,,,,,,,,,,,,,,,,,,,,,,,,,,,,,,,,,,,,,,
H0_20ft_32kHz_epoch_191,H0,20FT,True,0,False,0.16709208174999998,True,VALID,False,,,,,,,,,,,,,,,,,11.642611172963178,1415.724751388832,1.7961436944577136,1263.3501244531994,44.622028588747284,0.9905406930767893,28.441063454073056,5.223612094534658,5.9827200000000005,1.55264,703.3680703561118,0.056688644216646815,0.6429795651139839,4631903.555847358,32001.251772086987,21.08647378485919,10.849279999999998,4.86656,0.8409661351512712,17,11.89396692981359,23.564986577384843,32011.701220249823,0.0005434452139000174,17.00224,2831.22521411262,13.059623,106.9151,1.7875129,1274.7493,43.53611,0.9736810033249811,29.430012,5.298329830169678,5.90976,1.4681600000000001,713.1413,0.058224786,0.7334621,2600.402,32001.251772086987,21.94181,10.77888,4.869120000000001,0.765275505523893,3574,11.730061,23.564986577384843,71986.07161980252,0.27836046,16.86399999999999,2928.0276,,,,,,,,,,,,,,,,,,,,,,,,,,,,,,,,,,,,,,,,,,,,,,,,,,,,,,,,,,,,,,,,,,,,,,,,,,,,,,,,,,,,,,,,,,,,,,,,,,,,,,,,,,,,,,,,,,,,,,,,,,,,,,,,,,,,,,,,,,,,,,,,,,,,,,,,,,,,
H0_20ft_32kHz_epoch_192,H0,20FT,False,0,False,0.00678488175,False,TOO_EARLY,False,,,,,,,,,,,,,,,,,11.166083653704112,4.860166946217804,3.038371979384145,2580.310559239351,29.581474226662984,0.7962295988796204,19.935700108957985,4.225755483227588,4.9792,2.88768,849.241164922162,0.2910236758487816,1.082396870806405,18775018.398884743,31937.28966566266,11.404125943232323,8.36224,3.38304,0.4722323927128324,21,1.9175945966823127,161.588479387774,32008.540058488066,0.00018012150553304882,18.283519999999996,8722.724700831788,11.7621355,5.130632,2.2080414,1788.4,20.174551,0.796427326445512,20.6077,4.287599086761475,3.42016,1.63072,809.94855,0.35802972,1.149413,5668.4097,31937.28966566266,10.11311,8.29184,4.87168,0.45792060236621646,4124,-1.433332,161.588479387774,62150.93383580561,0.21561065,16.56704,8864.634,,,,,,,,,,,,,,,,,,,,,,,,,,,,,,,,,,,,,,,,,,,,,,,,,,,,,,,,,,,,,,,,,,,,,,,,,,,,,,,,,,,,,,,,,,,,,,,,,,,,,,,,,,,,,,,,,,,,,,,,,,,,,,,,,,,,,,,,,,,,,,,,,,,,,,,,,,,,
H0_20ft_32kHz_epoch_193,H0,20FT,False,0,False,0.48163544175,False,TOO_LATE,False,,,,,,,,,,,,,,,,,14.38001629259093,52.66590770021949,3.7075275098149225,2980.0098817338467,47.55192638299655,0.9596202831654322,40.07310593529198,5.963541717536247,4.16256,2.3347200000000004,803.772830773206,0.056978747122242275,1.2178925396254663,295050.3429911015,31942.977144845456,26.59397979336125,8.98688,4.82432,0.4470934882185053,27,16.393691924248373,137.70837244012728,32583.64834562923,0.007105289256710722,16.522239999999965,6266.854170600712,15.63663,55.459297,3.6118646,2916.4238,45.872696,0.9557410819502409,41.18574,6.03735876083374,4.06656,2.21184,807.4566,0.058674432,1.3338784,3296.711,31942.977144845456,27.073557,8.936960000000001,4.8704,0.42660833041464397,3916,16.067444,137.70837244012728,64866.75120939372,0.23413487,16.450560000000003,6357.6465,,,,,,,,,,,,,,,,,,,,,,,,,,,,,,,,,,,,,,,,,,,,,,,,,,,,,,,,,,,,,,,,,,,,,,,,,,,,,,,,,,,,,,,,,,,,,,,,,,,,,,,,,,,,,,,,,,,,,,,,,,,,,,,,,,,,,,,,,,,,,,,,,,,,,,,,,,,,
H0_20ft_32kHz_epoch_194,H0,20FT,True,0,False,0.45642200175000003,True,VALID,False,,,,,,,,,,,,,,,,,18.01930830178317,617.7649106814677,5.984146894342327,3795.8789476718684,58.791180814497025,0.9923216964477374,54.18078757680434,6.84984211434462,3.8144,1.8393599999999999,634.3224881829119,0.05279578044966485,1.5027881764808835,2819627.9152558455,31945.705732297443,29.045368138215288,8.50048,4.68608,0.31302265059668044,20,18.352484730103626,79.11102636693249,32088.338627472902,0.0008473788268793713,16.730880000000003,6456.544833907814,19.706,230.69495,6.221454,4003.917,61.048103,0.9795002020051666,55.815784,6.931798458099365,3.90144,1.25824,643.5661,0.051256657,1.6563972,3429.3357,31945.705732297443,30.071257,8.456959999999999,4.5555200000000005,0.29542359059644113,4127,18.854996,79.11102636693249,65730.54276358569,0.23537797,16.774399999999968,6558.6265,,,,,,,,,,,,,,,,,,,,,,,,,,,,,,,,,,,,,,,,,,,,,,,,,,,,,,,,,,,,,,,,,,,,,,,,,,,,,,,,,,,,,,,,,,,,,,,,,,,,,,,,,,,,,,,,,,,,,,,,,,,,,,,,,,,,,,,,,,,,,,,,,,,,,,,,,,,,
H0_20ft_32kHz_epoch_195,H0,20FT,True,0,False,0.42670936175,True,VALID,False,,,,,,,,,,,,,,,,,15.750512016091665,1652.1589091163125,1.537402575584374,1355.3101978244135,42.50104382587993,0.9912235798967923,39.44208666818375,5.959498785727161,3.92448,1.1328,881.5584280578558,0.03740089674881024,0.8971349935007297,4005134.3785791476,32004.839211808227,27.579094535973525,8.62208,4.6975999999999996,0.6499703359610466,22,16.805146806745807,119.22529880721413,32052.48446406764,0.0004390653100246386,16.558079999999975,3188.886850348577,19.00308,155.6718,1.2531127,1237.4421,37.437584,0.972546239178992,41.817112,6.0821356773376465,0.98816,0.992,987.49475,0.037553582,1.101986,2241.9927,32004.839211808227,29.2857,5.5552,4.5670399999999995,0.5462984668431174,2772,18.286083,5943.77856320225,70109.64506531958,0.26627848,16.743679999999983,3305.3474,,,,,,,,,,,,,,,,,,,,,,,,,,,,,,,,,,,,,,,,,,,,,,,,,,,,,,,,,,,,,,,,,,,,,,,,,,,,,,,,,,,,,,,,,,,,,,,,,,,,,,,,,,,,,,,,,,,,,,,,,,,,,,,,,,,,,,,,,,,,,,,,,,,,,,,,,,,,
H0_20ft_32kHz_epoch_196,H0,20FT,False,0,False,0.49279320175,False,TOO_LATE,False,,,,,,,,,,,,,,,,,17.468698381668517,17.908325023486157,3.755080605705634,2926.646335902955,43.73832970550165,0.872844791219692,47.69860124474047,6.221126965987714,3.8784,3.2358399999999996,779.3830927239496,0.06187254978446966,1.5287602049851472,130158.44460642069,31941.188724424155,27.843985251780985,8.57472,4.69632,0.34928654466479936,23,15.796461881918,126.97784991232402,32996.12563497635,0.014226906790146116,13.07520000000001,6691.262230653452,19.058027,19.581635,3.3653708,3009.47,44.293587,0.8725263091293474,49.530876,6.323103904724121,3.99488,1.45536,894.2462,0.06068573,1.6806506,3965.8425,31941.188724424155,28.796722,7.851520000000001,3.85664,0.3224834109655201,3993,16.475365,126.97784991232402,63285.64745256501,0.22746843,13.128959999999967,6794.3696,,,,,,,,,,,,,,,,,,,,,,,,,,,,,,,,,,,,,,,,,,,,,,,,,,,,,,,,,,,,,,,,,,,,,,,,,,,,,,,,,,,,,,,,,,,,,,,,,,,,,,,,,,,,,,,,,,,,,,,,,,,,,,,,,,,,,,,,,,,,,,,,,,,,,,,,,,,,
H0_20ft_32kHz_epoch_197,H0,20FT,False,0,False,0.07528408175000001,False,TOO_EARLY,False,,,,,,,,,,,,,,,,,15.914369706195341,2251.10556429157,5.387169808074729,2588.0118792108633,47.3495369218354,0.9932543739969433,55.10670580850146,6.9238870504023895,3.7504,2.32448,480.40287783971496,0.13912372752849703,1.2587500631325952,13713395.258927645,31946.553985688057,19.128058364450943,8.59136,4.84096,0.40383689701381037,25,8.21688443482857,130.5546907549251,32002.515663328675,0.00019254963057757635,12.930559999999995,5465.759640866404,17.19834,195.2912,2.8766053,2228.3325,40.07262,0.9771649168361012,56.571735,7.007901668548584,2.27968,2.2297599999999997,774.63965,0.14208156,1.3720741,3135.644,31946.553985688057,19.619446,7.15008,4.8704,0.378548326503207,3667,8.19248,130.5546907549251,66953.10192598718,0.24421184,12.820479999999995,5560.736,,,,,,,,,,,,,,,,,,,,,,,,,,,,,,,,,,,,,,,,,,,,,,,,,,,,,,,,,,,,,,,,,,,,,,,,,,,,,,,,,,,,,,,,,,,,,,,,,,,,,,,,,,,,,,,,,,,,,,,,,,,,,,,,,,,,,,,,,,,,,,,,,,,,,,,,,,,,
H0_20ft_32kHz_epoch_198,H0,20FT,False,0,False,0.04242264175,False,TOO_EARLY,False,,,,,,,,,,,,,,,,,13.276719314896747,6.050762113147905,2.0873156775152473,1851.9575892584544,19.88551048209144,0.7962664208707575,27.921597050435327,4.896230033285381,2.3475200000000003,2.12864,887.2436542338563,0.17678254349925396,1.3298341706373202,10409576.608125528,32046.6985319148,17.489679735574086,7.101439999999999,4.75392,0.39702420936172905,20,5.510625752929602,121.19135954082958,32028.589137378127,0.00032886293367677746,11.8208,9313.100565993902,14.262319,6.5189505,2.3741229,1881.3599,19.846748,0.7964820724604058,29.087105,4.978898525238037,4.24832,1.12768,792.4442,0.05733186,1.4412552,5246.2427,32046.6985319148,27.914686,8.8064,4.55808,0.3297087499095336,4253,14.428844,121.19135954082958,61507.70506481892,0.20573455,16.30463999999998,9479.436,,,,,,,,,,,,,,,,,,,,,,,,,,,,,,,,,,,,,,,,,,,,,,,,,,,,,,,,,,,,,,,,,,,,,,,,,,,,,,,,,,,,,,,,,,,,,,,,,,,,,,,,,,,,,,,,,,,,,,,,,,,,,,,,,,,,,,,,,,,,,,,,,,,,,,,,,,,,
H0_20ft_32kHz_epoch_199,H0,20FT,False,0,False,0.48076376175,False,TOO_LATE,False,,,,,,,,,,,,,,,,,11.981013971218394,29.69059319716126,0.5892830150445444,621.8456356978212,17.080279094386338,0.9413088118758645,27.97552383491935,5.146885449948169,2.68544,2.38592,1055.258033613537,0.05004337914529027,0.7734142797661715,99146.20067252999,32050.282370123477,23.761057905988096,4.51968,1.83424,0.7653420233669197,12,13.707784082295637,25.037885898207605,34174.036089676374,0.02322879189566373,9.82143999999996,3640.722919464366,12.347144,29.841679,0.59661007,632.62537,16.925318,0.9368148324866722,28.808416,5.217095851898193,2.69312,2.29248,1060.3666,0.05106814,0.80759996,3438.0044,32050.282370123477,23.824001,4.51584,1.82272,0.7621663115801217,2423,13.595604,25.037885898207605,68730.11340929125,0.26020095,9.80095999999997,3737.7458,,,,,,,,,,,,,,,,,,,,,,,,,,,,,,,,,,,,,,,,,,,,,,,,,,,,,,,,,,,,,,,,,,,,,,,,,,,,,,,,,,,,,,,,,,,,,,,,,,,,,,,,,,,,,,,,,,,,,,,,,,,,,,,,,,,,,,,,,,,,,,,,,,,,,,,,,,,,
H0_20ft_32kHz_epoch_2,H0,20FT,False,0,False,0.09042264175,False,TOO_EARLY,False,,,,,,,,,,,,,,,,,15.266072168955459,1868.5882845580154,41.45785536263644,3201.640860782333,70.50397539628362,0.9937439285716713,45.21359409620509,6.305383662509348,8.93056,5.411840000000001,77.22639853830067,0.09357850637694956,1.1367025558193165,6764961.255126877,31979.945499030604,21.655187978480946,14.115839999999999,5.18528,0.15077156243046647,31,10.43739987798017,91.56748890201925,32077.850927941792,0.00039660861421781215,22.53567999999999,4541.078489243638,16.481049,170.56009,39.170116,3187.0332,68.86932,0.9777847118716099,46.77996,6.4046478271484375,8.826880000000001,2.44224,81.36389,0.09597532,1.2388116,3083.1672,31979.945499030604,22.186691,14.03904,5.212160000000001,0.14837690971963274,5071,10.221396,91.56748890201925,69438.7026233729,0.26033568,22.443519999999996,4627.653,,,,,,,,,,,,,,,,,,,,,,,,,,,,,,,,,,,,,,,,,,,,,,,,,,,,,,,,,,,,,,,,,,,,,,,,,,,,,,,,,,,,,,,,,,,,,,,,,,,,,,,,,,,,,,,,,,,,,,,,,,,,,,,,,,,,,,,,,,,,,,,,,,,,,,,,,,,,
H0_20ft_32kHz_epoch_20,H0,20FT,True,0,False,0.23440344175,True,VALID,False,,,,,,,,,,,,,,,,,15.400951222008668,1725.3170471749838,33.972983001601676,2096.3507989722248,41.245254373358826,0.9935807340519187,51.20091268326088,6.696167695917067,9.74208,5.72928,61.7064094392298,0.08831635769837352,1.1746739263131416,5594191.54196182,31987.687655377966,22.46555527963212,15.55584,5.81376,0.10993293069068594,27,8.68119071439515,85.8441802224188,32054.91435200193,0.0004807562153667117,28.842240000000018,5082.647278631552,16.13962,162.4562,5.952053,3262.6587,63.011044,0.9824943810038167,52.776886,6.796539306640625,4.702719999999999,3.9871999999999996,548.15686,0.05962631,1.242498,3114.9836,31987.687655377966,26.26971,8.32128,3.61856,0.3933750136359332,4136,16.725834,85.8441802224188,68406.34719573136,0.25076443,15.808000000000016,5177.9155,,,,,,,,,,,,,,,,,,,,,,,,,,,,,,,,,,,,,,,,,,,,,,,,,,,,,,,,,,,,,,,,,,,,,,,,,,,,,,,,,,,,,,,,,,,,,,,,,,,,,,,,,,,,,,,,,,,,,,,,,,,,,,,,,,,,,,,,,,,,,,,,,,,,,,,,,,,,
H0_20ft_32kHz_epoch_21,H0,20FT,False,0,False,0.05389144175,False,TOO_EARLY,False,,,,,,,,,,,,,,,,,15.654105949788585,19.35805639053746,42.23524442411216,3357.0518235577742,72.89297249329458,0.9932578768752068,42.23027526442879,6.08498858753486,9.166080000000001,4.18944,79.4846074487734,0.11366755643808334,1.1365518653541524,6033028.3251800705,31978.745553271463,19.986211975717943,14.74048,5.5744,0.12443327797918399,31,8.764790050258043,92.99786190761733,32072.184726599644,0.00045571317198851393,22.13632,4605.453322494863,16.448149,20.202484,41.169323,3370.523,71.7988,0.9740482157115697,43.439247,6.1668291091918945,9.184,3.5712,81.86977,0.11555059,1.20568,3297.7896,31978.745553271463,20.34683,14.751999999999999,5.568,0.13204798171876403,6066,8.635388,92.99786190761733,69047.28479894178,0.2553782,22.182399999999998,4694.4,,,,,,,,,,,,,,,,,,,,,,,,,,,,,,,,,,,,,,,,,,,,,,,,,,,,,,,,,,,,,,,,,,,,,,,,,,,,,,,,,,,,,,,,,,,,,,,,,,,,,,,,,,,,,,,,,,,,,,,,,,,,,,,,,,,,,,,,,,,,,,,,,,,,,,,,,,,,
H0_20ft_32kHz_epoch_22,H0,20FT,False,0,False,0.09001432175,False,TOO_EARLY,False,,,,,,,,,,,,,,,,,14.792462016072216,2011.6615072854527,99.44287760265918,3658.5330097182145,74.98494564885793,0.9938511685586487,48.30186833659354,6.542463311694945,13.87648,4.38784,36.79029708217573,0.09073757243935704,1.07242388821406,14727349.803999102,31981.05321216352,21.408852920166144,19.45344,5.57696,0.13111616282270183,27,9.888290142321537,112.77529290605162,32049.266875164976,0.00015804222632709314,30.337279999999993,4879.023353368079,15.640267,157.713,49.617554,3623.384,72.87675,0.9739585191483481,49.550484,6.625250339508057,9.221119999999999,4.288,73.02625,0.09273665,1.1446337,2954.099,31981.05321216352,21.79653,14.80448,5.58336,0.13223375040083285,6474,10.845791,112.77529290605162,69789.4506402097,0.26098275,30.196479999999998,4971.9346,,,,,,,,,,,,,,,,,,,,,,,,,,,,,,,,,,,,,,,,,,,,,,,,,,,,,,,,,,,,,,,,,,,,,,,,,,,,,,,,,,,,,,,,,,,,,,,,,,,,,,,,,,,,,,,,,,,,,,,,,,,,,,,,,,,,,,,,,,,,,,,,,,,,,,,,,,,,
H0_20ft_32kHz_epoch_23,H0,20FT,False,0,False,0.09857496175000001,False,TOO_EARLY,False,,,,,,,,,,,,,,,,,14.40813026590376,1961.7669161779222,353.2304371429116,2506.2989315671334,47.327573667964074,0.993200474245882,40.900688872263316,6.116832886276775,15.804160000000001,6.23104,7.095365144079586,0.13088095742654585,1.121738790752253,4534462.916648568,31987.687655377966,18.642706447824114,22.848,7.04384,0.05859095421533755,29,4.3609145132572475,100.15154359281951,32079.799786056235,0.0005855659647562822,34.89919999999999,5295.642132745956,14.452413,160.30606,227.28242,2561.9216,47.597393,0.9780127402822163,42.05669,6.19345760345459,15.81952,4.7872,11.271975,0.1308476,1.1343747,3163.316,31987.687655377966,18.649685,22.8096,6.99008,0.07076976378821595,9530,4.467228,100.15154359281951,68257.91025127789,0.25479215,34.89920000000001,5382.483,,,,,,,,,,,,,,,,,,,,,,,,,,,,,,,,,,,,,,,,,,,,,,,,,,,,,,,,,,,,,,,,,,,,,,,,,,,,,,,,,,,,,,,,,,,,,,,,,,,,,,,,,,,,,,,,,,,,,,,,,,,,,,,,,,,,,,,,,,,,,,,,,,,,,,,,,,,,
H0_20ft_32kHz_epoch_24,H0,20FT,True,0,False,0.27199832175000005,True,VALID,False,,,,,,,,,,,,,,,,,17.66279123289119,2880.2243350797166,68.0367969927447,3083.238495944987,46.578368126292865,0.9959146616519517,64.21769126763478,7.7213619638069195,5.05344,7.02592,45.31721997828577,0.08988401408930528,1.4915242859219209,17151950.227919612,32019.767118683503,24.395854362473585,12.7424,7.68896,0.1036034045144242,30,11.059142670411994,75.74459971301985,32044.537842124828,0.0001825517250643782,20.015360000000037,6619.4643994075295,17.561867,214.35583,64.69507,3122.3901,46.55595,0.9857648675167934,64.88584,7.763412952423096,5.11744,4.37504,48.263184,0.09011413,1.492747,3602.669,32019.767118683503,24.341066,12.70144,7.584,0.1130023121578391,5772,11.117525,75.74459971301985,67714.91999726562,0.2493245,20.000000000000018,6706.7476,,,,,,,,,,,,,,,,,,,,,,,,,,,,,,,,,,,,,,,,,,,,,,,,,,,,,,,,,,,,,,,,,,,,,,,,,,,,,,,,,,,,,,,,,,,,,,,,,,,,,,,,,,,,,,,,,,,,,,,,,,,,,,,,,,,,,,,,,,,,,,,,,,,,,,,,,,,,
H0_20ft_32kHz_epoch_25,H0,20FT,True,0,False,0.23318616174999998,True,VALID,False,,,,,,,,,,,,,,,,,14.120689506783416,2010.1773231511777,30.72401384142322,1628.8792191587345,37.05121738322876,0.9944986726293329,51.75871197010761,6.956692822754143,4.92544,4.44416,53.016485006250996,0.0850547571121129,0.9443710598039785,6658033.603177703,32042.991307426535,20.872857515933255,13.32992,8.404480000000001,0.13801589288520497,30,8.580172965693233,96.96990969653416,32068.006468241114,0.00039860928685214617,20.815359999999977,4396.290686783236,14.470905,141.71596,29.543701,1723.0746,38.395836,0.9800842077016262,52.666878,7.0195088386535645,4.876799999999999,4.463360000000001,58.32291,0.084570564,0.9777981,2875.0066,32042.991307426535,21.235506,13.12768,8.25088,0.1480902916414961,5830,8.940515,96.96990969653416,70934.27183085118,0.27016333,20.893439999999984,4487.66,,,,,,,,,,,,,,,,,,,,,,,,,,,,,,,,,,,,,,,,,,,,,,,,,,,,,,,,,,,,,,,,,,,,,,,,,,,,,,,,,,,,,,,,,,,,,,,,,,,,,,,,,,,,,,,,,,,,,,,,,,,,,,,,,,,,,,,,,,,,,,,,,,,,,,,,,,,,
H0_20ft_32kHz_epoch_26,H0,20FT,True,0,False,0.17008728174999999,True,VALID,False,,,,,,,,,,,,,,,,,14.92379141493015,2118.9450612217975,70.89714847267196,2967.79708463818,61.478063036467525,0.994173206043279,45.65052717053128,6.492742428400392,8.81536,6.42048,41.860598748552746,0.08180626377061316,1.0762068513201624,4266034.971416557,32041.64889193393,22.341532896730484,14.64832,5.83296,0.10882230669847966,35,11.11495363378183,82.4774530208415,32060.37721350353,0.0006349711146591562,23.376640000000005,4827.408246218952,15.315643,155.31146,68.059715,3402.609,69.27261,0.9790253078809632,46.78201,6.56369686126709,9.378559999999998,6.26944,49.99446,0.07279297,1.1140895,3239.6265,32041.64889193393,23.57435,14.5984,5.21984,0.12923667242334944,6153,12.731409,82.4774530208415,71676.9993580735,0.27468416,22.009600000000017,4911.9106,,,,,,,,,,,,,,,,,,,,,,,,,,,,,,,,,,,,,,,,,,,,,,,,,,,,,,,,,,,,,,,,,,,,,,,,,,,,,,,,,,,,,,,,,,,,,,,,,,,,,,,,,,,,,,,,,,,,,,,,,,,,,,,,,,,,,,,,,,,,,,,,,,,,,,,,,,,,
H0_20ft_32kHz_epoch_27,H0,20FT,True,0,False,0.19895256175,True,VALID,False,,,,,,,,,,,,,,,,,16.372210074159238,1980.702113797338,51.19094610314047,4027.885157922817,61.3620781668657,0.9946996613846846,61.91976302241575,7.493826549227557,7.61728,5.46432,78.68354591068194,0.08797141948401713,1.3022621486459707,4875474.045372352,32047.69854151647,23.396545846674982,13.41568,5.7984,0.10385327244948667,33,12.190292992924284,118.9740688336351,32092.38639579377,0.00047594096707683485,23.686399999999995,6564.127679915726,17.234386,181.95206,54.131058,4681.691,70.29739,0.9783004731285144,63.130463,7.567412853240967,8.145919999999998,4.86144,86.488075,0.07660245,1.380798,3216.178,32047.69854151647,25.040375,13.376000000000001,5.23008,0.11018952129129542,6032,14.05538,118.9740688336351,71749.62897498716,0.27110234,22.37696,6659.836,,,,,,,,,,,,,,,,,,,,,,,,,,,,,,,,,,,,,,,,,,,,,,,,,,,,,,,,,,,,,,,,,,,,,,,,,,,,,,,,,,,,,,,,,,,,,,,,,,,,,,,,,,,,,,,,,,,,,,,,,,,,,,,,,,,,,,,,,,,,,,,,,,,,,,,,,,,,
H0_20ft_32kHz_epoch_28,H0,20FT,True,0,False,0.14067800175,True,VALID,False,,,,,,,,,,,,,,,,,14.811823995032686,1796.7154451287527,51.32747715683946,3245.5460587397315,65.31100162145056,0.9940090454746279,42.34339372846734,6.192874024040934,8.782079999999999,4.22144,63.23213683028497,0.08588259398678799,1.1537169685629076,5783064.50275794,32046.713459688326,22.540088069377777,14.554879999999999,5.7728,0.1038944866844746,35,11.109201197737903,41.96843241342867,32058.784457853093,0.0005549382719617907,31.2192,4969.371129157064,14.970705,175.16356,42.18124,3285.855,65.15051,0.9832653447769383,43.21197,6.2508769035339355,7.7888,4.12544,77.89849,0.08581967,1.1747558,3679.4167,32046.713459688326,22.692173,13.0752,5.2864,0.12292829537089711,6502,11.63411,41.96843241342867,68076.63932028714,0.25368986,31.248639999999995,5043.483,,,,,,,,,,,,,,,,,,,,,,,,,,,,,,,,,,,,,,,,,,,,,,,,,,,,,,,,,,,,,,,,,,,,,,,,,,,,,,,,,,,,,,,,,,,,,,,,,,,,,,,,,,,,,,,,,,,,,,,,,,,,,,,,,,,,,,,,,,,,,,,,,,,,,,,,,,,,
H0_20ft_32kHz_epoch_29,H0,20FT,True,0,False,0.27397720175,True,VALID,False,,,,,,,,,,,,,,,,,16.684110795112876,1927.131568503469,40.732580295171424,2868.045018824323,62.23180385409185,0.9944490402295456,56.16322424822691,7.02649824359989,7.65056,4.20736,70.4115722116489,0.06223378091210382,1.2117545249507433,6750504.682153622,32050.282370123477,25.772371762708254,13.48736,5.836799999999999,0.11219177073990888,40,13.69289463457799,109.09364569932222,32040.61634004961,0.0004122778131435895,21.17888000000001,4608.648377843352,16.741959,173.50229,38.671375,2829.6875,60.324417,0.9840817790650288,57.33188,7.1005473136901855,7.58784,4.24448,73.17266,0.063984826,1.2267436,3055.2144,32050.282370123477,25.625446,13.46816,5.880319999999999,0.12387329990435025,6386,13.407727,109.09364569932222,70491.82185364647,0.2681546,21.17248000000005,4690.7827,,,,,,,,,,,,,,,,,,,,,,,,,,,,,,,,,,,,,,,,,,,,,,,,,,,,,,,,,,,,,,,,,,,,,,,,,,,,,,,,,,,,,,,,,,,,,,,,,,,,,,,,,,,,,,,,,,,,,,,,,,,,,,,,,,,,,,,,,,,,,,,,,,,,,,,,,,,,
H0_20ft_32kHz_epoch_3,H0,20FT,True,0,False,0.25385048175,True,VALID,False,,,,,,,,,,,,,,,,,15.218130804258827,1582.8150743184183,77.92799637186437,2743.142432086024,59.42203590310583,0.9945514134673401,50.37905638973977,6.773768499092225,9.11232,5.43744,35.200987575610675,0.0674707565621266,1.1062073142718734,9331053.00957874,32039.551847595674,24.293968486280058,14.926079999999999,5.81376,0.0800086179713979,40,12.36539009463761,89.42102106501625,32072.130479133233,0.0003018285716080981,31.18976000000001,4616.372344695426,15.650644,147.1977,58.142513,3203.4568,68.07511,0.982338561958815,51.69676,6.859402656555176,8.16896,4.40704,55.096634,0.0594356,1.1486093,3037.8267,32039.551847595674,25.645285,13.395199999999999,5.22624,0.13839132120624378,5853,14.610263,89.42102106501625,71259.71318482308,0.2677925,21.187840000000012,4705.768,,,,,,,,,,,,,,,,,,,,,,,,,,,,,,,,,,,,,,,,,,,,,,,,,,,,,,,,,,,,,,,,,,,,,,,,,,,,,,,,,,,,,,,,,,,,,,,,,,,,,,,,,,,,,,,,,,,,,,,,,,,,,,,,,,,,,,,,,,,,,,,,,,,,,,,,,,,,
H0_20ft_32kHz_epoch_30,H0,20FT,True,0,False,0.38461144175,True,VALID,False,,,,,,,,,,,,,,,,,15.812120281703727,2002.6189109642432,83.17021689616048,3166.446167771129,60.36942723145467,0.9953319976836476,58.16553903004817,7.4011372864893925,8.895999999999999,6.260479999999999,38.07187579799361,0.05802490856598971,1.1550777063956321,12281869.596680244,32039.81196612501,25.934170269547607,14.69184,5.79584,0.07617279528831535,43,14.363734848789493,90.61122709348274,32049.493736320877,0.00022613382718644003,22.28992000000002,5245.115471496862,16.066082,159.8644,63.339874,3220.5796,60.359528,0.9801673689928893,59.15424,7.461509704589844,7.77984,4.38528,50.846004,0.058106657,1.1837164,3000.1177,32039.81196612501,26.170975,13.05856,5.27872,0.11831748144688281,6244,14.939504,90.61122709348274,71867.24836989064,0.27313557,19.94239999999997,5335.6606,,,,,,,,,,,,,,,,,,,,,,,,,,,,,,,,,,,,,,,,,,,,,,,,,,,,,,,,,,,,,,,,,,,,,,,,,,,,,,,,,,,,,,,,,,,,,,,,,,,,,,,,,,,,,,,,,,,,,,,,,,,,,,,,,,,,,,,,,,,,,,,,,,,,,,,,,,,,
H0_20ft_32kHz_epoch_31,H0,20FT,True,0,False,0.28307160175,True,VALID,False,,,,,,,,,,,,,,,,,16.955471366447334,2002.1195725701284,30.08565577281165,3439.693997431469,58.89287380337144,0.9944097404569524,62.197044492889574,7.4922993433181455,7.3728,6.40384,114.33003233843105,0.07146749019300709,1.3070191901248256,5676537.18453597,32046.17064872806,25.219599936464366,13.16864,5.79584,0.1852102581605968,25,13.38714078531671,82.66287383966846,32065.275438346274,0.0005910228437081127,20.48896,5840.594583507144,16.815578,172.34937,21.749722,3465.3413,58.400024,0.9817161544309804,63.60347,7.575621128082275,7.2793600000000005,6.384639999999999,159.32808,0.071444586,1.3065375,3523.8325,32046.17064872806,25.20529,12.40576,5.126399999999999,0.20317629576047733,4544,13.679385,82.66287383966846,72188.04343350598,0.27622485,20.410879999999963,5933.8013,,,,,,,,,,,,,,,,,,,,,,,,,,,,,,,,,,,,,,,,,,,,,,,,,,,,,,,,,,,,,,,,,,,,,,,,,,,,,,,,,,,,,,,,,,,,,,,,,,,,,,,,,,,,,,,,,,,,,,,,,,,,,,,,,,,,,,,,,,,,,,,,,,,,,,,,,,,,
H0_20ft_32kHz_epoch_32,H0,20FT,True,0,False,0.31289816175,True,VALID,False,,,,,,,,,,,,,,,,,18.050114950264966,2773.2998507000366,63.80226158243211,3374.000541605082,71.8534268495807,0.9947069202684551,65.98379763353597,7.622398371766084,9.610240000000001,4.27264,52.882146461838424,0.05066897485906863,1.2143151195160558,13395151.509858005,32046.19254064516,27.591390228832292,14.796800000000001,5.18656,0.09892423664632191,36,15.789383095400495,96.38405576395962,32039.87465016529,0.00021621878704934378,31.751680000000004,4695.671020212029,19.336308,201.18938,54.064117,3327.4775,69.56634,0.9812375065851117,67.271614,7.689995288848877,8.26112,2.02496,61.546875,0.052728258,1.3129076,2911.4966,32046.19254064516,27.872646,13.48608,5.22496,0.10406943154231088,6006,15.786284,96.38405576395962,71144.87613654681,0.27232346,31.738880000000023,4783.172,,,,,,,,,,,,,,,,,,,,,,,,,,,,,,,,,,,,,,,,,,,,,,,,,,,,,,,,,,,,,,,,,,,,,,,,,,,,,,,,,,,,,,,,,,,,,,,,,,,,,,,,,,,,,,,,,,,,,,,,,,,,,,,,,,,,,,,,,,,,,,,,,,,,,,,,,,,,
H0_20ft_32kHz_epoch_33,H0,20FT,True,0,False,0.17991640174999998,True,VALID,False,,,,,,,,,,,,,,,,,13.716899212518888,1956.2992669262596,49.5045737728915,3549.3055847172127,73.35450838538782,0.9943128285958291,41.252520813513165,6.207049373863931,9.006079999999999,2.66112,71.69651840646384,0.06533400302677324,1.0542758527330802,6490680.030980435,32042.898147650743,24.134093050961255,13.61024,4.60416,0.1884460878904106,29,14.158823176926749,43.87608843221824,32054.339042502772,0.0004972504451330963,21.118720000000007,4838.565021893268,14.782905,158.39453,39.33227,3502.6636,71.201454,0.9838247701434535,42.206604,6.272849082946777,8.28928,2.07104,89.05318,0.067542605,1.1456568,3898.4924,32042.898147650743,24.546804,12.86016,4.57088,0.19134649662149578,5573,14.062318,43.87608843221824,68917.93468598806,0.2576347,19.290879999999984,4919.3706,,,,,,,,,,,,,,,,,,,,,,,,,,,,,,,,,,,,,,,,,,,,,,,,,,,,,,,,,,,,,,,,,,,,,,,,,,,,,,,,,,,,,,,,,,,,,,,,,,,,,,,,,,,,,,,,,,,,,,,,,,,,,,,,,,,,,,,,,,,,,,,,,,,,,,,,,,,,
H0_20ft_32kHz_epoch_34,H0,20FT,True,0,False,0.28905304175,True,VALID,False,,,,,,,,,,,,,,,,,15.299059280590763,1692.6799977983972,61.719202750965884,3183.018843985215,54.232052532752704,0.9932162365293593,50.5886121447591,6.802012983547319,7.74144,7.30496,51.572585226390174,0.07579088348213243,1.150691514839889,10859992.796474187,32047.69854151647,23.626022322540614,13.5616,5.82016,0.12340065481210119,32,12.414955874394614,120.4800697049468,32039.598544363183,0.0002827875504066225,20.52352000000002,5869.257561407657,15.62261,155.41258,58.689823,3670.1626,61.50289,0.9800837681300993,51.87827,6.878466606140137,8.17408,7.14624,62.534904,0.069460176,1.1848166,3008.8325,32047.69854151647,24.571295,13.40928,5.2352,0.12690072665535898,5981,13.838086,120.4800697049468,72271.15669364986,0.2776563,20.46720000000002,5967.4634,,,,,,,,,,,,,,,,,,,,,,,,,,,,,,,,,,,,,,,,,,,,,,,,,,,,,,,,,,,,,,,,,,,,,,,,,,,,,,,,,,,,,,,,,,,,,,,,,,,,,,,,,,,,,,,,,,,,,,,,,,,,,,,,,,,,,,,,,,,,,,,,,,,,,,,,,,,,
H0_20ft_32kHz_epoch_35,H0,20FT,True,0,False,0.12451928175,True,VALID,False,,,,,,,,,,,,,,,,,13.93373812906669,1630.63133304979,46.48705903980891,2034.5195184860659,44.74260683550316,0.9935589013494985,40.90576397217307,6.162450310630451,8.15488,4.034560000000001,43.765287813521795,0.1100402292920016,1.0052237254356509,11785021.809340088,32016.30238211877,19.202869064418195,16.58624,8.43136,0.10359500106943537,32,6.359775534528547,80.47891895851717,32041.535935746266,0.00022648133258130373,25.56800000000001,4547.163570432902,14.527349,145.55054,30.537472,2031.0349,43.81047,0.9775913594011032,42.107124,6.247378826141357,7.65056,1.7984,66.5096,0.11096629,1.0582323,3103.5205,32016.30238211877,19.358593,14.88,7.22944,0.13003296629888875,5651,6.744184,80.47891895851717,70891.57733467282,0.26737982,24.57344,4635.9575,,,,,,,,,,,,,,,,,,,,,,,,,,,,,,,,,,,,,,,,,,,,,,,,,,,,,,,,,,,,,,,,,,,,,,,,,,,,,,,,,,,,,,,,,,,,,,,,,,,,,,,,,,,,,,,,,,,,,,,,,,,,,,,,,,,,,,,,,,,,,,,,,,,,,,,,,,,,
H0_20ft_32kHz_epoch_36,H0,20FT,True,0,False,0.22292056175,True,VALID,False,,,,,,,,,,,,,,,,,15.061826580351207,1669.0124507820144,7.276779600187567,1730.662525502466,51.82543508951224,0.9935471521384939,44.568217940077936,6.276154852384513,3.67104,2.78656,237.83357757010103,0.06199910702346158,0.96172826632408,3753043.9809469297,32044.805803669533,23.812742340681115,9.50144,5.8304,0.29015668817882223,26,13.062098851347926,76.30624075168089,32063.543515663354,0.0006888844765576503,14.862079999999999,3339.4076142597464,16.246847,140.37415,5.420568,1959.9403,57.219757,0.9817306253293976,46.17417,6.3776373863220215,4.213760000000001,2.51776,361.5747,0.05495701,1.0506488,2763.567,32044.805803669533,25.598621,8.26112,4.047359999999999,0.37242413071520775,3910,15.255276,76.30624075168089,71305.51950549473,0.27201208,13.58463999999998,3425.286,,,,,,,,,,,,,,,,,,,,,,,,,,,,,,,,,,,,,,,,,,,,,,,,,,,,,,,,,,,,,,,,,,,,,,,,,,,,,,,,,,,,,,,,,,,,,,,,,,,,,,,,,,,,,,,,,,,,,,,,,,,,,,,,,,,,,,,,,,,,,,,,,,,,,,,,,,,,
H0_20ft_32kHz_epoch_37,H0,20FT,True,0,False,0.24984024175,True,VALID,False,,,,,,,,,,,,,,,,,15.134921792980018,1701.5878843429045,50.55451234954264,3017.2251272535113,67.21748814531703,0.9935192686549992,45.57857106936242,6.379925299890016,7.86048,5.184,59.68260768468776,0.05973379155615061,1.0848450137294583,12069175.331976136,32044.917108859576,25.149903825173872,13.077760000000001,5.217280000000001,0.12190849533657878,37,14.405680572554044,87.6326006437157,32033.430011757624,0.00020673083964889492,31.801599999999986,4488.750190620818,16.301556,158.86276,47.731613,2986.6338,65.22946,0.982308264276534,46.819885,6.457761764526367,7.75936,2.10816,62.5714,0.061637994,1.1801118,3097.7224,32044.917108859576,25.573242,13.004800000000001,5.245439999999999,0.12714920054002754,6278,14.118358,87.6326006437157,70227.68128183631,0.26316097,31.737600000000032,4578.6577,,,,,,,,,,,,,,,,,,,,,,,,,,,,,,,,,,,,,,,,,,,,,,,,,,,,,,,,,,,,,,,,,,,,,,,,,,,,,,,,,,,,,,,,,,,,,,,,,,,,,,,,,,,,,,,,,,,,,,,,,,,,,,,,,,,,,,,,,,,,,,,,,,,,,,,,,,,,
H0_20ft_32kHz_epoch_38,H0,20FT,True,0,False,0.22350808175,True,VALID,False,,,,,,,,,,,,,,,,,14.13663363343257,1934.5645399524428,34.70555139413227,2305.3731798746016,55.15174615972177,0.993763502473174,47.183780563894395,6.594224029224085,6.259200000000001,4.23424,66.4266403288122,0.07103514852058598,0.9486293463985112,10055414.543923894,32050.064958568713,22.46422559622104,13.24928,6.99008,0.12569456837719628,30,11.678923182552225,48.81318648172237,32032.13049555967,0.0002600628900609517,22.45760000000002,4180.054740602572,14.673328,157.00264,33.647484,2320.7534,54.4756,0.981710619848305,48.136936,6.658401966094971,6.24768,4.17664,68.97257,0.07190018,0.99403477,3109.189,32050.064958568713,22.756212,13.24288,6.9952,0.14410819699497562,5398,11.599731,48.81318648172237,69483.75640274864,0.2640551,22.34751999999998,4260.1704,,,,,,,,,,,,,,,,,,,,,,,,,,,,,,,,,,,,,,,,,,,,,,,,,,,,,,,,,,,,,,,,,,,,,,,,,,,,,,,,,,,,,,,,,,,,,,,,,,,,,,,,,,,,,,,,,,,,,,,,,,,,,,,,,,,,,,,,,,,,,,,,,,,,,,,,,,,,
H0_20ft_32kHz_epoch_39,H0,20FT,True,0,False,0.26223192175000004,True,VALID,False,,,,,,,,,,,,,,,,,16.062812445489577,2106.681970232192,7.957957445335991,2370.238908858996,53.58107267476871,0.9936733896696418,51.85516366957253,6.847504621325421,4.289280000000001,4.85376,297.845134902971,0.06487294513367518,1.0775948664281634,55653839.0399907,32041.401636775772,24.4054851962645,9.478399999999999,5.18912,0.29217159125116315,28,14.04444376257546,82.66287383966846,32037.97730704732,5.138425748787459e-05,18.167039999999968,4423.649603370271,17.22111,170.8122,7.6140695,2309.5413,51.163177,0.979998266854296,53.2409,6.922685623168945,4.1868799999999995,4.16512,303.32547,0.06706575,1.1670485,2755.611,32041.401636775772,24.733376,9.42976,5.24288,0.3023091014505544,4132,13.664852,82.66287383966846,71369.07322957974,0.274617,18.300159999999956,4514.0693,,,,,,,,,,,,,,,,,,,,,,,,,,,,,,,,,,,,,,,,,,,,,,,,,,,,,,,,,,,,,,,,,,,,,,,,,,,,,,,,,,,,,,,,,,,,,,,,,,,,,,,,,,,,,,,,,,,,,,,,,,,,,,,,,,,,,,,,,,,,,,,,,,,,,,,,,,,,
H0_20ft_32kHz_epoch_4,H0,20FT,True,0,False,0.33606744175000003,True,VALID,False,,,,,,,,,,,,,,,,,16.216207620981898,2144.7728782394747,78.61414933078885,3750.3248335295666,60.60639183334035,0.9950105492989066,59.70754719649238,7.435664447942033,8.42112,5.53088,47.70546861406931,0.06700458404125356,1.286672710431665,3772900.436902238,32022.325588966618,25.64802837535371,14.2144,5.793279999999999,0.08608446845403707,36,13.996046225545166,90.61122709348274,32100.072699069176,0.000696161049766569,21.85087999999996,6188.002156344183,16.236485,173.47372,80.27986,4356.6333,69.35053,0.982384226795422,60.791817,7.501433372497559,9.00736,4.962560000000001,54.268074,0.05908525,1.2980343,3221.4397,32022.325588966618,26.785435,13.77408,4.76672,0.10528147480585609,6482,15.869966,90.61122709348274,70632.22626266647,0.2666559,22.44223999999995,6282.0474,,,,,,,,,,,,,,,,,,,,,,,,,,,,,,,,,,,,,,,,,,,,,,,,,,,,,,,,,,,,,,,,,,,,,,,,,,,,,,,,,,,,,,,,,,,,,,,,,,,,,,,,,,,,,,,,,,,,,,,,,,,,,,,,,,,,,,,,,,,,,,,,,,,,,,,,,,,,
H0_20ft_32kHz_epoch_40,H0,20FT,True,0,False,0.34127960175000005,True,VALID,False,,,,,,,,,,,,,,,,,14.0498804030991,1795.2652898362524,62.60133343351196,3450.187575881373,77.5925218627808,0.9942316693541428,40.922075294915174,6.2005744508894765,9.27104,1.8060800000000001,55.113643538272406,0.04189625004561546,1.0023256515686103,17655165.70081441,32041.340268016975,27.564623840073686,13.080319999999999,3.8092799999999998,0.14111273532228008,42,18.067305629114816,44.71051053250994,32034.21384974148,0.00017287013950789204,21.15583999999998,4446.546513828756,15.213961,159.50705,57.764854,3392.2295,74.878654,0.9827330976809362,42.008137,6.270190238952637,8.9792,1.6128,58.7248,0.044546302,1.0955467,3419.891,32041.340268016975,27.76849,12.88576,3.90656,0.13871960972836891,6509,17.529604,44.71051053250994,69572.9948043941,0.26125875,21.034239999999983,4530.3027,,,,,,,,,,,,,,,,,,,,,,,,,,,,,,,,,,,,,,,,,,,,,,,,,,,,,,,,,,,,,,,,,,,,,,,,,,,,,,,,,,,,,,,,,,,,,,,,,,,,,,,,,,,,,,,,,,,,,,,,,,,,,,,,,,,,,,,,,,,,,,,,,,,,,,,,,,,,
H0_20ft_32kHz_epoch_41,H0,20FT,True,0,False,0.45918040175,True,VALID,False,,,,,,,,,,,,,,,,,14.271766767651142,230.03953574339477,55.71306221255146,3070.6796440643125,65.1891013244407,0.9891791346681863,44.01683797563978,6.306100281943405,9.43488,7.62624,55.11597320469947,0.04683664116118201,1.0479300530729112,878431.0646604305,32044.917108859576,26.98072232593665,14.728959999999999,5.294079999999999,0.12071999869778369,31,16.076936040749416,84.05575980111826,32267.63989548568,0.0027789398535903796,22.54208000000002,4710.418738220875,15.402334,135.83963,52.9343,3097.6567,64.57462,0.9743976726344926,45.327393,6.389976501464844,9.41952,3.37664,58.518894,0.047590848,1.141293,3242.751,32044.917108859576,27.472956,14.67008,5.250559999999999,0.12461243427415901,6530,15.995913,84.05575980111826,69982.98376967604,0.26386672,22.49087999999999,4797.0186,,,,,,,,,,,,,,,,,,,,,,,,,,,,,,,,,,,,,,,,,,,,,,,,,,,,,,,,,,,,,,,,,,,,,,,,,,,,,,,,,,,,,,,,,,,,,,,,,,,,,,,,,,,,,,,,,,,,,,,,,,,,,,,,,,,,,,,,,,,,,,,,,,,,,,,,,,,,
H0_20ft_32kHz_epoch_42,H0,20FT,False,0,False,0.029876081750000002,False,TOO_EARLY,False,,,,,,,,,,,,,,,,,10.928783374076342,4.612801008825579,42.74252095393819,3201.311127895678,40.66035994110489,0.797895455078982,22.998506864649865,4.6969094128656765,8.144639999999999,2.7648,74.8975740420487,0.15456692021769386,1.0374685681849403,11783185.422915535,32048.493949702177,16.534612960346582,13.3248,5.18016,0.13173048403149068,28,6.322578675606708,87.63260064371934,32035.2104004365,0.0003040185784106212,24.043519999999997,7873.297561882444,11.62575,4.9228787,19.969175,3070.981,38.332973,0.7980587043048867,23.441776,4.73471212387085,7.901439999999999,2.23488,153.78607,0.1605564,1.113264,5003.2637,32048.493949702177,16.819046,11.99744,4.096,0.3056295097783586,3677,6.271315,87.63260064371934,62834.14497470411,0.21843104,18.30784,8011.33,,,,,,,,,,,,,,,,,,,,,,,,,,,,,,,,,,,,,,,,,,,,,,,,,,,,,,,,,,,,,,,,,,,,,,,,,,,,,,,,,,,,,,,,,,,,,,,,,,,,,,,,,,,,,,,,,,,,,,,,,,,,,,,,,,,,,,,,,,,,,,,,,,,,,,,,,,,,
H0_20ft_32kHz_epoch_43,H0,20FT,True,0,False,0.13126872174999998,True,VALID,False,,,,,,,,,,,,,,,,,12.263649758786,1633.5300595303759,47.93818553301531,1588.122590018093,17.343957234540362,0.7978747011394693,27.822350518262304,5.073721846074942,4.20736,4.37888,33.12855028523242,0.12680002466135165,1.1521002014664508,22928106.126417898,32044.686539773847,19.159689120499806,13.96352,9.75616,0.09009090935009145,29,4.800473327391208,78.3120453082156,32030.86305692124,0.0001823196618278931,28.062720000000013,9156.633451882257,12.514705,156.22852,44.301895,1647.2368,17.680897,0.7980311622632413,28.409012,5.122025012969971,4.2969599999999994,4.26624,37.182083,0.1268086,1.1859027,5411.6675,32044.686539773847,19.413534,13.583359999999999,9.2864,0.10282819974280447,6264,5.077668,78.3120453082156,64925.63472630974,0.22875017,21.548800000000007,9316.478,,,,,,,,,,,,,,,,,,,,,,,,,,,,,,,,,,,,,,,,,,,,,,,,,,,,,,,,,,,,,,,,,,,,,,,,,,,,,,,,,,,,,,,,,,,,,,,,,,,,,,,,,,,,,,,,,,,,,,,,,,,,,,,,,,,,,,,,,,,,,,,,,,,,,,,,,,,,
H0_20ft_32kHz_epoch_44,H0,20FT,True,0,False,0.19507800175,True,VALID,False,,,,,,,,,,,,,,,,,13.777888924665955,1842.286033841977,51.82700375457982,3282.9468227985453,73.65317882791122,0.9938128043678629,40.34718170883673,6.10266582517548,8.8256,4.672,63.34432988523395,0.06002511101918631,0.9841100189205337,14224495.179324355,32041.340268016975,24.28073867868738,14.03776,5.212160000000001,0.14580855957274486,36,14.421567961956974,41.13366968990886,32027.70127008547,0.00022610915395485735,21.12,4457.305000329984,14.885722,151.61311,46.47158,3253.0393,71.59509,0.9821314746384536,41.33184,6.167971134185791,8.368640000000001,4.50432,70.00062,0.062269997,1.0734895,3516.5403,32041.340268016975,24.631805,13.60384,5.2352,0.14740887174499112,6045,14.201452,41.13366968990886,70085.2996552876,0.26583526,21.09312000000002,4543.662,,,,,,,,,,,,,,,,,,,,,,,,,,,,,,,,,,,,,,,,,,,,,,,,,,,,,,,,,,,,,,,,,,,,,,,,,,,,,,,,,,,,,,,,,,,,,,,,,,,,,,,,,,,,,,,,,,,,,,,,,,,,,,,,,,,,,,,,,,,,,,,,,,,,,,,,,,,,
H0_20ft_32kHz_epoch_45,H0,20FT,True,0,False,0.30495192175,True,VALID,False,,,,,,,,,,,,,,,,,14.873413214497395,1649.6612924185379,22.27121824655171,1659.2757150380799,41.3928471098803,0.9938261709570045,46.17741050396811,6.49447006033223,4.26624,5.088,74.50314107953035,0.06848428535181413,0.9773876355665485,10139938.166852199,32045.015318587844,23.04335102597218,9.58336,5.31712,0.13616073230323944,36,11.971439289090377,43.763546500857046,32027.596591695103,0.0002490176801408869,19.315200000000033,4008.604942378985,14.825742,132.76035,21.45826,1703.0747,41.492683,0.9804290056307978,47.62833,6.58487606048584,4.247039999999999,5.07392,79.36686,0.06888555,0.9858416,2952.9084,32045.015318587844,23.049982,9.53088,5.28384,0.17461175330086554,4275,12.0589695,43.763546500857046,70097.63013685326,0.26337108,14.30015999999995,4104.518,,,,,,,,,,,,,,,,,,,,,,,,,,,,,,,,,,,,,,,,,,,,,,,,,,,,,,,,,,,,,,,,,,,,,,,,,,,,,,,,,,,,,,,,,,,,,,,,,,,,,,,,,,,,,,,,,,,,,,,,,,,,,,,,,,,,,,,,,,,,,,,,,,,,,,,,,,,,
H0_20ft_32kHz_epoch_46,H0,20FT,True,0,False,0.38419928175,True,VALID,False,,,,,,,,,,,,,,,,,14.647090421094846,2250.3841937865095,289.16421805594734,4834.147253804722,63.6799612948466,0.9941957636213611,49.56737446847107,6.734794202021777,17.46048,7.426559999999999,16.71765367885351,0.06727952755244007,1.2872220497207603,9612729.647656133,32046.17064872806,25.59558862049201,22.76864,5.30816,0.06149257584659217,14,13.010427116916786,111.27694555339986,32039.559111386978,0.0002988785525761758,36.67967999999999,7591.316256336779,15.627999,197.05605,112.08144,4882.936,63.53175,0.9836735916604541,50.564434,6.794830322265625,14.29248,6.7392,43.565964,0.06730643,1.3819491,3597.268,32046.17064872806,26.241314,18.854400000000002,4.56192,0.09257375958464642,6232,13.873559,111.27694555339986,67199.34156973509,0.24389347,34.144000000000005,7685.82,,,,,,,,,,,,,,,,,,,,,,,,,,,,,,,,,,,,,,,,,,,,,,,,,,,,,,,,,,,,,,,,,,,,,,,,,,,,,,,,,,,,,,,,,,,,,,,,,,,,,,,,,,,,,,,,,,,,,,,,,,,,,,,,,,,,,,,,,,,,,,,,,,,,,,,,,,,,
H0_20ft_32kHz_epoch_47,H0,20FT,True,0,False,0.39981784175,True,VALID,False,,,,,,,,,,,,,,,,,13.185464857377795,1276.2692519968364,62.67101345689721,3801.934035485593,77.02116428547257,0.9940905147998551,46.899686544506245,6.6696141858095475,9.7088,7.11808,60.664952196666725,0.041357924101229696,0.9344073810262795,2515248.3017629026,32041.401636775772,27.02379313914107,14.6944,4.9856,0.1502103706160644,38,18.096294662625652,84.25254449043132,32095.796519447962,0.0009861499649501636,24.244479999999957,4936.219895863898,14.168132,136.95549,57.648643,3852.7769,76.51625,0.9786630535531227,47.91101,6.736818313598633,9.17376,6.937600000000001,66.83205,0.04180652,1.014066,2993.737,32041.401636775772,27.669828,14.06848,4.89472,0.1516036015320806,6286,18.25357,84.25254449043132,71466.17289127813,0.27157107,24.296960000000034,5035.2397,,,,,,,,,,,,,,,,,,,,,,,,,,,,,,,,,,,,,,,,,,,,,,,,,,,,,,,,,,,,,,,,,,,,,,,,,,,,,,,,,,,,,,,,,,,,,,,,,,,,,,,,,,,,,,,,,,,,,,,,,,,,,,,,,,,,,,,,,,,,,,,,,,,,,,,,,,,,
H0_20ft_32kHz_epoch_48,H0,20FT,True,0,False,0.39417944175,True,VALID,False,,,,,,,,,,,,,,,,,15.250082865335306,1924.1344971121246,25.99272461440114,3186.896156766213,58.65421840982496,0.9932821509347499,51.677362359937746,6.84189221452277,7.9807999999999995,7.850239999999999,122.6072373727966,0.05843107693491683,1.0756489530432676,11765734.49473213,32043.35084660716,25.259132490910012,13.637120000000001,5.65632,0.1950325710332928,21,14.65207836120565,105.87167757507268,32023.186111316143,0.0001825046490063112,20.70527999999999,5433.362242590771,15.641676,160.58432,6.9602113,3206.157,57.999283,0.97927381562744,52.845276,6.909494876861572,4.70016,3.38688,460.64075,0.05442209,1.1128292,3012.341,32043.35084660716,26.175388,9.9456,5.245439999999999,0.4362755337710796,4000,16.666773,105.87167757507268,69985.41805631829,0.2637695,15.49951999999999,5527.9253,,,,,,,,,,,,,,,,,,,,,,,,,,,,,,,,,,,,,,,,,,,,,,,,,,,,,,,,,,,,,,,,,,,,,,,,,,,,,,,,,,,,,,,,,,,,,,,,,,,,,,,,,,,,,,,,,,,,,,,,,,,,,,,,,,,,,,,,,,,,,,,,,,,,,,,,,,,,
H0_20ft_32kHz_epoch_49,H0,20FT,True,0,False,0.17957848175,True,VALID,False,,,,,,,,,,,,,,,,,13.199188301270558,1844.8666843744793,47.324651004748624,2431.2425866835633,67.47254670408316,0.9924260176974079,33.689828382778394,5.5779977034704915,9.34272,2.91968,51.37370345181999,0.06249865802675484,0.8754630920278614,11213259.23646163,32044.805803669533,22.901134030727896,14.63168,5.288959999999999,0.17803723207918715,28,12.591572654600691,76.30624075168089,32040.101650819666,0.00025208559797324865,23.9104,3603.306389702891,14.31013,143.66296,2.6983333,1833.1868,49.68804,0.9818960348651209,34.739525,5.64630126953125,4.31104,2.87744,679.37744,0.063309036,0.96041983,3034.413,32044.805803669533,23.563725,9.54496,5.23392,0.5633168666800594,3408,13.110296,76.30624075168089,68914.01721344216,0.25790477,16.1472,3689.3923,,,,,,,,,,,,,,,,,,,,,,,,,,,,,,,,,,,,,,,,,,,,,,,,,,,,,,,,,,,,,,,,,,,,,,,,,,,,,,,,,,,,,,,,,,,,,,,,,,,,,,,,,,,,,,,,,,,,,,,,,,,,,,,,,,,,,,,,,,,,,,,,,,,,,,,,,,,,
H0_20ft_32kHz_epoch_5,H0,20FT,True,0,False,0.22983256175,True,VALID,False,,,,,,,,,,,,,,,,,13.919056722422232,1515.0693269126182,53.588231423456,2721.7103607620543,63.36131647520419,0.9942254119291429,44.19092103081506,6.414728929453022,7.723520000000001,5.76256,50.78932982970923,0.06449378853320471,0.9759857114983542,5382140.923924164,32044.917108859576,23.588552158393732,13.53856,5.81504,0.12995781592304498,34,13.146165294283186,112.67048654191967,32066.77918832343,0.0005090197521823357,20.532479999999964,4295.5394745106105,14.357783,136.1612,54.134647,3076.172,70.16071,0.9816709277255596,45.40797,6.497653484344482,8.23552,4.5465599999999995,56.82446,0.05796201,1.0171163,2816.7134,32044.917108859576,24.859684,13.455359999999999,5.21984,0.1335199989686118,6282,14.630937,112.67048654191967,71841.10746303917,0.27290243,31.828479999999992,4384.4653,,,,,,,,,,,,,,,,,,,,,,,,,,,,,,,,,,,,,,,,,,,,,,,,,,,,,,,,,,,,,,,,,,,,,,,,,,,,,,,,,,,,,,,,,,,,,,,,,,,,,,,,,,,,,,,,,,,,,,,,,,,,,,,,,,,,,,,,,,,,,,,,,,,,,,,,,,,,
H0_20ft_32kHz_epoch_50,H0,20FT,True,0,False,0.31971032175,True,VALID,False,,,,,,,,,,,,,,,,,14.635284475181273,111.1271303991256,1.7978847677647138,1051.030664933312,25.577323900192294,0.9851882293071926,45.84392855998788,6.415995610606477,2.72896,2.86464,584.5928970408179,0.06901217707703475,1.003705047712848,470122630.4630374,31921.516099789853,23.24914059414389,4.68096,1.952,0.5001544060896357,14,13.03840016487069,203.8799280282401,32040.61299089781,4.523852649109595e-06,10.928639999999989,4109.22842841031,42.076054,13.8947735,543.6961,84010.1,79.76395,0.8281960324548927,128.88313,10.308135986328125,4.5312,,154.51665,1e-10,14.60906,2976.2493,1.7884204213003447,207.62793,,,0.005420350750813874,17502,96.33101,155.59257665312998,38675.988178059626,0.23353769,77.48992,105323.4,,,,,,,,,,,,,,,,,,,,,,,,,,,,,,,,,,,,,,,,,,,,,,,,,,,,,,,,,,,,,,,,,,,,,,,,,,,,,,,,,,,,,,,,,,,,,,,,,,,,,,,,,,,,,,,,,,,,,,,,,,,,,,,,,,,,,,,,,,,,,,,,,,,,,,,,,,,,
H0_20ft_32kHz_epoch_51,H0,20FT,True,0,False,0.42866904175000003,True,VALID,False,,,,,,,,,,,,,,,,,15.744866278706201,1310.1216452516771,65.90358662490274,1660.099701586502,52.97183640941553,0.9918952573618517,46.50218200134743,6.309218639351268,13.12768,1.50784,25.189823294876884,0.04631543730005113,0.9429927321331366,3639189.2776511875,32041.340268016975,26.154755208012794,18.4192,5.29152,0.12096103143655626,32,12.531161403653199,168.11151960223287,32077.684101652314,0.0005619985715883642,27.83616,3133.9289216927605,17.029802,140.75229,2.0182507,1137.1865,35.204285,0.9727727593208698,48.232246,6.411655426025391,2.71872,1.4143999999999999,563.45154,0.04727511,1.0355058,2228.655,32041.340268016975,26.772158,7.9667200000000005,5.248,0.5006789308223887,3637,14.358639,168.11151960223287,70645.96586148674,0.26878572,16.06911999999999,3230.2502,,,,,,,,,,,,,,,,,,,,,,,,,,,,,,,,,,,,,,,,,,,,,,,,,,,,,,,,,,,,,,,,,,,,,,,,,,,,,,,,,,,,,,,,,,,,,,,,,,,,,,,,,,,,,,,,,,,,,,,,,,,,,,,,,,,,,,,,,,,,,,,,,,,,,,,,,,,,
H0_20ft_32kHz_epoch_52,H0,20FT,False,0,False,0.048630641749999995,False,TOO_EARLY,False,,,,,,,,,,,,,,,,,14.402072114960422,6.246270744062482,33.39735306540508,2063.192294566793,68.52269436989404,0.9919131787042718,37.67414597093203,5.895856333459879,7.959040000000001,2.1312,61.77712019640945,0.10428803375768893,0.8454782054686493,6529034.815929519,32087.839198970785,18.13494390058221,13.01248,5.05344,0.14614987949794037,35,7.9375067539918875,198.51466676433483,32032.057182980214,0.00027376381543696746,22.800640000000005,3010.962008337494,15.738179,6.857688,2.2375917,1529.9625,49.24944,0.9648325626979807,38.891026,5.973820209503174,3.75296,1.51936,683.7541,0.10187418,0.93846714,2148.1462,32087.839198970785,19.279362,8.6272,4.87424,0.5750853008212328,3232,8.628949,198.51466676433483,71781.58027657265,0.2806487,16.6016,3106.558,,,,,,,,,,,,,,,,,,,,,,,,,,,,,,,,,,,,,,,,,,,,,,,,,,,,,,,,,,,,,,,,,,,,,,,,,,,,,,,,,,,,,,,,,,,,,,,,,,,,,,,,,,,,,,,,,,,,,,,,,,,,,,,,,,,,,,,,,,,,,,,,,,,,,,,,,,,,
H0_20ft_32kHz_epoch_53,H0,20FT,True,0,False,0.21321048174999999,True,VALID,False,,,,,,,,,,,,,,,,,15.836824374675963,1466.070975352451,1.447540829284468,1154.2515930072047,36.059946036701156,0.9916403097363327,48.77121007145749,6.569574878011416,2.9670400000000003,1.46048,797.387935218115,0.06051190501489902,0.9299623662813645,3435053.066256227,32043.332105260888,23.67838042240947,7.94624,4.9792,0.6138995069172187,19,12.28497343874225,70.69495973215089,32109.102385343438,0.0006177825457011528,16.3712,3200.9243492277897,18.001232,144.28822,1.4573302,1196.9739,36.23276,0.9756949623866107,50.845016,6.681837558746338,2.95296,1.29664,821.34705,0.0604145,1.0738742,2603.189,32043.332105260888,24.996107,7.0336,4.08064,0.5502076416109126,3060,12.989506,70.69495973215089,71799.84067143801,0.27495277,16.464640000000003,3303.568,,,,,,,,,,,,,,,,,,,,,,,,,,,,,,,,,,,,,,,,,,,,,,,,,,,,,,,,,,,,,,,,,,,,,,,,,,,,,,,,,,,,,,,,,,,,,,,,,,,,,,,,,,,,,,,,,,,,,,,,,,,,,,,,,,,,,,,,,,,,,,,,,,,,,,,,,,,,
H0_20ft_32kHz_epoch_54,H0,20FT,True,0,False,0.13784536175,True,VALID,False,,,,,,,,,,,,,,,,,13.877449343051602,1649.5782734571533,4.043860910254629,1529.3002185237995,33.574994985872785,0.9936392824351754,44.38719464061201,6.4069666084035015,4.2419199999999995,3.8732800000000003,378.17824412440046,0.10699086105335605,1.0020118219904237,9913722.566407662,31934.035042738957,19.39946987503715,6.2464,2.00448,0.46999390496107046,14,9.602004778634585,202.09150760693592,32037.6355396239,0.00018505469996884114,10.967040000000011,4554.878471812857,14.26289,140.892,4.1286936,1580.5443,33.958496,0.9781455675397474,45.53763,6.484490394592285,4.29312,3.81568,382.8195,0.107234456,1.0410262,2633.5005,31934.035042738957,19.669485,6.24384,1.95072,0.4720314399993313,2393,9.725202,202.09150760693592,68985.01596281187,0.25413555,10.945280000000002,4654.3413,,,,,,,,,,,,,,,,,,,,,,,,,,,,,,,,,,,,,,,,,,,,,,,,,,,,,,,,,,,,,,,,,,,,,,,,,,,,,,,,,,,,,,,,,,,,,,,,,,,,,,,,,,,,,,,,,,,,,,,,,,,,,,,,,,,,,,,,,,,,,,,,,,,,,,,,,,,,
H0_20ft_32kHz_epoch_55,H0,20FT,True,0,False,0.23631576175,True,VALID,False,,,,,,,,,,,,,,,,,14.009759264977392,1552.5384001349385,2.8937133795183247,2293.484172550123,53.73971177520257,0.993052181980444,44.318185647665715,6.361226180147905,2.83264,1.35552,792.5747549094157,0.05584813062318327,0.9791645409515776,15672315.972553771,31928.669781475055,24.84229054632015,7.79904,4.9664,0.59586456331612,17,16.04185590121061,203.8799280282401,32043.50857433526,0.00011585184213564537,16.336640000000013,4267.764185531722,15.701321,146.53691,2.6722598,2279.7615,52.19788,0.9815301564956658,45.640175,6.447787284851074,2.85568,0.96384,853.1212,0.056324348,1.1101438,2514.0847,31928.669781475055,25.770782,6.9862400000000004,4.13056,0.542697599511026,3002,16.42597,203.8799280282401,69021.03645562804,0.25611407,16.44799999999999,4367.5366,,,,,,,,,,,,,,,,,,,,,,,,,,,,,,,,,,,,,,,,,,,,,,,,,,,,,,,,,,,,,,,,,,,,,,,,,,,,,,,,,,,,,,,,,,,,,,,,,,,,,,,,,,,,,,,,,,,,,,,,,,,,,,,,,,,,,,,,,,,,,,,,,,,,,,,,,,,,
H0_20ft_32kHz_epoch_56,H0,20FT,True,0,False,0.26708824175,True,VALID,False,,,,,,,,,,,,,,,,,14.720691106069205,462.078193747547,53.45571246514009,2681.2403430702666,69.5636228750652,0.9919868499772193,40.41736015724674,6.1335236252446,9.1456,1.9123199999999998,50.15816307402937,0.051501460976019514,0.9218251275517227,9461552.069393367,32044.580978077298,25.037625339007743,14.10816,4.962560000000001,0.17156133175547633,35,14.855319272920509,31.7934130152571,32043.275718990557,0.0002820469538598895,21.41567999999999,3854.3713398677464,16.525097,137.60043,2.602294,2015.7417,50.928585,0.9778099521167887,41.87634,6.216063022613525,4.59264,1.70496,774.6018,0.051786456,1.0486346,3166.1985,32044.580978077298,26.071323,9.45664,4.864,0.5932602254170226,2548,15.306028,31.7934130152571,71431.55579250456,0.27373484,16.235520000000005,3957.977,,,,,,,,,,,,,,,,,,,,,,,,,,,,,,,,,,,,,,,,,,,,,,,,,,,,,,,,,,,,,,,,,,,,,,,,,,,,,,,,,,,,,,,,,,,,,,,,,,,,,,,,,,,,,,,,,,,,,,,,,,,,,,,,,,,,,,,,,,,,,,,,,,,,,,,,,,,,
H0_20ft_32kHz_epoch_57,H0,20FT,True,0,False,0.15708760175,True,VALID,False,,,,,,,,,,,,,,,,,14.51389599806108,1817.5164816571169,2.0680326793181707,1906.835387629234,48.19336566761246,0.9922926105933951,39.86834792611686,6.08901210387173,2.97216,1.37344,922.0528315141083,0.06656536492480847,0.9208535050823532,8444522.902840687,32041.401636775772,22.81481593794195,7.961599999999999,4.98944,0.6291153339866747,21,13.626527061900147,31.7934130152571,32056.090538803262,0.00033478976367296655,16.412160000000007,3956.634613943642,16.11246,145.06328,2.1000705,1962.1107,48.341858,0.9731588537696562,41.31141,6.177573204040527,2.9913600000000002,1.1251200000000001,934.3071,0.06642255,1.0353936,3000.3801,32041.401636775772,23.775885,7.86688,4.875520000000001,0.5848228158366272,3265,13.827616,31.7934130152571,71531.88563243223,0.27222168,16.47103999999999,4058.8235,,,,,,,,,,,,,,,,,,,,,,,,,,,,,,,,,,,,,,,,,,,,,,,,,,,,,,,,,,,,,,,,,,,,,,,,,,,,,,,,,,,,,,,,,,,,,,,,,,,,,,,,,,,,,,,,,,,,,,,,,,,,,,,,,,,,,,,,,,,,,,,,,,,,,,,,,,,,
H0_20ft_32kHz_epoch_58,H0,20FT,False,0,False,0.01437144175,False,TOO_EARLY,False,,,,,,,,,,,,,,,,,9.968011274366335,4.087819642554534,407.6621288529264,3125.681469733631,32.02081937006257,0.7991151254988388,20.55578966997098,4.37014019947736,18.54464,7.65056,7.667333432437936,0.305819797531789,1.0536332241196558,8421090.998311535,32089.627619392086,10.721385449348979,24.13952,5.59488,0.04400909482995754,33,-2.2860637622879705,91.20944148631679,32071.344845891665,0.00040974671120214725,40.82944,9761.403771747053,11.13228,4.578177,34.6449,3638.966,36.727734,0.7992188677929847,21.175951,4.428196907043457,8.071679999999999,6.45632,105.03612,0.27748802,1.1854984,5315.766,32089.627619392086,12.478636,12.933119999999999,4.86144,0.20596013838955718,5006,1.9282371,91.20944148631679,61276.691007395115,0.20618346,20.840960000000003,9907.951,,,,,,,,,,,,,,,,,,,,,,,,,,,,,,,,,,,,,,,,,,,,,,,,,,,,,,,,,,,,,,,,,,,,,,,,,,,,,,,,,,,,,,,,,,,,,,,,,,,,,,,,,,,,,,,,,,,,,,,,,,,,,,,,,,,,,,,,,,,,,,,,,,,,,,,,,,,,
H0_20ft_32kHz_epoch_59,H0,20FT,True,0,False,0.48715096175000006,True,VALID,False,,,,,,,,,,,,,,,,,15.491489038555994,47.13762578898571,62.93724254221368,1785.5103850740893,43.65248724493432,0.9517784012859793,54.650257661860294,6.896286587603629,3.40992,3.81312,28.369695158954674,0.05421461278161329,1.0283227060747149,506836.5457698352,32029.86639864524,25.54300010604627,13.231359999999999,9.82144,0.09407624308573728,40,12.925279365774681,163.2716927147303,32350.53372728518,0.004420218400559479,20.546559999999992,4090.2832753962866,15.688905,45.92883,21.664267,1721.2577,41.04012,0.9457905293019564,56.302395,7.0097880363464355,3.40224,3.7862400000000003,79.45146,0.055540074,1.054559,2696.399,32029.86639864524,25.502874,9.97504,6.5728,0.1953756250365973,4278,13.7742605,163.2716927147303,69320.67029285264,0.26021224,18.220800000000036,4194.0854,,,,,,,,,,,,,,,,,,,,,,,,,,,,,,,,,,,,,,,,,,,,,,,,,,,,,,,,,,,,,,,,,,,,,,,,,,,,,,,,,,,,,,,,,,,,,,,,,,,,,,,,,,,,,,,,,,,,,,,,,,,,,,,,,,,,,,,,,,,,,,,,,,,,,,,,,,,,
H0_20ft_32kHz_epoch_6,H0,20FT,True,0,False,0.31878488175,True,VALID,False,,,,,,,,,,,,,,,,,16.64023791154721,1585.3330035664421,5.974413756572901,1934.8159293464828,46.53523236433038,0.9939051237536461,54.40472185372886,6.935616490214928,3.28704,4.4275199999999995,323.85034049863873,0.06135779881632927,1.1479242031180155,6125261.810850338,32043.128688438275,25.422820067911328,8.62592,5.33888,0.2977416716828256,27,14.04727540287646,89.42102106501625,32067.19261135756,0.0003790995866212111,18.21695999999995,4157.744210233035,16.995642,151.99751,6.558788,2370.4387,55.793583,0.9807975981671327,55.94243,7.027219295501709,3.872,2.16832,361.41415,0.05437928,1.185181,2697.1467,32043.128688438275,26.727688,7.9424,4.0704,0.31363682266147347,3734,16.337317,89.42102106501625,71154.67424285154,0.26775828,18.76736000000001,4248.5864,,,,,,,,,,,,,,,,,,,,,,,,,,,,,,,,,,,,,,,,,,,,,,,,,,,,,,,,,,,,,,,,,,,,,,,,,,,,,,,,,,,,,,,,,,,,,,,,,,,,,,,,,,,,,,,,,,,,,,,,,,,,,,,,,,,,,,,,,,,,,,,,,,,,,,,,,,,,
H0_20ft_32kHz_epoch_60,H0,20FT,False,0,False,0.00018648175,False,TOO_EARLY,False,,,,,,,,,,,,,,,,,14.969372835729711,8.586124415600871,3.5742951853214766,2488.8391064310426,35.98833025017856,0.8106584029854649,35.93654806349715,5.5815803393035175,3.89632,5.09184,696.3160504066861,0.05348293867250721,1.162484504649621,29100.732760553918,32038.970200950862,26.741967602635725,9.3376,5.44128,0.4975723774138347,18,15.99587031955574,39.51391238528231,38963.20657397107,0.0708696486823904,15.467519999999958,6915.6837483969075,14.968661,8.58357,3.6823158,2642.288,37.32076,0.8104727205245771,37.07195,5.668776035308838,4.029439999999999,3.7439999999999998,717.5615,0.05268762,1.1761532,3803.0615,32038.970200950862,26.88792,9.29664,5.2672,0.4958102277168475,3395,16.404129,39.51391238528231,66309.73218574647,0.24559258,15.72224,7079.942,,,,,,,,,,,,,,,,,,,,,,,,,,,,,,,,,,,,,,,,,,,,,,,,,,,,,,,,,,,,,,,,,,,,,,,,,,,,,,,,,,,,,,,,,,,,,,,,,,,,,,,,,,,,,,,,,,,,,,,,,,,,,,,,,,,,,,,,,,,,,,,,,,,,,,,,,,,,
H0_20ft_32kHz_epoch_61,H0,20FT,True,0,False,0.36616536175000003,True,VALID,False,,,,,,,,,,,,,,,,,14.093377430825031,1760.030849524406,99.9628203993825,2004.8250017029288,45.7247182594483,0.9927458161600068,45.987976518449706,6.49614307379236,4.34304,3.7836800000000004,20.055706648562282,0.06346707534479318,0.9412854904791988,6961856.725675619,31931.714361873135,23.41246688648694,14.815999999999999,10.47296,0.09328098314495535,37,11.560078193028156,193.93981939306832,32055.81606430652,0.00028597597735520284,24.595199999999984,4384.554083695458,15.056925,137.97072,4.6059337,2788.426,62.069847,0.9786811596693427,47.30447,6.581347942352295,3.25248,1.14944,605.3987,0.04299728,1.0179329,2445.9172,31931.714361873135,27.418993,8.13312,4.8806400000000005,0.505791224774682,3543,18.985924,193.93981939306832,69720.13317234069,0.2633528,16.46976,4492.4004,,,,,,,,,,,,,,,,,,,,,,,,,,,,,,,,,,,,,,,,,,,,,,,,,,,,,,,,,,,,,,,,,,,,,,,,,,,,,,,,,,,,,,,,,,,,,,,,,,,,,,,,,,,,,,,,,,,,,,,,,,,,,,,,,,,,,,,,,,,,,,,,,,,,,,,,,,,,
H0_20ft_32kHz_epoch_62,H0,20FT,True,0,False,0.42262616175,True,VALID,False,,,,,,,,,,,,,,,,,14.737223139047861,2024.4569970959135,259.3575042479274,3044.366578188308,53.02243877569273,0.993357988750649,53.580298784053625,6.867199860422357,14.498560000000001,3.7248,11.738108704393506,0.06318126958119431,1.194700595221458,6227509.381408685,31921.516099789853,25.52487759470501,17.83168,3.33312,0.05966317664799884,36,12.616078896819914,37.55682884730413,32069.66196889961,0.0004513686839634267,27.171840000000003,5741.657020091454,15.283339,172.5805,2.5459402,2158.3516,36.922367,0.9798011158090569,54.716507,6.937965393066406,2.97216,3.20128,847.7621,0.06444626,1.2501423,3600.201,31921.516099789853,25.717344,4.77952,1.80736,0.4809625845598255,2544,16.669498,37.55682884730413,65963.31245633743,0.23721373,10.886399999999963,5845.6475,,,,,,,,,,,,,,,,,,,,,,,,,,,,,,,,,,,,,,,,,,,,,,,,,,,,,,,,,,,,,,,,,,,,,,,,,,,,,,,,,,,,,,,,,,,,,,,,,,,,,,,,,,,,,,,,,,,,,,,,,,,,,,,,,,,,,,,,,,,,,,,,,,,,,,,,,,,,
H0_20ft_32kHz_epoch_63,H0,20FT,False,0,False,0.033086321749999995,False,TOO_EARLY,False,,,,,,,,,,,,,,,,,11.03855911095561,5.093727409552398,37.801125260328924,3876.8563669531104,38.52404939319338,0.7959229150713925,19.291829514512788,4.25510852395001,7.26272,4.5900799999999995,102.55928468399239,0.051089947470263915,1.1493329183797798,75108901.57461303,31997.88534543308,27.040505074896917,12.831999999999999,5.56928,0.16024325308590365,27,16.934228002861058,181.7870393112462,32029.348032299582,4.046254038079885e-05,21.50527999999996,10063.47055415741,11.595053,5.3607354,36.550346,3869.7412,37.854343,0.7961448636183344,19.853588,4.310884475708008,7.05408,3.24608,105.87427,0.05241489,1.2167892,5120.78,31997.88534543308,27.175291,12.62464,5.5705599999999995,0.16602716101077203,4788,16.774355,181.7870393112462,60683.71574483804,0.20181607,21.524480000000068,10222.714,,,,,,,,,,,,,,,,,,,,,,,,,,,,,,,,,,,,,,,,,,,,,,,,,,,,,,,,,,,,,,,,,,,,,,,,,,,,,,,,,,,,,,,,,,,,,,,,,,,,,,,,,,,,,,,,,,,,,,,,,,,,,,,,,,,,,,,,,,,,,,,,,,,,,,,,,,,,
H0_20ft_32kHz_epoch_64,H0,20FT,False,0,False,0.00411224175,False,TOO_EARLY,False,,,,,,,,,,,,,,,,,14.3953965325253,10.100900625921938,28.25311964197488,2903.1068375986847,57.39351619136121,0.8321634863018695,29.66038955031133,5.175916440146419,9.62048,1.24416,102.75349676015223,0.05092323282168499,1.0326836263588903,35622.91516947906,32044.580978077298,26.128610905674712,14.51904,4.89856,0.20131305859968965,52,15.168928713718513,174.86377158391406,37096.390984893784,0.05085312469440493,24.230399999999985,5058.248788798897,16.588894,11.672581,21.59861,2896.1938,55.859028,0.8321728280056983,31.00446,5.2688751220703125,8.12544,1.09184,134.09167,0.05196368,1.2048366,3079.3037,32044.580978077298,27.17599,12.990720000000001,4.865279999999999,0.23877808946796952,4029,15.469494,174.86377158391406,67375.60305606973,0.25241894,19.53536,5184.8267,,,,,,,,,,,,,,,,,,,,,,,,,,,,,,,,,,,,,,,,,,,,,,,,,,,,,,,,,,,,,,,,,,,,,,,,,,,,,,,,,,,,,,,,,,,,,,,,,,,,,,,,,,,,,,,,,,,,,,,,,,,,,,,,,,,,,,,,,,,,,,,,,,,,,,,,,,,,
H0_20ft_32kHz_epoch_65,H0,20FT,False,0,False,0.49615576175000004,False,TOO_LATE,False,,,,,,,,,,,,,,,,,11.397798709832777,8.513513420122065,8.743315381698341,3989.5523937489124,60.38931326880383,0.8393891978550785,27.758996678490195,5.058811899976871,7.2243200000000005,6.6624,456.29743633622525,0.05271432253040347,1.023630093048441,148197.22449727476,32010.467995331277,25.726346730914468,10.24384,3.01952,0.4199065106589295,33,17.766508899198726,223.19575419867397,32785.57502669305,0.0119800176282856,15.692800000000062,6606.388080603976,11.930801,8.936951,8.676595,2936.1243,43.81258,0.8394383591700304,28.498648,5.116393089294434,5.1648,6.59328,338.39594,0.06627731,1.0791888,3340.1638,32010.467995331277,24.187023,10.03008,4.865279999999999,0.4007161192246632,1961,14.5353565,223.19575419867397,63917.9430163728,0.2274201,15.783679999999967,6701.555,,,,,,,,,,,,,,,,,,,,,,,,,,,,,,,,,,,,,,,,,,,,,,,,,,,,,,,,,,,,,,,,,,,,,,,,,,,,,,,,,,,,,,,,,,,,,,,,,,,,,,,,,,,,,,,,,,,,,,,,,,,,,,,,,,,,,,,,,,,,,,,,,,,,,,,,,,,,
H0_20ft_32kHz_epoch_66,H0,20FT,True,0,False,0.10472152175,True,VALID,False,,,,,,,,,,,,,,,,,13.92827681115246,1872.3380609603662,177.07374916706826,3303.2493004237085,78.39819847093062,0.993245113754796,37.63277731657218,5.847732053057515,15.94624,5.27104,18.65465274183245,0.07311933028333056,0.9672524121600821,12005345.952408234,32087.839198970785,22.425288597301755,19.54432,3.59808,0.07743050528403489,39,11.297869109376581,110.88206612061913,32041.59569801173,0.0001795687411675542,34.87744000000001,4213.425008290779,14.5707035,144.07535,131.89839,2768.5115,64.23985,0.9764324767918979,39.01056,5.939777851104736,14.535680000000001,1.35936,20.989729,0.09396495,1.0233551,2425.9258,32087.839198970785,20.624714,19.42528,4.8896,0.08579021553318325,8440,8.378318,110.88206612061913,68070.88694463932,0.2507487,33.44384,4309.648,,,,,,,,,,,,,,,,,,,,,,,,,,,,,,,,,,,,,,,,,,,,,,,,,,,,,,,,,,,,,,,,,,,,,,,,,,,,,,,,,,,,,,,,,,,,,,,,,,,,,,,,,,,,,,,,,,,,,,,,,,,,,,,,,,,,,,,,,,,,,,,,,,,,,,,,,,,,
H0_20ft_32kHz_epoch_67,H0,20FT,True,0,False,0.20224984175,True,VALID,False,,,,,,,,,,,,,,,,,15.80493734947651,2078.848102806047,1.9970690147269183,2377.17354685155,54.73278126088065,0.9926483200749636,46.15124638085725,6.504805449995514,3.5648,1.17888,1190.331195027032,0.04893447944274566,1.0225912293692925,12415426.876027685,31913.664463969715,26.384721145091483,8.57728,5.01248,0.6597569195894115,16,16.93640246311633,149.0940862598727,32061.80227640638,0.00019694738762213914,16.357120000000002,4343.235428729328,17.988195,165.48178,0.5464987,853.4269,19.155487,0.9750771758320647,47.636837,6.588972568511963,2.3078399999999997,1.0726399999999998,1561.6265,0.047714733,1.1787637,2613.434,31913.664463969715,27.76712,2.8825600000000002,0.57472,0.7635747584466192,1341,17.429548,149.0940862598727,70075.39880401734,0.26308945,6.017280000000014,4455.2607,,,,,,,,,,,,,,,,,,,,,,,,,,,,,,,,,,,,,,,,,,,,,,,,,,,,,,,,,,,,,,,,,,,,,,,,,,,,,,,,,,,,,,,,,,,,,,,,,,,,,,,,,,,,,,,,,,,,,,,,,,,,,,,,,,,,,,,,,,,,,,,,,,,,,,,,,,,,
H0_20ft_32kHz_epoch_68,H0,20FT,True,0,False,0.21862744174999998,True,VALID,False,,,,,,,,,,,,,,,,,14.887592218407756,1673.2419385552573,1.8057220298709675,1913.9180373287738,45.97708751572403,0.991785351866576,34.04618439805265,5.605638038770997,5.18656,3.0016000000000003,1059.9184180443083,0.058334806072312846,1.0276381099466165,21689110.49909235,32046.705529280876,24.91817198500894,9.95712,4.77056,0.6478475109931636,15,13.824009394325046,166.32309918093233,32074.839160624935,9.80496501999336e-05,16.19583999999999,4162.764848195688,16.693745,159.55275,1.837884,2024.3411,47.42059,0.9808422659604111,35.78944,5.703743934631348,4.94848,1.3056,1101.452,0.05662556,1.1669092,2656.4497,32046.705529280876,26.123201,9.53088,4.582400000000001,0.5760227767729956,2652,14.511403,166.32309918093233,67025.4856766936,0.24639575,16.408320000000003,4268.907,,,,,,,,,,,,,,,,,,,,,,,,,,,,,,,,,,,,,,,,,,,,,,,,,,,,,,,,,,,,,,,,,,,,,,,,,,,,,,,,,,,,,,,,,,,,,,,,,,,,,,,,,,,,,,,,,,,,,,,,,,,,,,,,,,,,,,,,,,,,,,,,,,,,,,,,,,,,
H0_20ft_32kHz_epoch_69,H0,20FT,True,0,False,0.33587416175,True,VALID,False,,,,,,,,,,,,,,,,,14.781175696173342,1583.3965849634344,3.6007107952381907,2745.0043028437476,58.39611827773595,0.993481396281879,49.270706243054505,6.691298825348486,1.89696,1.12128,762.3506743372881,0.04717863941712324,1.0842097338557082,9815593.846293213,31925.092940632454,27.226853215241448,6.808319999999999,4.91136,0.526630625214029,24,18.88467901432255,184.20730339393413,32054.406354054896,0.00021042292429175518,16.49151999999998,4700.662276537389,16.904036,161.8275,3.333117,2711.3384,56.311005,0.9811773971541204,51.03507,6.7972307205200195,1.83552,0.9152,813.4543,0.048271563,1.2549039,2945.7856,31925.092940632454,28.28808,5.92512,4.0896,0.4789671638280492,3002,19.235971,184.20730339393413,67505.31940736342,0.24346127,16.47103999999999,4814.935,,,,,,,,,,,,,,,,,,,,,,,,,,,,,,,,,,,,,,,,,,,,,,,,,,,,,,,,,,,,,,,,,,,,,,,,,,,,,,,,,,,,,,,,,,,,,,,,,,,,,,,,,,,,,,,,,,,,,,,,,,,,,,,,,,,,,,,,,,,,,,,,,,,,,,,,,,,,
H0_20ft_32kHz_epoch_7,H0,20FT,True,0,False,0.31542360175,True,VALID,False,,,,,,,,,,,,,,,,,17.223020697600433,2401.138259406256,7.506574996796613,2994.401277401944,59.98547255122223,0.993773657927381,58.68226999768212,7.166212636888995,4.30848,5.130240000000001,398.90379816081725,0.05650936779987955,1.2273964041926466,7138145.923766007,32046.17064872806,26.68514401335521,9.472,5.163519999999999,0.28590032480599614,23,16.26105302788146,90.61122709348274,32054.05164233381,0.00038682117767986873,16.926720000000007,4991.877449735739,18.332987,189.58765,6.5326724,2895.821,56.96655,0.9814984283515482,60.083595,7.2430009841918945,4.21504,2.90304,443.28275,0.05866499,1.3184165,2971.6433,32046.17064872806,26.991394,8.983039999999999,4.768,0.3168278663422329,3772,16.019684,90.61122709348274,71438.87918100262,0.27448976,13.575680000000034,5083.371,,,,,,,,,,,,,,,,,,,,,,,,,,,,,,,,,,,,,,,,,,,,,,,,,,,,,,,,,,,,,,,,,,,,,,,,,,,,,,,,,,,,,,,,,,,,,,,,,,,,,,,,,,,,,,,,,,,,,,,,,,,,,,,,,,,,,,,,,,,,,,,,,,,,,,,,,,,,
H0_20ft_32kHz_epoch_70,H0,20FT,True,0,False,0.40221912175,True,VALID,False,,,,,,,,,,,,,,,,,15.14189022495207,1658.7088130966906,3.855941189104914,2309.4902784822357,55.2630962776842,0.9930056562844537,51.65763265761383,6.86388380707981,3.48032,2.14656,598.9433358079706,0.04468228120260282,0.987334065139448,33310269.262703877,32046.17064872806,26.88181222475231,8.43264,4.952319999999999,0.521651645063942,19,17.670233483083187,203.47784329764545,32002.523314135648,6.153770753441207e-05,16.51456000000001,4179.0823063505695,16.82398,146.85497,3.586188,2288.954,53.334763,0.9761813088325456,53.26633,6.961127758026123,2.27712,1.9008,638.2694,0.045512117,1.1116952,2375.3726,32046.17064872806,27.74822,6.383360000000001,4.10624,0.47954281639469953,2744,18.689058,203.47784329764545,71367.07617001001,0.2713478,16.529919999999976,4291.6743,,,,,,,,,,,,,,,,,,,,,,,,,,,,,,,,,,,,,,,,,,,,,,,,,,,,,,,,,,,,,,,,,,,,,,,,,,,,,,,,,,,,,,,,,,,,,,,,,,,,,,,,,,,,,,,,,,,,,,,,,,,,,,,,,,,,,,,,,,,,,,,,,,,,,,,,,,,,
H0_20ft_32kHz_epoch_71,H0,20FT,False,0,False,0.00015192175,False,TOO_EARLY,False,,,,,,,,,,,,,,,,,12.866331883420369,10.05793239622511,53.40775494834972,2842.6674972739447,56.423034210839454,0.8442025095571672,32.56416453007587,5.490400445394459,8.44544,2.1312,53.2257440893692,0.052564473559979084,0.9770445373580804,22173.403235674174,32043.128688438275,25.34937457112897,13.43104,4.9856,0.10844941326473498,675,15.145759527790027,187.7841442365352,39113.97368091656,0.08150615987280015,26.88512000000004,5038.1329842197365,13.870102,10.8473625,49.930855,2888.7847,56.086395,0.8438486580199362,33.47456,5.568162441253662,8.373759999999999,1.55648,57.8557,0.053339824,1.0649602,3033.412,32043.128688438275,25.89191,13.278720000000002,4.90496,0.12417585806468079,6535,15.133906,187.7841442365352,66930.59865679873,0.25801653,19.920639999999988,5150.5977,,,,,,,,,,,,,,,,,,,,,,,,,,,,,,,,,,,,,,,,,,,,,,,,,,,,,,,,,,,,,,,,,,,,,,,,,,,,,,,,,,,,,,,,,,,,,,,,,,,,,,,,,,,,,,,,,,,,,,,,,,,,,,,,,,,,,,,,,,,,,,,,,,,,,,,,,,,,
H0_20ft_32kHz_epoch_72,H0,20FT,True,0,False,0.48205656175,True,VALID,False,,,,,,,,,,,,,,,,,13.489892964193869,57.85262915788197,0.8738580942290763,753.0207574824932,21.555210723363377,0.9650362679398203,41.07348799780164,6.197628929149049,2.70848,4.18176,861.719725954734,0.049273565796857356,0.8042284031218329,116306.19170568684,32092.271097600184,24.247174052076723,5.82144,3.11296,0.7272673800543205,13,13.572400629595371,193.93981939306832,33570.42993941553,0.015086530959658919,10.874880000000031,3493.4511527010195,14.862771,57.039555,1.8076056,1748.8961,48.530113,0.9543699663844812,42.647163,6.30510950088501,2.15424,0.90496,967.5209,0.0336874,0.8999528,2399.7268,32092.271097600184,28.460276,7.06688,4.912640000000001,0.6821777340742446,3215,19.690117,193.93981939306832,72279.2519844149,0.27888408,16.47487999999997,3603.734,,,,,,,,,,,,,,,,,,,,,,,,,,,,,,,,,,,,,,,,,,,,,,,,,,,,,,,,,,,,,,,,,,,,,,,,,,,,,,,,,,,,,,,,,,,,,,,,,,,,,,,,,,,,,,,,,,,,,,,,,,,,,,,,,,,,,,,,,,,,,,,,,,,,,,,,,,,,
H0_20ft_32kHz_epoch_73,H0,20FT,True,0,False,0.49338072175000003,True,VALID,False,,,,,,,,,,,,,,,,,13.51003913138093,11.85923984438098,4.252238665066501,3108.4620036668653,53.43456557009001,0.8566955010692164,38.21324277895012,5.859528476762227,4.45056,4.55424,731.0177646432332,0.050398212613019716,1.0694926769186142,46828.40697111079,32095.511718396523,26.534420114193832,8.03072,3.5801600000000002,0.5141497534546663,22,18.131302334603397,195.2527459268931,35672.900591497324,0.044864429559603396,18.021119999999947,5817.324367668805,14.673501,12.913942,3.6431878,2477.6743,41.822495,0.8565155665671933,39.26148,5.934596061706543,3.05536,1.9648,680.08417,0.059571367,1.1722234,3221.0261,32095.511718396523,25.871086,7.9321600000000005,4.876799999999999,0.4761802800538536,2837,15.743403,195.2527459268931,66978.5046514744,0.25222313,16.61695999999996,5924.2627,,,,,,,,,,,,,,,,,,,,,,,,,,,,,,,,,,,,,,,,,,,,,,,,,,,,,,,,,,,,,,,,,,,,,,,,,,,,,,,,,,,,,,,,,,,,,,,,,,,,,,,,,,,,,,,,,,,,,,,,,,,,,,,,,,,,,,,,,,,,,,,,,,,,,,,,,,,,
H0_20ft_32kHz_epoch_74,H0,20FT,True,0,False,0.31340248175,True,VALID,False,,,,,,,,,,,,,,,,,15.00427639341084,1817.3023611216572,1.8051406654078523,1382.720866787702,23.084923510075914,0.9933662877953854,53.39909542893946,6.987192653161114,2.56,3.3740799999999997,765.9906473134106,0.08692730412091512,1.1712825140600305,5694907.6703153,32097.040109552472,22.571488172640834,4.80128,2.24128,0.4832613697384595,11,12.105700097798247,205.0675139484083,32049.270709234857,0.0004675673200268208,11.668479999999981,5989.713876176201,15.353168,161.10204,1.9096353,1479.6406,24.259895,0.9818189050475822,54.437748,7.055264949798584,2.6739200000000003,3.0028799999999998,774.8289,0.08666315,1.2094145,3062.1724,32097.040109552472,22.894814,4.77696,2.10304,0.48534474669265704,2146,12.456472,205.0675139484083,68694.76971352068,0.25425595,11.73247999999999,6099.122,,,,,,,,,,,,,,,,,,,,,,,,,,,,,,,,,,,,,,,,,,,,,,,,,,,,,,,,,,,,,,,,,,,,,,,,,,,,,,,,,,,,,,,,,,,,,,,,,,,,,,,,,,,,,,,,,,,,,,,,,,,,,,,,,,,,,,,,,,,,,,,,,,,,,,,,,,,,
H0_20ft_32kHz_epoch_75,H0,20FT,True,0,False,0.30490712175,True,VALID,False,,,,,,,,,,,,,,,,,13.69347025658537,1303.3101720976995,2.3370009673893626,2312.527195805329,49.89972592550637,0.9922067371662391,38.893830283024236,6.026765371653359,4.52224,3.18592,989.5277015603435,0.05245902111246617,0.9675366728891692,3914676.513507508,32045.015318587844,25.312680447598307,9.47328,4.95104,0.723303697167001,14,15.777492763028446,70.69495973215089,32089.706547388,0.0007096518049219138,15.936000000000005,4634.348491728339,15.565686,143.27672,2.3462203,2365.6697,49.841545,0.980156720746867,40.0535,6.1043572425842285,4.51712,3.0463999999999998,1008.28973,0.05275829,1.113036,3210.976,32045.015318587844,26.398758,9.36704,4.84992,0.6375105322227914,2873,15.878482,70.69495973215089,69011.09384151254,0.25381866,15.94624,4746.381,,,,,,,,,,,,,,,,,,,,,,,,,,,,,,,,,,,,,,,,,,,,,,,,,,,,,,,,,,,,,,,,,,,,,,,,,,,,,,,,,,,,,,,,,,,,,,,,,,,,,,,,,,,,,,,,,,,,,,,,,,,,,,,,,,,,,,,,,,,,,,,,,,,,,,,,,,,,
H0_20ft_32kHz_epoch_76,H0,20FT,True,0,False,0.34129368175,True,VALID,False,,,,,,,,,,,,,,,,,14.568234737329536,1433.7169154972285,3.334434567578542,3172.921384666483,59.08247888782833,0.9928874444785354,43.997197321762776,6.363551771729124,2.61888,1.7318399999999998,951.5620475858722,0.047861771413491384,1.108068988196457,3915773.540452374,31922.14074572006,27.289279786026547,7.68384,5.06496,0.5724576015214599,14,18.861222706225487,201.9855992347184,32049.56040077803,0.0006060814884985431,16.38400000000001,5370.325423702021,15.234941,155.04762,3.3754911,3296.5718,60.149605,0.981549026560763,45.12466,6.435000896453857,2.68672,1.53728,976.6199,0.046710685,1.170618,2934.743,31922.14074572006,27.957762,7.5750399999999996,4.88832,0.5552436817810771,2745,19.3026,201.9855992347184,67824.70021371596,0.24883895,16.435200000000037,5480.621,,,,,,,,,,,,,,,,,,,,,,,,,,,,,,,,,,,,,,,,,,,,,,,,,,,,,,,,,,,,,,,,,,,,,,,,,,,,,,,,,,,,,,,,,,,,,,,,,,,,,,,,,,,,,,,,,,,,,,,,,,,,,,,,,,,,,,,,,,,,,,,,,,,,,,,,,,,,
H0_20ft_32kHz_epoch_77,H0,20FT,False,0,False,0.08859352175,False,TOO_EARLY,False,,,,,,,,,,,,,,,,,11.073701519230182,1760.3215109923046,69.01292451005551,4732.1196304418645,36.04220726610026,0.7960479526088036,24.69215729764507,4.844504225828299,8.8896,2.1017599999999996,68.56860021553601,0.11956623226064243,1.2798484491756654,10644845.703311685,31984.17349334831,20.570025168172062,13.95072,5.06112,0.14474639879651702,20,10.052048374086622,179.63278353620262,32052.491385706362,0.00035183783614038157,22.867200000000004,13129.383546086689,11.828648,175.7261,44.967445,4924.7876,36.99597,0.7962137349342754,25.336044,4.9001336097717285,8.71552,1.8060800000000001,109.51895,0.11469271,1.3765603,6251.879,31984.17349334831,21.553806,12.76544,4.04992,0.20639852607832482,3964,10.97348,179.63278353620262,60711.56008444236,0.19875781,19.157759999999996,13311.687,,,,,,,,,,,,,,,,,,,,,,,,,,,,,,,,,,,,,,,,,,,,,,,,,,,,,,,,,,,,,,,,,,,,,,,,,,,,,,,,,,,,,,,,,,,,,,,,,,,,,,,,,,,,,,,,,,,,,,,,,,,,,,,,,,,,,,,,,,,,,,,,,,,,,,,,,,,,
H0_20ft_32kHz_epoch_78,H0,20FT,True,0,False,0.15113688174999998,True,VALID,False,,,,,,,,,,,,,,,,,14.8965938659872,1793.016595045884,78.19826057242433,4416.905687388018,68.14101681773782,0.9250749868843526,46.35610986653537,6.520609433319237,8.68352,2.10944,56.48342629423865,0.08716298430692858,1.1774550445368521,15490069.76498836,31991.97650927793,22.607168681434388,13.696,5.01248,0.11885760524958632,32,12.581573749966722,129.51607493282063,32050.41734145471,0.00019620352636235617,22.91456,6482.007304355609,15.856387,163.96782,3.7161844,3612.3223,54.359543,0.9155378725372765,47.05396,6.556516647338867,2.8070399999999998,1.91744,972.0514,0.085724816,1.269002,3475.4185,31991.97650927793,23.40314,6.86976,4.06272,0.43862764862153314,3195,14.850234,124.99807231888553,67122.7765692251,0.24683592,11.189759999999993,6645.24,,,,,,,,,,,,,,,,,,,,,,,,,,,,,,,,,,,,,,,,,,,,,,,,,,,,,,,,,,,,,,,,,,,,,,,,,,,,,,,,,,,,,,,,,,,,,,,,,,,,,,,,,,,,,,,,,,,,,,,,,,,,,,,,,,,,,,,,,,,,,,,,,,,,,,,,,,,,
H0_20ft_32kHz_epoch_79,H0,20FT,False,0,False,0.48610136175,False,TOO_LATE,False,,,,,,,,,,,,,,,,,13.970469737919794,55.92732805243507,80.33887339691009,2357.0076377258492,34.70696697481138,0.9627571156242203,43.759719315936124,6.254350671453317,3.17184,3.7888,29.338320766251474,0.07553633937134789,1.2317085898695088,263182.40015693184,31987.687655377966,24.21448469159663,14.06592,10.89408,0.07025540157759134,71,10.98062055921612,98.36312317151896,32820.56408349454,0.009647565242923475,27.311360000000008,6791.1657029449325,14.540483,55.66028,56.552338,5608.461,81.30267,0.9577920845657335,44.89393,6.330435752868652,9.12256,1.06112,99.17293,0.039521553,1.2920316,4044.7566,31987.687655377966,30.249216,13.17632,4.05376,0.24064626736900008,3880,20.652885,98.36312317151896,64883.05522452073,0.23058756,19.934720000000016,6898.249,,,,,,,,,,,,,,,,,,,,,,,,,,,,,,,,,,,,,,,,,,,,,,,,,,,,,,,,,,,,,,,,,,,,,,,,,,,,,,,,,,,,,,,,,,,,,,,,,,,,,,,,,,,,,,,,,,,,,,,,,,,,,,,,,,,,,,,,,,,,,,,,,,,,,,,,,,,,
H0_20ft_32kHz_epoch_8,H0,20FT,True,0,False,0.22579800175,True,VALID,False,,,,,,,,,,,,,,,,,16.561562921111932,1622.079136277279,6.148061861757802,1758.4684671259135,50.82248476871254,0.9933237399426267,60.9021374343428,7.307088281762522,4.3404799999999994,1.88672,286.019969653092,0.06270052745067686,0.9826169016494137,2443075.6244652513,31982.583822697547,23.864359773079645,8.79872,4.45824,0.31461729444453274,23,13.364929162977724,127.1736520610284,32091.434367257658,0.0007082991147514277,16.816639999999992,3460.020648593741,17.110415,138.85493,5.8475137,1700.4445,47.845898,0.975441247070364,62.536842,7.404220104217529,4.21632,1.85728,290.79785,0.065223485,1.028876,2146.1184,31982.583822697547,23.937014,8.8,4.583679999999999,0.32725638312946936,4386,12.878833,127.1736520610284,72645.08568843089,0.28052872,16.71296,3554.0027,,,,,,,,,,,,,,,,,,,,,,,,,,,,,,,,,,,,,,,,,,,,,,,,,,,,,,,,,,,,,,,,,,,,,,,,,,,,,,,,,,,,,,,,,,,,,,,,,,,,,,,,,,,,,,,,,,,,,,,,,,,,,,,,,,,,,,,,,,,,,,,,,,,,,,,,,,,,
H0_20ft_32kHz_epoch_80,H0,20FT,True,0,False,0.48548568175,True,VALID,False,,,,,,,,,,,,,,,,,15.941302178270071,58.7382955301016,69.0643392742923,4683.622445474316,72.32560073459724,0.9596655360883412,48.81348998375068,6.64002041945631,9.455359999999999,2.7276800000000003,67.81535152122692,0.04755906754261735,1.2939344457317516,224050.0937720688,31990.53217595136,28.68680115996562,14.20672,4.75136,0.13594360970513308,25,17.934255290834134,34.97275431678281,32911.02765585347,0.010810230833192744,23.147519999999922,6475.746344176321,17.93606,62.941372,28.274523,4790.5396,72.59632,0.9544557547322532,50.53074,6.738905906677246,8.77056,1.3312,169.42955,0.046275556,1.4696217,3555.575,31990.53217595136,29.96456,12.54016,3.7696,0.2400718725056943,3130,18.810911,34.97275431678281,66269.6709393061,0.2394613,18.89407999999998,6598.874,,,,,,,,,,,,,,,,,,,,,,,,,,,,,,,,,,,,,,,,,,,,,,,,,,,,,,,,,,,,,,,,,,,,,,,,,,,,,,,,,,,,,,,,,,,,,,,,,,,,,,,,,,,,,,,,,,,,,,,,,,,,,,,,,,,,,,,,,,,,,,,,,,,,,,,,,,,,
H0_20ft_32kHz_epoch_81,H0,20FT,False,0,False,0.039596401749999996,False,TOO_EARLY,False,,,,,,,,,,,,,,,,,11.17001467760379,4.836114141529004,4291357634542.0776,429.1357634542078,5.168709005126909,0.8031392381602129,23.378434265531524,4.7308676946162205,1.64864,1.03936,0.0,0.06552276710069747,1.0888921198233994,6263445.342157863,31984.110814535365,24.397080193336222,10.04672,8.39808,0,0,15.407372106565557,25.037885898203967,32080.681107429788,0.0004630279512815015,0,8302.571551784737,12.560167,5.4781475,19231763000000.0,1923.1763,22.522514,0.8027230949461259,23.863289,4.762538433074951,,1.35936,0.0,0.05436648,1.2417135,4686.389,31984.110814535365,27.16122,,4.5785599999999995,0,0,18.71129,25.037885898203967,60769.02407976351,0.21011375,0,8538.906,,,,,,,,,,,,,,,,,,,,,,,,,,,,,,,,,,,,,,,,,,,,,,,,,,,,,,,,,,,,,,,,,,,,,,,,,,,,,,,,,,,,,,,,,,,,,,,,,,,,,,,,,,,,,,,,,,,,,,,,,,,,,,,,,,,,,,,,,,,,,,,,,,,,,,,,,,,,
H0_20ft_32kHz_epoch_82,H0,20FT,False,0,False,0.021412721750000002,False,TOO_EARLY,False,,,,,,,,,,,,,,,,,12.18281147678923,5.606689542630529,20.151757502677363,1733.0075872170555,19.137675869416512,0.7963267753145508,22.140384997507827,4.506451065367184,3.1296000000000004,1.25568,85.9978385004282,0.07008653564534402,1.1693559342446487,11968356.564183222,32044.580978077298,24.427011483247398,11.49056,8.36096,0.1646884064916843,32,11.17236568547365,77.8938618873799,32047.0198992115,0.00030750838226719886,19.562240000000063,9055.475696432484,13.497768,6.2260914,6.8549,3347.734,36.210777,0.7965565499638761,22.97308,4.5734124183654785,6.86208,1.1430399999999998,488.37094,0.051754147,1.3090677,5391.886,32044.580978077298,27.837,11.43936,4.57728,0.44947668099168253,2986,16.683773,77.8938618873799,61368.00952637583,0.2066333,17.489920000000048,9245.131,,,,,,,,,,,,,,,,,,,,,,,,,,,,,,,,,,,,,,,,,,,,,,,,,,,,,,,,,,,,,,,,,,,,,,,,,,,,,,,,,,,,,,,,,,,,,,,,,,,,,,,,,,,,,,,,,,,,,,,,,,,,,,,,,,,,,,,,,,,,,,,,,,,,,,,,,,,,
H0_20ft_32kHz_epoch_83,H0,20FT,True,0,False,0.39326680175,True,VALID,False,,,,,,,,,,,,,,,,,13.111733903413754,1181.0208554841372,1.1703540548618205,1369.7964654122886,35.35765292684289,0.9913679470913729,36.65341647740026,5.8195535505168055,3.65184,4.5120000000000005,1170.412030207302,0.04623116845994689,0.8731145609604699,9146083.103712276,32046.705529280876,25.51177303433887,8.60288,4.95104,0.7728687608281564,17,15.019190775427935,125.18942949102347,32022.064664780657,0.00024936194111507343,16.54015999999997,3874.1159325434996,14.802315,124.76471,1.1815063,1406.2483,35.25008,0.975286946704533,37.835224,5.898987770080566,3.6672,2.16192,1190.2166,0.047048848,1.0002428,2602.3623,32046.705529280876,26.476887,8.53248,4.865279999999999,0.6992199646153544,2970,15.016178,125.18942949102347,69611.05001673703,0.25831172,16.552960000000006,3989.348,,,,,,,,,,,,,,,,,,,,,,,,,,,,,,,,,,,,,,,,,,,,,,,,,,,,,,,,,,,,,,,,,,,,,,,,,,,,,,,,,,,,,,,,,,,,,,,,,,,,,,,,,,,,,,,,,,,,,,,,,,,,,,,,,,,,,,,,,,,,,,,,,,,,,,,,,,,,
H0_20ft_32kHz_epoch_84,H0,20FT,True,0,False,0.39821016175,True,VALID,False,,,,,,,,,,,,,,,,,13.443114461701509,2179.955236735774,77.49551076590454,4768.899115610834,68.30083117694464,0.9934642581536107,42.67073850199573,6.279232532311632,9.39392,4.096,61.53774674779281,0.05857936185472531,1.2017683641096593,11689689.448273646,31985.899234956665,26.209103614843198,14.48192,5.088,0.11089439142105308,33,16.124282510399823,32.19156758340614,32021.30220901821,0.00028496229524452657,27.52768,6982.197776270307,14.294712,175.81721,3.6708496,3919.3252,55.311626,0.9824559053844779,43.59161,6.340444564819336,2.21312,2.0288,1067.6888,0.05716235,1.2873534,4292.3374,31985.899234956665,26.972046,6.30144,4.08832,0.48866887370182505,3081,19.093828,32.19156758340614,66359.09359012918,0.23859473,16.696319999999986,7085.8975,,,,,,,,,,,,,,,,,,,,,,,,,,,,,,,,,,,,,,,,,,,,,,,,,,,,,,,,,,,,,,,,,,,,,,,,,,,,,,,,,,,,,,,,,,,,,,,,,,,,,,,,,,,,,,,,,,,,,,,,,,,,,,,,,,,,,,,,,,,,,,,,,,,,,,,,,,,,
H0_20ft_32kHz_epoch_85,H0,20FT,False,0,False,0.00021592174999999998,False,TOO_EARLY,False,,,,,,,,,,,,,,,,,12.406650714201758,5.803871639042417,2.3746993755574097,2395.028906956507,20.325866428883156,0.7977041405382833,30.181563582779674,5.18458740930349,3.8182400000000003,4.2752,1008.5608863202265,0.07269848595682718,1.3584040485098963,35489.6317139811,31982.583822697547,25.395191729521173,8.692480000000002,4.87424,0.4585287343740324,31,13.47529373015163,25.43473041220568,39689.642950832014,0.07232768998345371,16.686080000000047,11783.157757807257,13.918334,6.5107713,450.82376,5008.479,41.79317,0.7978131971125868,30.982277,5.244152545928955,4.22016,1.34144,11.109616,0.7450071,1.5368485,5949.894,31982.583822697547,6.231783,,,0.013764394078662614,24866,-11.135732,25.43473041220568,61208.7163769752,0.21649806,91.6096,11983.965,,,,,,,,,,,,,,,,,,,,,,,,,,,,,,,,,,,,,,,,,,,,,,,,,,,,,,,,,,,,,,,,,,,,,,,,,,,,,,,,,,,,,,,,,,,,,,,,,,,,,,,,,,,,,,,,,,,,,,,,,,,,,,,,,,,,,,,,,,,,,,,,,,,,,,,,,,,,
H0_20ft_32kHz_epoch_86,H0,20FT,False,0,False,0.006395761749999999,False,TOO_EARLY,False,,,,,,,,,,,,,,,,,11.976148967729735,5.343290463901716,41.29596917441683,3764.3535646774044,36.10789326391359,0.7962870139427546,21.150963191611403,4.431181225875747,8.26496,2.64064,91.15547206978546,0.3319294421851408,1.2334026684537405,12355596.969567716,31992.121846602124,11.376234633835116,12.97664,4.71168,0.14226157126895853,24,0.5038449398099921,19.07604780915426,32064.603173530668,0.0003577561881397529,23.11552,10425.292711384749,13.837403,6.181013,35.35812,3907.165,36.858124,0.7964532799165643,21.929728,4.489552021026611,8.33536,1.3248,110.502625,0.32331675,1.437019,6895.1675,31992.121846602124,12.857521,12.903680000000001,4.56832,0.24971761791297903,3450,0.91741115,19.07604780915426,61081.795319487406,0.20605981,19.357440000000004,10600.554,,,,,,,,,,,,,,,,,,,,,,,,,,,,,,,,,,,,,,,,,,,,,,,,,,,,,,,,,,,,,,,,,,,,,,,,,,,,,,,,,,,,,,,,,,,,,,,,,,,,,,,,,,,,,,,,,,,,,,,,,,,,,,,,,,,,,,,,,,,,,,,,,,,,,,,,,,,,
H0_20ft_32kHz_epoch_87,H0,20FT,False,0,False,0.027656561750000003,False,TOO_EARLY,False,,,,,,,,,,,,,,,,,11.333526121724288,5.2951274774228425,84.3470383505946,5134.388783060552,36.436353227263375,0.7966704036970029,22.72263217106666,4.609474949874667,9.18272,1.8496000000000001,60.87218808692081,0.1699637654003995,1.3208228469239,10936012.553204263,31991.97650927793,17.801673297636004,14.03008,4.84736,0.10613744403066352,30,7.3300865421216415,19.57801132705208,32050.868517915635,0.0004729440656080693,25.223679999999998,14091.39040626801,12.715579,5.946031,29.595695,5004.546,35.069695,0.7968007473432634,23.351337,4.662179946899414,8.416,1.1033600000000001,169.09709,0.17578192,1.4912661,8002.921,31991.97650927793,18.478828,12.471039999999999,4.05504,0.27693529241872294,2961,7.439518,19.57801132705208,60865.01011041404,0.20248605,18.71104,14270.286,,,,,,,,,,,,,,,,,,,,,,,,,,,,,,,,,,,,,,,,,,,,,,,,,,,,,,,,,,,,,,,,,,,,,,,,,,,,,,,,,,,,,,,,,,,,,,,,,,,,,,,,,,,,,,,,,,,,,,,,,,,,,,,,,,,,,,,,,,,,,,,,,,,,,,,,,,,,
H0_20ft_32kHz_epoch_88,H0,20FT,True,0,False,0.39299672175,True,VALID,False,,,,,,,,,,,,,,,,,14.864939827902944,139.6369447294829,3.6298845924160275,3021.184814140481,48.23429353105823,0.9852613029457125,47.586270014214975,6.55716769136878,3.72992,4.41088,832.3087793072884,0.062308383585120045,1.2586316218117213,4242059190.7768846,31987.687655377966,26.07148501435633,8.668159999999999,4.93824,0.44000359039443304,18,15.828158886330135,25.037885898207605,32022.453086746304,8.256405854885274e-07,16.70912000000002,6263.561862256947,40.007862,13.341914,494.11932,93632.01,78.61641,0.8250215762901358,112.54552,9.597929954528809,5.0112000000000005,,189.4927,1e-10,14.77154,3307.1328,3.5768408426006895,207.62296,,,0.005735251026335841,17348,96.8011,139.49679286142688,38203.22424015154,0.22805165,75.24864000000001,119099.83,,,,,,,,,,,,,,,,,,,,,,,,,,,,,,,,,,,,,,,,,,,,,,,,,,,,,,,,,,,,,,,,,,,,,,,,,,,,,,,,,,,,,,,,,,,,,,,,,,,,,,,,,,,,,,,,,,,,,,,,,,,,,,,,,,,,,,,,,,,,,,,,,,,,,,,,,,,,
H0_20ft_32kHz_epoch_89,H0,20FT,True,0,False,0.42010072175,True,VALID,False,,,,,,,,,,,,,,,,,14.1512770827374,1945.0991413921752,72.55842588858808,4547.984218707728,61.811979882548584,0.9932270212505028,44.10011783913185,6.314642593361932,10.22464,4.3072,62.68030436167132,0.06438285443114744,1.298654364363677,6922415.249243225,31987.687655377966,26.09428887943612,15.22944,5.0048,0.12192422158254884,23,14.8799193707465,30.403147162105597,32053.514732845248,0.00048418172701391037,27.525120000000015,7357.771466549807,15.457772,190.54909,60.932545,4682.4707,62.745995,0.9814782584789762,45.125473,6.380030155181885,9.68192,2.0288,76.846794,0.0638658,1.4286188,4433.6724,31987.687655377966,26.922922,14.55744,4.875520000000001,0.11863487006934091,4948,15.266751,30.403147162105597,66094.58658604648,0.23609836,27.59935999999996,7462.581,,,,,,,,,,,,,,,,,,,,,,,,,,,,,,,,,,,,,,,,,,,,,,,,,,,,,,,,,,,,,,,,,,,,,,,,,,,,,,,,,,,,,,,,,,,,,,,,,,,,,,,,,,,,,,,,,,,,,,,,,,,,,,,,,,,,,,,,,,,,,,,,,,,,,,,,,,,,
H0_20ft_32kHz_epoch_9,H0,20FT,True,0,False,0.18802008174999998,True,VALID,False,,,,,,,,,,,,,,,,,15.708295060697605,1534.4712392791228,21.081654696287657,1463.8031534859324,37.40575048237335,0.993931157811987,49.6575408958282,6.693689797468399,5.043200000000001,1.2928,69.4349269339655,0.08870901164613794,1.0512983942467624,3983963.3950873725,32046.705529280876,21.454648243307922,12.8896,7.8464,0.1281043452147883,32,7.892361712836882,84.05575980111826,32079.851949102016,0.0006620576834729596,19.80543999999998,3913.310479295638,16.454441,143.29579,20.609741,1485.5398,37.10682,0.9789360954589328,51.040783,6.78800106048584,4.97664,1.22112,72.0795,0.08943158,1.1138412,2855.982,32046.705529280876,21.804516,12.84224,7.865600000000001,0.12909848391039105,5770,7.896757,84.05575980111826,72029.61801994497,0.27522677,19.767040000000012,4003.4143,,,,,,,,,,,,,,,,,,,,,,,,,,,,,,,,,,,,,,,,,,,,,,,,,,,,,,,,,,,,,,,,,,,,,,,,,,,,,,,,,,,,,,,,,,,,,,,,,,,,,,,,,,,,,,,,,,,,,,,,,,,,,,,,,,,,,,,,,,,,,,,,,,,,,,,,,,,,
H0_20ft_32kHz_epoch_90,H0,20FT,False,0,False,0.46266968175,False,TOO_LATE,False,,,,,,,,,,,,,,,,,14.133074930945234,316.80576384570657,4.922037839228945,2933.271755571495,53.56372529131136,0.989691700243373,35.88779630958067,5.689309567652618,6.49984,4.88832,595.9466081696173,0.05172225392777465,1.1189282077691736,2572022.9533457574,31989.476075799266,26.68514937740646,11.348479999999999,4.8486400000000005,0.2485791344934061,17,16.148865160351843,23.249465476907062,32100.454881813428,0.0013392791203611675,19.735040000000037,5476.228062216672,15.615222,172.03186,4.466964,2862.0786,51.35369,0.9779335606061798,36.968945,5.753912448883057,6.339840000000001,1.79968,640.72125,0.05323837,1.2471768,4296.2017,31989.476075799266,27.352983,11.21024,4.8704,0.5186887842633925,3295,15.848476,23.249465476907062,66238.29295233726,0.2439,16.838400000000032,5573.2676,,,,,,,,,,,,,,,,,,,,,,,,,,,,,,,,,,,,,,,,,,,,,,,,,,,,,,,,,,,,,,,,,,,,,,,,,,,,,,,,,,,,,,,,,,,,,,,,,,,,,,,,,,,,,,,,,,,,,,,,,,,,,,,,,,,,,,,,,,,,,,,,,,,,,,,,,,,,
H0_20ft_32kHz_epoch_91,H0,20FT,True,0,False,0.43015768175,True,VALID,False,,,,,,,,,,,,,,,,,15.690729291792891,1506.4616444947633,1.9785556966309528,2148.701289401977,49.43433318805598,0.9911124076126914,48.99610674108268,6.579379889058705,3.51872,4.05888,1085.9948461701367,0.03987729749358555,1.0434229324138564,7949280.849249142,32095.45043890171,28.348013674290726,6.98496,3.46624,0.5854279782041939,19,19.168919826503327,131.94266401331697,32050.103909563168,0.0002852317100851247,18.010880000000007,4346.5768643584815,16.527073,154.21288,1.398812,1465.8575,32.909435,0.9755693941562003,50.368546,6.6591291427612305,1.8688,1.44512,1047.9303,0.052881755,1.1125647,2931.5898,32095.45043890171,26.435543,6.73664,4.86784,0.5734733874438824,2947,15.204401,131.94266401331697,71059.51706925071,0.2724562,16.510720000000035,4454.217,,,,,,,,,,,,,,,,,,,,,,,,,,,,,,,,,,,,,,,,,,,,,,,,,,,,,,,,,,,,,,,,,,,,,,,,,,,,,,,,,,,,,,,,,,,,,,,,,,,,,,,,,,,,,,,,,,,,,,,,,,,,,,,,,,,,,,,,,,,,,,,,,,,,,,,,,,,,
H0_20ft_32kHz_epoch_92,H0,20FT,True,0,False,0.44253144175000003,True,VALID,False,,,,,,,,,,,,,,,,,13.84346445954016,1184.966586292896,57.98910006066905,5192.363700218711,72.63363474001216,0.9935716250588814,42.608225868189095,6.305134485615939,8.74624,2.2399999999999998,89.54033938758464,0.05184338574282871,1.2522275413522967,2916867.2802849878,31989.476075799266,27.658231238525545,12.9664,4.22016,0.11159725492818647,26,18.030499599432808,35.76840842600723,32105.673647215,0.0011140547823616767,27.498240000000006,7148.704204056978,15.005657,181.94102,4.604049,4451.1465,61.351566,0.9802249232110086,43.599934,6.369863510131836,2.2528,2.13632,966.7895,0.050696246,1.3674235,4667.9873,31989.476075799266,28.50569,6.31296,4.06016,0.44970512031439885,3023,20.680578,35.76840842600723,65673.86391650896,0.23296748,16.46591999999997,7255.147,,,,,,,,,,,,,,,,,,,,,,,,,,,,,,,,,,,,,,,,,,,,,,,,,,,,,,,,,,,,,,,,,,,,,,,,,,,,,,,,,,,,,,,,,,,,,,,,,,,,,,,,,,,,,,,,,,,,,,,,,,,,,,,,,,,,,,,,,,,,,,,,,,,,,,,,,,,,
H0_20ft_32kHz_epoch_93,H0,20FT,False,0,False,0.42993880175000004,False,TOO_LATE,False,,,,,,,,,,,,,,,,,13.304437122835012,1567.85771792121,1.7899445835532604,2009.2847800611269,40.492833226884315,0.9919042875730203,36.067377569498824,5.745274449929747,3.8208,2.2182399999999998,1122.5402163413742,0.051848507801394245,1.0355431289019301,16177346.43525642,31987.57612310577,26.008055114184486,9.0112,5.1904,0.7208188748611676,22,15.493180262764028,133.53592131544428,32036.88310512981,0.0001680799707646938,16.16768000000002,4962.075063512885,14.792008,165.70905,1.9673493,2250.4531,44.429535,0.9783703046585741,37.09127,5.811199188232422,3.8655999999999997,1.7753599999999998,1143.9011,0.049503632,1.1632318,3514.9944,31987.57612310577,27.372051,8.73344,4.86784,0.6560838012620753,3607,16.520596,133.53592131544428,66521.67787834215,0.2398058,16.43775999999997,5065.2188,,,,,,,,,,,,,,,,,,,,,,,,,,,,,,,,,,,,,,,,,,,,,,,,,,,,,,,,,,,,,,,,,,,,,,,,,,,,,,,,,,,,,,,,,,,,,,,,,,,,,,,,,,,,,,,,,,,,,,,,,,,,,,,,,,,,,,,,,,,,,,,,,,,,,,,,,,,,
H0_20ft_32kHz_epoch_94,H0,20FT,False,0,False,0.01455448175,False,TOO_EARLY,False,,,,,,,,,,,,,,,,,10.647504676202836,5.109894957224995,39.76992776191624,3039.537144981211,34.953226866850954,0.7979243320910319,16.751303776172616,4.009508607111953,8.6336,1.82272,76.42802780969345,0.06261833575304696,1.0305462732090382,30709304.576757107,31987.78606547134,24.313734475068777,13.61024,4.97664,0.1367969478054641,32,13.85520199040901,121.19135954082958,32029.990504427886,0.0001207530121265669,28.144639999999942,8696.012979173094,12.08184,5.8018947,1.4150586,1875.1714,21.15716,0.7980741999603971,17.325857,4.060384750366211,4.115200000000001,1.63328,1325.1545,0.06277555,1.1805502,6081.0176,31987.78606547134,25.391495,8.98048,4.865279999999999,0.6872503388560414,3001,13.54349,121.19135954082958,61595.84465544828,0.2095584,16.451839999999997,8863.059,,,,,,,,,,,,,,,,,,,,,,,,,,,,,,,,,,,,,,,,,,,,,,,,,,,,,,,,,,,,,,,,,,,,,,,,,,,,,,,,,,,,,,,,,,,,,,,,,,,,,,,,,,,,,,,,,,,,,,,,,,,,,,,,,,,,,,,,,,,,,,,,,,,,,,,,,,,,
H0_20ft_32kHz_epoch_95,H0,20FT,True,0,False,0.38599000175000003,True,VALID,False,,,,,,,,,,,,,,,,,14.714923307281385,1661.1966598977003,1.34365471581257,1634.9550830729236,35.602430597638765,0.9908191293654014,44.36932897468103,6.319253488009295,4.14592,2.08768,1216.7970415554687,0.05335536690595625,1.066831644558523,4855301.946419041,32050.282370123477,25.970568283195963,9.107199999999999,4.96128,0.7045228671707362,15,14.298702743656417,130.5546907549251,32070.39555641745,0.0004419331314244149,16.32383999999998,4592.256920743276,16.630054,159.56258,1.3902469,1711.1614,36.3726,0.9781127113217568,45.76765,6.402897357940674,4.170240000000001,1.74464,1230.8328,0.053565696,1.220329,2778.1355,32050.282370123477,27.028921,9.02912,4.85888,0.626515234844428,3051,14.492685,130.5546907549251,67407.6650544636,0.24620944,16.476160000000018,4704.534,,,,,,,,,,,,,,,,,,,,,,,,,,,,,,,,,,,,,,,,,,,,,,,,,,,,,,,,,,,,,,,,,,,,,,,,,,,,,,,,,,,,,,,,,,,,,,,,,,,,,,,,,,,,,,,,,,,,,,,,,,,,,,,,,,,,,,,,,,,,,,,,,,,,,,,,,,,,
H0_20ft_32kHz_epoch_96,H0,20FT,True,0,False,0.37638488175,True,VALID,False,,,,,,,,,,,,,,,,,14.805727956779911,2260.275583979601,4.800244988035872,3222.235456178545,64.84062668263113,0.9930527898935428,55.22542074584424,7.079681048651905,6.5088,6.43072,671.2647925697881,0.04254218277088445,1.0527575513054472,20127350.781707026,32046.17064872806,27.85942000901062,9.408,2.8992,0.5081529369210462,18,19.069777913284874,79.48353253814275,32050.750600030806,0.0001338828546205674,17.958399999999987,4969.469946596956,15.317776,156.58704,4.7637844,3261.0496,64.27125,0.9803090365736482,56.20706,7.138210773468018,6.49344,3.11168,684.55023,0.04328171,1.1005495,3017.991,32046.17064872806,28.086056,9.345279999999999,2.85184,0.5046698045662092,3180,18.999573,79.48353253814275,68799.4633412671,0.2549265,18.483200000000032,5073.8857,,,,,,,,,,,,,,,,,,,,,,,,,,,,,,,,,,,,,,,,,,,,,,,,,,,,,,,,,,,,,,,,,,,,,,,,,,,,,,,,,,,,,,,,,,,,,,,,,,,,,,,,,,,,,,,,,,,,,,,,,,,,,,,,,,,,,,,,,,,,,,,,,,,,,,,,,,,,
H0_20ft_32kHz_epoch_97,H0,20FT,True,0,False,0.34359896175000004,True,VALID,False,,,,,,,,,,,,,,,,,15.190999215132722,1918.8852910918579,20.68579255889009,3162.1045360074045,69.12463177071541,0.9920428772797234,38.87519344285345,5.94796403502135,8.18176,1.3696,152.8635911340204,0.048143737825982864,1.0663937857052082,12956945.418368677,32045.015318587844,26.877003449951722,13.02528,4.84352,0.2472240374619196,20,16.504944055194425,60.59567977041297,32062.77626696481,0.00021339464716060565,23.02976000000001,4574.497476523206,17.215157,172.05351,1.9155619,2171.6753,46.409023,0.9806679729547546,40.33977,6.030190944671631,4.6310400000000005,1.06496,1133.7014,0.049996555,1.2222689,3151.8975,32045.015318587844,27.73451,9.47968,4.8486400000000005,0.574187943492405,2913,15.918426,60.59567977041297,67614.43965027024,0.24896309,15.928319999999996,4679.425,,,,,,,,,,,,,,,,,,,,,,,,,,,,,,,,,,,,,,,,,,,,,,,,,,,,,,,,,,,,,,,,,,,,,,,,,,,,,,,,,,,,,,,,,,,,,,,,,,,,,,,,,,,,,,,,,,,,,,,,,,,,,,,,,,,,,,,,,,,,,,,,,,,,,,,,,,,,
H0_20ft_32kHz_epoch_98,H0,20FT,True,0,False,0.27765080175,True,VALID,False,,,,,,,,,,,,,,,,,13.03522493273422,1421.9284458159461,100.55943944883782,3935.255694241387,77.65073478281117,0.9927956441874739,32.45057651768779,5.583833393526196,11.9808,5.312,39.13362798957817,0.04989042486393549,0.9631452583840092,9180410.654193504,32045.015318587844,25.67228203946939,16.896,4.9152,0.13239220167550972,28,16.012655648775965,33.664266539119126,32056.29249625734,0.0002314752644676753,26.150399999999962,5067.892409837725,14.835424,147.65802,72.79868,3953.5264,76.35848,0.9817194368760304,33.529865,5.657102584838867,9.90976,1.2825600000000001,54.307663,0.051167097,1.1079577,3173.1396,32045.015318587844,26.590788,14.7776,4.86784,0.13857883816646105,5507,16.392302,33.664266539119126,67371.91458535832,0.24521725,25.300480000000015,5177.5864,,,,,,,,,,,,,,,,,,,,,,,,,,,,,,,,,,,,,,,,,,,,,,,,,,,,,,,,,,,,,,,,,,,,,,,,,,,,,,,,,,,,,,,,,,,,,,,,,,,,,,,,,,,,,,,,,,,,,,,,,,,,,,,,,,,,,,,,,,,,,,,,,,,,,,,,,,,,
H0_20ft_32kHz_epoch_99,H0,20FT,True,0,False,0.34592984175,True,VALID,False,,,,,,,,,,,,,,,,,15.627944187847639,1915.325784375568,19.968073349594324,3179.05718383946,70.03848244695972,0.9922372317049467,38.038677703002854,5.851456463643842,8.605440000000002,2.64832,159.20700651382822,0.046939114582405045,1.0928038740081736,22652892.36244238,32045.015318587844,27.336422454396427,13.505279999999999,4.89984,0.2349540065648664,19,16.585198731645434,186.8366792921115,32060.13411401088,0.0001162142363897151,22.98623999999999,4539.014942602299,17.593882,169.50299,13.747995,3143.814,67.629814,0.9802193781901819,39.558064,5.9408278465271,8.18176,1.3043200000000001,228.67435,0.048016593,1.2450321,2838.8677,32045.015318587844,28.273535,12.288,4.10624,0.29745961015640815,3298,16.753914,186.8366792921115,68493.9583601308,0.25331512,18.69951999999997,4648.562,,,,,,,,,,,,,,,,,,,,,,,,,,,,,,,,,,,,,,,,,,,,,,,,,,,,,,,,,,,,,,,,,,,,,,,,,,,,,,,,,,,,,,,,,,,,,,,,,,,,,,,,,,,,,,,,,,,,,,,,,,,,,,,,,,,,,,,,,,,,,,,,,,,,,,,,,,,,
